source_row,asset_code,name,model
2,65642,TECLADO HP,TECLADO ALFANUMERICO
3,65647,TECLADO HP,TECLADO ALFA NUMERICO
4,65662,COMPUTADOR DE ESCRITORIO HP 6300 i7/1TB/8GB,CPU CORE i7
5,65663,COMPUTADOR DE ESCRITORIO HP 6300 i7/1TB/8GB,CPU CORE i7
6,65672,"MONITOR HP 18.5"" LED LV1911","MONITOR 18.5"" LED"
7,65688,"MONITOR HP 18.5"" LED LV1911","MONITOR 18.5"" LCD"
8,65689,"MONITOR HP 18.5"" LED LV1911","MONITOR 18.5"" LED"
9,65910,TECLADO HP,TECLADO ALFANUMERICO
10,65924,CPU HP i7/500GB/8GB/PRO,CPU CORE i7
11,94214,BATERIA ACUMULADORA PARA PANEL SOLAR,BATERIA ACUMULADORA PARA PANEL SOLAR
12,94216,PANEL SOLAR POLICRISTAL,PANEL SOLAR POLICRISTAL
13,97570,BIENES SUJETOS A CONTROL/SPLITTER/CONTROL DE CARGA 20AMP 12/24V,CONTROL DE CARGA 20AMP 12/24V
14,99458,MUEBLES DE OFICINA/ESTACION DE TRABAJO/MIXTO/ESTACION DE TRABAJO 150x150,ESTACION DE TRABAJO 150x150
15,101681,BIENES SUJETOS A CONTROL/INTERCOMUNICADOR/PROGRAMADOR PICKIT3,MICROCHIP
16,531496,"EQUIPO DE INGENIERIA Y ARQUITECTURA/GPS/GPS GNSS MARCA SPECTRA/ASHTECH MODELO PROMARK 120 DE UNA FRECUENCIA PARA APLICACIONES GIS Y GEODESICAS MAS SUS ACCSESORIOS:MALETA DE TRANSPORTE,BATERIA INTERNA,MEMORIA DE 4GB,MEMORIA DE 8GB,LAPIZ OPTICO,BASE PARA TRANSFERENCIA DE DATOS,CABLE ANTENA,ANTENA ASTECH,ADAPTADOR,FLEXOMETRO,CABLE USB,BRAKET,SOPORTE GPS,ADAPTADOR ANTENA-VABLE,EXTENSION PARA ANTENA,BASTON FIJO,TRIPODE PARA BASTON,Y TRES CD",PROMARK 120
17,2263470,TELEFONO CISCO MODELO 6921,CP-6921
18,2593253,SILLA GIRATORIA SEMIEJECUTIVA CON BRAZOS,SILLA GIRATORIA SEMIEJECUTIVA CON BRAZOS
19,2593254,SILLA GIRATORIA SEMIEJECUTIVA CON BRAZOS,SILLA GIRATORIA SEMIEJECUTIVA CON BRAZOS
20,2593255,SILLA GIRATORIA SEMIEJECUTIVA CON BRAZOS,SILLA GIRATORIA SEMIEJECUTIVA CON BRAZOS
21,2593260,SILLA GIRATORIA SEMIEJECUTIVA CON BRAZOS,SILLA GIRATORIA SEMIEJECUTIVA CON BRAZOS
22,2593278,ESTACION DE TRABAJO MELAMINICO 150x150x60,ESTACION DE TRABAJO MELAMINICO 150x150x60
23,2593279,ESTACION DE TRABAJO MELAMINICO 150x150x60,ESTACION DE TRABAJO MELAMINICO 150x150x60
24,2593291,SILLA GIRATORIA SEMIEJECUTIVA CON BRAZOS,SILLA GIRATORIA SEMIEJECUTIVA CON BRAZOS
25,2684862,PROYECTOR EPSON POWERLITE S18+,
26,3183524,CHIPKIT BASIC I/O SHIELD,CHIPKIT BASIC I/O SHIELD
27,3183525,CHIPKIT BASIC I/O SHIELD,CHIPKIT BASIC I/O SHIELD
28,3183526,CHIPKIT BASIC I/O SHIELD,CHIPKIT BASIC I/O SHIELD
29,3183529,CHIPKIT MOTOR SHIELD,CHIPKIT MOTOR SHIELD
30,3183530,CHIPKIT MOTOR SHIELD,CHIPKIT MOTOR SHIELD
31,3183531,CHIPKIT MOTOR SHIELD,CHIPKIT MOTOR SHIELD
32,3183532,CHIPKIT MOTOR SHIELD,CHIPKIT MOTOR SHIELD
33,3183533,CHIPKIT MOTOR SHIELD,CHIPKIT MOTOR SHIELD
34,3183534,CHIPKIT UC32,CHIPKIT UC32
35,3183535,CHIPKIT UC32,CHIPKIT UC32
36,3183536,CHIPKIT UC32,CHIPKIT UC32
37,3183537,CHIPKIT UC32,CHIPKIT UC32
38,3183538,CHIPKIT UC32,CHIPKIT UC32
39,3183539,CHIPKIT UC32,CHIPKIT UC32
40,3183540,PICKIT 3,PICKIT 3
41,3183541,PICKIT 3,PICKIT 3
42,3183542,PICKIT 3,PICKIT 3
43,3183543,PICKIT 3,PICKIT 3
44,3183544,PICKIT 3,PICKIT 3
45,3183545,PICKIT 3,PICKIT 3
46,3183547,MPLAG ICD3,MPLAG ICD3
47,3183548,MPLAG ICD3,MPLAG ICD3
48,3183549,MPLAG ICD3,MPLAG ICD3
49,3183550,MPLAG ICD3,MPLAG ICD3
50,3183551,MPLAG ICD3,MPLAG ICD3
51,3183552,MPLAG ICD3,MPLAG ICD3
52,3183555,SISTEMA DE ENSEÑANZA PARA ELECTRONICA DE POTENCIA CONTIENE VARIOS COMPENENTES QUE SE ENCUENTRAN DETALLADOS EN LA ACTA ENTREGA RECEPCION CON FECHA 25 DE NOVIEMBRE DEL 2014,SISTEMA DE ENSEÑANZA PARA ELECTRONICA DE POTENCIA PE-5000
53,3183560,PROGRAMADOR UNIVERSAL SUPERPRO M,PROGRAMADOR UNIVERSAL SUPERPRO M
54,3183561,PROGRAMADOR UNIVERSAL SUPERPRO M,PROGRAMADOR UNIVERSAL SUPERPRO M
55,3188965,MOTOR SCHRAGE,MOTOR SCHRAGE DL2131
56,3188969,FILTROS ACTIVOS,FILTROS ACTIVOS DL2155FIL
57,3188972,BASE UNIVERSAL,BASE UNIVERSAL DL1158
58,3188976,CONTROL DE VELOCIDAD DE LOS MOTORES C.A.,CONTROL DE VELOCIDAD DE LOS MOTORES C.A. DL3309
59,3188977,MODULO DE ALIMENTACION CC +/-5V Y +/-15 V 1A,MODULO DE ALIMENTACION CC +/-5V Y +/-15 V 1A DL2555ALG
60,3188978,MODULO DE ALIMENTACION CC +/-5V Y +/-15 V 1A,MODULO DE ALIMENTACION CC +/-5V Y +/-15 V 1A DL2555ALG
61,3188981,LINEAS DE TRANSMISION,LINEAS DE TRANSMISION DL2597
62,3188983,"LABORATORIO NEW ENERGY LAB MODELO 880 INCL. 3 TANQUES DE ALMACENAMIENTO DE HIDROGENO CELDA DE COMBUSTIBLE, GENERADOR DE HIDROGENO, CARGA ELECTRONICA, COMPUTADOR COMPLETO OTROS COMPONENTES CON SERIES 026121 / 026122 / 031640",LABORATORIO NEW ENERGY LAB MODELO 880
63,3188984,OSCILADORES DE CUARZO,OSCILADORES DE CUARZO DL2155OSX
64,3188991,EQUIPOS DE PRENSA; RADIO Y TELEVISION/RADIOS/RADIO TRANSMISOR - RECEPTOR/RECEPTOR FM ESTEREO,RECEPTOR FM ESTEREO DL2512A
65,3188992,TRANSFORMADOR TRIFASICO,TRANSFORMADOR TRIFASICO DL30100
66,3188993,TRANSFORMADOR MONOFASICO,TRANSFORMADOR MONOFASICO DL30103
67,3188994,TRANSFORMADOR MONOFASICO,TRANSFORMADOR MONOFASICO DL30103
68,3188995,TRANSFORMADOR MONOFASICO,TRANSFORMADOR MONOFASICO DL30103
69,3188996,ALIMENTADOR PARA FRENOS,ALIMENTADOR PARA FRENOS DL1054
70,3188997,ALIMENTADOR MOVIL,ALIMENTADOR MOVIL DL1059
71,3188998,ALIMENTADOR MOVIL,ALIMENTADOR MOVIL DL1059
72,3188999,MOTOR CC,MOTOR CC DL30200
73,3189000,MOTOR DE VELOCIDADES,MOTOR DE VELOCIDADES DL2051
74,3189001,MOTOR DE VELOCIDADES,MOTOR DE VELOCIDADES DL2051
75,3189002,FRENO ELECTROMAGNETICO,FRENO ELECTROMAGNETICO DL 2006UM
76,3189003,ACCIONAMIENTO DIDACTICO 1 KW DE PUENTE MONOFASICO TOTALMENTE CONTROLADO,ACCIONAMIENTO DIDACTICO 1 KW DE PUENTE MONOFASICO TOTALMENTE CONTROLADO DL2308A
77,3189008,OSCILADORES EN ALTA FRECUENCIA,OSCILADORES EN ALTA FRECUENCIA DL2155OSA
78,3189009,ALTERNADOR MOTOR ASINCRONO,ALTERNADOR MOTOR ASINCRONO DL2066A
79,3189010,MOTOR DE ANILLOS,MOTOR DE ANILLOS DL2053A
80,3189013,CONTROL DE VELOCIDAD DE LOS MOTORES C.A.,CONTROL DE VELOCIDAD DE LOS MOTORES C.A. DL2309A1
81,3189014,FRENO CON CORRIENTE PARÀSITAS,FRENO CON CORRIENTE PARÀSITAS DL30300
82,3189015,VOLANTE,VOLANTE DL10410
83,3189016,BASAMENTO UNIVERSAL,BASAMENTO UNIVERSAL DL10400
84,3189018,MOTOR ASINCRONO TRIFASICO A JAULA,MOTOR ASINCRONO TRIFASICO A JAULA DL30115
85,3189019,MANUFACTURA CON PC INTEGRADO-VICION C,MANUFACTURA CON PC INTEGRADO-VICION C DL CIM C
86,3189020,ACCIONAMIENTO PUENTE MONOFASICO Y SEMICONTROLADO,ACCIONAMIENTO PUENTE MONOFASICO Y SEMICONTROLADO DL3315
87,3189022,BASAMENTO UNIVERSAL,BASAMENTO UNIVERSALDL1013B
88,3189023,MODULO DE ALIMENTACION EN CC,MODULO DE ALIMENTACION EN CC DL2555ALE
89,3189024,MODULO DE ALIMENTACION EN CC,MODULO DE ALIMENTACION EN CC DL 2555ALE
90,4916562,MULTIMETRO DIGITAL SERIE:124450151 MARCA:METREL MODELO:MD 9060,MD 9060
91,4916563,MULTIMETRO DIGITAL SERIE:124450149 MARCA:METREL MODELO:MD 9060,MD 9060
92,4916564,MULTIMETRO DIGITAL SERIE:124450156 MARCA:METREL MODELO:MD 9060,MD 9060
93,4916565,MULTIMETRO DIGITAL SERIE:124450160 MARCA:METREL MODELO:MD 9060,MD 9060
94,4916566,MULTIMETRO DIGITAL SERIE:124450158 MARCA:METREL MODELO:MD 9060,MD 9060
95,4916567,MULTIMETRO DIGITAL SERIE:124450196 MARCA:METREL MODELO:MD 9060,MD 9060
96,4916568,PROBADOR DE AISLAMENTO DE 10KV SERIE:14080879 MARCA:METREL SI MODELO:MI 3210,MI 3210
97,4916569,CAMARA TERMOGRAFICA SERIE:B130068Y MARCA:GUIDE INFRARED MODELO:BRITIR B1,BRITIR B1
98,4916570,KIT COMPROBADOR AVANZADO DE RESISTENCIA DE TIERRA GEO SERIE:152905NADV MARCA:AEMC MODELO:6472 KIT 300FT,6472 KIT 300FT
99,4916571,ANENOMETRO SERIE:14100250 MARCA:METREL MODELO:MI6401,MI6401
100,4916572,MAQUINARIA Y EQUIPO PARA LA CONSTRUCCION; INDUSTRIA Y MINERIA/PINZA AMPERIMETRICA/PINZA AMPERIMETRICA SERIE:145353MGDV MARCA:AEMC MODELO:SR 182 ADICIONAL UNA PINZA AMPERIMETRICA SERIE:145348MGDV,SR 182
101,4916573,MULTIMETRO DIGITAL SERIE:27690162WS MARCA: FLUKE MODELO:381,381
102,4916574,ANALIZADOR TRIFASICO Y DE CALIDAD DE LA ENERGIA ELECTRICA SERIE:29583135 MARCA:FLUKE MODELO 435 SERIES II,435 SERIES II
103,4916575,ANALIZADOR TRIFASICO Y DE CALIDAD DE LA ENERGIA ELECTRICA SERIE:29593108 MARCA:FLUKE MODELO 435 SERIES II,435 SERIES II
104,4916576,OSCILOSCOPIO SERIE:122443LDDV MARCA:AEMC MODELO:OX5042,OX5042
105,4916577,OSCILOSCOPIO SERIE:122444LDDV MARCA:AEMC MODELO:OX5042,OX5042
106,4939590,"FUENTE DE PODER MARCA QUAD POWER, MODELO XP-581, SERIE 277339",XP-581
107,5840967,"VOLTAMPERIMETRO TRIFASICO MARCA ETCR, MODELO ETCR 4700 AUTO THREE PHASE DIGITAL PHASE VA METER SERIE 47150019",ETCR 4700 AUTO THREE PHASE DIGITAL PHASE VA METER
108,5840968,"VOLTAMPERIMETRO TRIFASICO MARCA ETCR, MODELO ETCR 4700 AUTO THREE PHASE DIGITAL PHASE VA METER, SERIE 47150018",ETCR 4700 AUTO THREE PHASE DIGITAL PHASE VA METER
109,5840969,"VOLTAMPERIMETRO TRIFASICO MARCA ETCR, MODELO ETCR 4700 AUTO THREE PHASE DIGITAL PHASE VA METER, SERIE 47150017",ETCR 4700 AUTO THREE PHASE DIGITAL PHASE VA METER
110,5840970,"VOLTAMPERIMETRO TRIFASICO MARCA ETCR, MODELO ETCR 4700 AUTO THREE PHASE DIGITAL PHASE VA METER, SERIE 47150016",ETCR 4700 AUTO THREE PHASE DIGITAL PHASE VA METER
111,5840971,"VOLTAMPERIMETRO TRIFASICO MARCA ETCR, MODELO ETCR 4700 AUTO THREE PHASE DIGITAL PHASE VA METER, SERIE 47150015",ETCR 4700 AUTO THREE PHASE DIGITAL PHASE VA METER
112,5840973,"VOLTAMPERIMETRO MONOFASICO MARCA ETCR, MODELO ETCR 4200A AUTO DOUBLE CLAMP DIGITAL PHASE VA METER, SERIE 42240006",ETCR 4200A AUTO DOUBLE CLAMP DIGITAL PHASE VA METER
113,5840974,"VOLTAMPERIMETRO MONOFASICO MARCA ETCR, MODELO ETCR 4200A AUTO DOUBLE CLAMP DIGITAL PHASE VA METER, SERIE 42240005",ETCR 4200A AUTO DOUBLE CLAMP DIGITAL PHASE VA METER
114,5840975,"VOLTAMPERIMETRO MONOFASICO MARCA ETCR, MODELO ETCR 4200A AUTO DOUBLE CLAMP DIGITAL PHASE VA METER, SERIE 42240004",ETCR 4200A AUTO DOUBLE CLAMP DIGITAL PHASE VA METER
115,5840976,"VOLTAMPERIMETRO MONOFASICO MARCA ETCR, MODELO ETCR 4200A AUTO DOUBLE CLAMP DIGITAL PHASE VA METER, SERIE 42240002",ETCR 4200A AUTO DOUBLE CLAMP DIGITAL PHASE VA METER
116,5840977,"VOLTAMPERIMETRO MONOFASICO MARCA ETCR, MODELO ETCR 4200A AUTO DOUBLE CLAMP DIGITAL PHASE VA METER, SERIE 42240001",ETCR 4200A AUTO DOUBLE CLAMP DIGITAL PHASE VA METER
117,8782681,VOLTIMETRO DIGITAL PARA PICOS SERIE:331 MODELO:HV9150 MARCA:TERCO,HV9150
118,8782682,OSILOSCOPIO DIGITAL 100MHZ SERIE:SN 023506912 MODELO:HMO 1202 SERIES MARCA:ROHDE&SCHWARZ,HMO 1202
119,8782683,OSILOSCOPIO DIGITAL 100MHZ SERIE:SN 023506908 MODELO:HMO 1202 SERIES MARCA:ROHDE&SCHWARZ,HMO 1202
120,8782684,OSILOSCOPIO DIGITAL 100MHZ SERIE:SN 023506911 MODELO:HMO 1202 SERIES MARCA:ROHDE&SCHWARZ,HMO 1202
121,8782685,OSILOSCOPIO DIGITAL 100MHZ SERIE:SN 023506909 MODELO:HMO 1202 SERIES MARCA:ROHDE&SCHWARZ,HMO 1202
122,8782686,OSILOSCOPIO DIGITAL 100MHZ SERIE:SN 023506910 MODELO:HMO 1202 SERIES MARCA:ROHDE&SCHWARZ,HMO 1202
123,8782687,OSILOSCOPIO DIGITAL 100MHZ SERIE:SN 023506907 MODELO:HMO 1202 SERIES MARCA:ROHDE&SCHWARZ,HMO 1202
124,8782688,GENERADOR DE FUNCIONES ARBITRARIAS 25MHZ SERIE:SN 024060782 MODELO:HMF2525 MARCA:ROHDE&SCHWARZ,HMF2525
125,8782689,GENERADOR DE FUNCIONES ARBITRARIAS 25MHZ SERIE:SN 024060783 MODELO:HMF2525 MARCA:ROHDE&SCHWARZ,HMF2525
126,8782690,GENERADOR DE FUNCIONES ARBITRARIAS 25MHZ SERIE:SN 024060784 MODELO:HMF2525 MARCA:ROHDE&SCHWARZ,HMF2525
127,8782691,SINTETIZADOR DE RADIO FRECUENCIA 1HZ-1.2GHZ SERIE:SN 023768642 MODELO:HM8134 -3X MARCA:ROHDE&SCHWARZ,HM8134 -3X
128,8782692,SINTETIZADOR DE RADIO FRECUENCIA 1HZ-1.2GHZ SERIE:SN 023051190 MODELO:HM8134 -3X MARCA:ROHDE&SCHWARZ,HM8134 -3X
129,8782693,UNIDAD BASE GENERADORA DE SEÑALES SMC100A SERIE:105969 MODELO:SMC100A MARCA:ROHDE&SCHWARZ,SMC100A
130,8782694,GENERADOR DE SEÑALES SMB100A SERIE:110757-Ky MODELO:SMB100A MARCA:ROHDE&SCHWARZ,SMB100A
131,10963865,CILINDRO DE NITROGENO 6M3,
132,11048093,EXTINTOR DE 20 LBS POLVO QUIMICO SECO,
133,19291340,"COMPRESOR 2 HP, 25LTS/115PSI/110V MARCA BP, MODELO CB-25D, SERIE 2017060429",CB-25D
134,19766637,SILLA SIN BRAZOS TAPIZADA EN CUERINA NEGRA,S/M
135,19766638,SILLA SIN BRAZOS TAPIZADA EN CUERINA NEGRA,S/M
136,19766639,SILLA SIN BRAZOS TAPIZADA EN CUERINA NEGRA,S/M
137,19766640,SILLA SIN BRAZOS TAPIZADA EN CUERINA NEGRA,S/M
138,19766641,SILLA SIN BRAZOS TAPIZADA EN CUERINA NEGRA,S/M
139,19766642,SILLA SIN BRAZOS TAPIZADA EN CUERINA NEGRA,S/M
140,19766644,SILLA SIN BRAZOS TAPIZADA EN CUERINA NEGRA,S/M
141,19766645,SILLA SIN BRAZOS TAPIZADA EN CUERINA NEGRA,S/M
142,19766646,SILLA SIN BRAZOS TAPIZADA EN CUERINA NEGRA,S/M
143,19766647,SILLA SIN BRAZOS TAPIZADA EN CUERINA NEGRA,S/M
144,19766648,SILLA SIN BRAZOS TAPIZADA EN CUERINA NEGRA,S/M
145,19766649,SILLA SIN BRAZOS TAPIZADA EN CUERINA NEGRA,S/M
146,19766650,SILLA SIN BRAZOS TAPIZADA EN CUERINA NEGRA,S/M
147,19766651,SILLA SIN BRAZOS TAPIZADA EN CUERINA NEGRA,S/M
148,19766652,SILLA SIN BRAZOS TAPIZADA EN CUERINA NEGRA,S/M
149,19766653,SILLA SIN BRAZOS TAPIZADA EN CUERINA NEGRA,S/M
150,19766654,SILLA SIN BRAZOS TAPIZADA EN CUERINA NEGRA,S/M
151,19766655,SILLA SIN BRAZOS TAPIZADA EN CUERINA NEGRA,S/M
152,19766656,SILLA SIN BRAZOS TAPIZADA EN CUERINA NEGRA,S/M
153,19766657,SILLA SIN BRAZOS TAPIZADA EN CUERINA NEGRA,S/M
154,19766685,MESA INTELIGENTE CON SET SOCKETS DE CONSOLA DE ADMINISTRACION DE EQUIPOS DE COMUNICACIONES DIMENSIONES 2.10M X 60CM X 75CM,S/M
155,19766686,MESA INTELIGENTE CON SET SOCKETS DE CONSOLA DE ADMINISTRACION DE EQUIPOS DE COMUNICACIONES DIMENSIONES 2.10M X 60CM X 75CM,S/M
156,19766687,MESA INTELIGENTE CON SET SOCKETS DE CONSOLA DE ADMINISTRACION DE EQUIPOS DE COMUNICACIONES DIMENSIONES 2.10M X 60CM X 75CM,S/M
157,19766688,MESA INTELIGENTE CON SET SOCKETS DE CONSOLA DE ADMINISTRACION DE EQUIPOS DE COMUNICACIONES DIMENSIONES 2.10M X 60CM X 75CM,S/M
158,19766689,MESA INTELIGENTE CON SET SOCKETS DE CONSOLA DE ADMINISTRACION DE EQUIPOS DE COMUNICACIONES DIMENSIONES 2.10M X 60CM X 75CM,S/M
159,19766690,MESA INTELIGENTE CON SET SOCKETS DE CONSOLA DE ADMINISTRACION DE EQUIPOS DE COMUNICACIONES DIMENSIONES 2.10M X 60CM X 75CM,S/M
160,19766691,MESA INTELIGENTE CON SET SOCKETS DE CONSOLA DE ADMINISTRACION DE EQUIPOS DE COMUNICACIONES DIMENSIONES 2.10M X 60CM X 75CM,S/M
161,22359616,"ANALIZADOR DE BATERIA MARCA FLUKE, MODELO BT521, SERIE 40930127WS",BT521
162,22604048,"MEDIDOR DE AISLAMIENTO MEGOHMETRO MARCA AEMC INSTRUMENTS, MODELO 6550 10KV, SERIE NO. 193870QKDV",6550 10KV
163,23560722,"MEDIDOR DE RESISTENCIA DE CONTACTOS (MICRO-OHMIMETRO) MARCA AEMC, MODELO 6292, SERIE NO. 100047QLTH",6292
164,23762242,"ANALIZADOR VECTORIAL DE REDES 400MHZ TO 6GHZ 2/3 MARCA MEGIQ, MODELO VNA0460E, SERIE NO. 00002641. INCLUYE KIT DE CALIBRACION",VNA0460E
165,23762243,"TARJETA DE ENSEÑANZA MARCA MEGIQ, MODELO VNA SANDBOX, SERIE NO. E1005565",VNA SANDBOX
166,24546597,FUENTE DE PODER REGULABLE MODELO 305D,305D
167,24546598,"FUENTE DE PODER REGULABLE MARCA LONG WEI, MODELO PS-305DM, SERIE 170803800",PS-305DM
168,24546599,"FUENTE DE PODER REGULABLE MARCA LONG WEI, MODELO PS-305DM, SERIE 170804264",PS-305DM
169,24546600,"FUENTE DE PODER REGULABLE MARCA LONG WEI, MODELO PS-305DM, SERIE 170804173",PS-305DM
170,24546601,"OSCILOSCOPIO PORTATIL MACA AIIOSUN, MODELO EM125, SERIE 16257221",EM125
171,24546602,"FUENTE DE PODER REGULABLE MARCA HYELEC, MODELO HY3003, SERIE 310670",HY3003
172,24546603,"FUENTE DE PODER REGULABLE MARCA HYELEC, MODELO HY3003, SERIE 310661",HY3003
173,24546604,"FUENTE DE PODER REGULABLE MARCA HYELEC, MODELO HY3003, SERIE 310655",HY3003
174,24546605,"FUENTE DE PODER REGULABLE MARCA HYELEC, MODELO HY3003, SERIE 310665",HY3003
175,24546606,"FUENTE DE PODER REGULABLE MARCA HYELEC, MODELO HY3003, SERIE 310669",HY3003
176,24558480,"FUENTE DE VOLTAJE MARCA MIYAKO USA, MODELO DVP212S",DVP212S
177,24558481,"FUENTE DE VOLTAJE MARCA MIYAKO USA, MODELO DVP212S",DVP212S
178,24558482,"FUENTE DE VOLTAJE MARCA MIYAKO USA, MODELO DVP212S",DVP212S
179,24558483,"FUENTE DE VOLTAJE MARCA MIYAKO USA, MODELO DVP212S",DVP212S
180,24558484,"FUENTE DE VOLTAJE MARCA MIYAKO USA, MODELO DVP212S",DVP212S
181,24558485,"FUENTE DE VOLTAJE MARCA MIYAKO USA, MODELO DVP212S",DVP212S
182,24558486,GENERADOR DE FUNCIONES MODELO ICL8038,ICL8038
183,24558487,GENERADOR DE FUNCIONES MODELO ICL8038,ICL8038
184,24558488,GENERADOR DE FUNCIONES MODELO ICL8038,ICL8038
185,24558489,GENERADOR DE FUNCIONES MODELO ICL8038,ICL8038
186,24558490,GENERADOR DE FUNCIONES MODELO ICL8038,ICL8038
187,24558491,GENERADOR DE FUNCIONES MODELO ICL8038,ICL8038
188,24558492,GENERADOR DE FUNCIONES MODELO ICL8038,ICL8038
189,25213541,"EQUIPO CONTROLADOR MARCA BRAIN CHILD, MODELO BTC-9300, SERIE NO. 200256",BTC-9300
190,25213542,"EQUIPO CONTROLADOR MARCA BRAIN CHILD, MODELO BTC-9300, SERIE NO. 113523",BTC-9300
191,25315022,"MULTIMETRO DIGITAL MARCA PROSKIT, MODELO MT-5211, SERIE NO. 091261400",MT-5211
192,25315023,"MULTIMETRO DIGITAL MARCA PROSKIT, MODELO MT-5211, SERIE NO. 091261421",MT-5211
193,25315024,"MULTIMETRO DIGITAL MARCA PROSKIT, MODELO MT-5211, SERIE NO. 091261415",MT-5211
194,25315025,"MULTIMETRO DIGITAL MARCA PROSKIT, MODELO MT-5211, SERIE NO. 091261396",MT-5211
195,26014979,"MULTIMETRO DIGITAL, MARCA FLUKE, MODELO 116, SERIE 42530885WS",116
196,26014980,"KIT DE HERRAMIENTAS, MARCA FLUKE, MODELO 117, SERIE 43523451WS",117
197,26125345,"TESTER (PINZA DE RESISTENCIA DE TIERRA) MARCA AEMC, MODELO 6417, SERIE 108752RLDV",6417
198,26221313,ACCESS POINT ZONEFLEX R610 DUAL-BAND 802.11 ABGN/AC AP KIT DE MOTAJE POE LICENCIA GARANTIA 3 ANIOS,ACCESS POINT ZONEFLEX R610 ABGN/AC
199,27709526,SILLA ESTRUCTURA DE TUBO CUADRADO ASIENTO Y ESPALDAR FORRADO CON TAPIZ NEGRO,80789
200,27709728,SILLA GIRATORIA ACTIVA ESTRUCTURA METALICA Y PLASTICA ASIENTO Y ESPALDAR TAPIZADO EN YUTE VERDE 5 RUEDAS GARRUCHAS,82586
201,27709740,BIENES SUJETOS A CONTROL/ESCRITORIO/MIXTO/ESCRITORIO ESTRUCTURA DE HIERRO Y MADERA DE:150X80X73 CM.TABLERO FORRADO CON COROSIL NEGRO CON 3 GAVETAS,82755
202,27709751,BIENES SUJETOS A CONTROL/BANCA/MADERA/BANCA DE MADERA ASIENTO CON COJINES NEGROS 121.5X29X45 CM.*,82967
203,27709935,BIENES SUJETOS A CONTROL/BASURERO/PLASTICO/TACHO DE PLASTICO CON BALANCIN,92393
204,27709936,BIENES SUJETOS A CONTROL/PIZARRA/PIZARRON PORCELANIZADO PARA TIZA LIQUIDA MARCO DE ALUMINIO CON PORTATIZAS DE 2.355M X 1. 225M,92424
205,27709940,BIENES SUJETOS A CONTROL/ESCRITORIO/MADERA/ESCRITORIO DE 1.45 X 0.80 MTS.REF E 105,92987
206,27709946,SILLA APILABLE MODELO MILANO SIN BRAZOS ESTRUCTURA DE TUBO REDONDO ASIENTO Y ESPALDAR TAPIZADO EN YUTE LACRE,93005
207,27709947,PERSIANA VERTICAL PLASTICA COLOR BEIGE DE: 142 CM X 160 CM (5),93119
208,27709948,PERSIANA PLASTICA VERTICAL COLOR GRIS DE: 620 CM X 270 CM X 210 CM DE ALTO Y DE. 240 CM X 246 CM X 181 CM DE ALTO,93122
209,27710113,PERSIANA VERTICAL PLASTICARIBCORD GRIS DE: 1.40M X 1.55M,102155
210,27710114,PERSIANA VERTICAL PLASTICARIBCORD GRIS DE: 2M X 1.55M,102156
211,27710115,SILLA MILANO SIN BRAZOS ESTRUCTURA DE TUBO REDONDO ASIENTO Y ESPALDAR TAPIZADO EN YUTE LACRE,102174
212,27710116,SILLA SATURNO CON BRAZOS ESTRUCTURA DE TUBO REDONDO ASIENTO Y ESPALDAR TAPIZADO EN YUTE LACRE,102175
213,27710313,BIENES SUJETOS A CONTROL/MESA RECTANGULAR/MIXTO/MESA RECTANGULAR ESTRUCTURA METALICA Y SUPERFICIE DE MADERA DE: 85 CM X 60 CM,293728
214,27713753,SILLA ESTRUCTURA DE TUBO CUADRADO DE 1 ASIENTO Y ESPALDAR FORRADO CON COROSIL NEGRO,80680
215,27715934,SILLA ESTRUCTURA METALICA SIN BRAZOS ESPALDAR PLASTICO Y ASIENTO TAPIZADO EN DAMASCO AZUL,272332
216,27715935,SILLA ESTRUCTURA METALICA SIN BRAZOS ESPALDAR PLASTICO Y ASIENTO TAPIZADO EN DAMASCO AZUL,272333
217,27715936,SILLA ESTRUCTURA METALICA SIN BRAZOS ESPALDAR PLASTICO Y ASIENTO TAPIZADO EN DAMASCO AZUL,272334
218,27715937,SILLA ESTRUCTURA METALICA SIN BRAZOS ESPALDAR PLASTICO Y ASIENTO TAPIZADO EN DAMASCO AZUL,272335
219,27715938,SILLA ESTRUCTURA METALICA SIN BRAZOS ESPALDAR PLASTICO Y ASIENTO TAPIZADO EN DAMASCO AZUL,272336
220,27715939,SILLA ESTRUCTURA METALICA SIN BRAZOS ESPALDAR PLASTICO Y ASIENTO TAPIZADO EN DAMASCO AZUL,272337
221,27715940,SILLA ESTRUCTURA METALICA SIN BRAZOS ESPALDAR PLASTICO Y ASIENTO TAPIZADO EN DAMASCO AZUL,272338
222,27715941,SILLA ESTRUCTURA METALICA SIN BRAZOS ESPALDAR PLASTICO Y ASIENTO TAPIZADO EN DAMASCO AZUL,272339
223,27715942,SILLA ESTRUCTURA METALICA SIN BRAZOS ESPALDAR PLASTICO Y ASIENTO TAPIZADO EN DAMASCO AZUL,272340
224,27715943,SILLA ESTRUCTURA METALICA SIN BRAZOS ESPALDAR PLASTICO Y ASIENTO TAPIZADO EN DAMASCO AZUL,272341
225,27715944,SILLA ESTRUCTURA METALICA SIN BRAZOS ESPALDAR PLASTICO Y ASIENTO TAPIZADO EN DAMASCO AZUL,272342
226,27715945,SILLA ESTRUCTURA METALICA SIN BRAZOS ESPALDAR PLASTICO Y ASIENTO TAPIZADO EN DAMASCO AZUL,272343
227,27715946,SILLA ESTRUCTURA METALICA SIN BRAZOS ESPALDAR PLASTICO Y ASIENTO TAPIZADO EN DAMASCO AZUL,272344
228,27715947,SILLA ESTRUCTURA METALICA SIN BRAZOS ESPALDAR PLASTICO Y ASIENTO TAPIZADO EN DAMASCO AZUL,272345
229,27715948,SILLA ESTRUCTURA METALICA SIN BRAZOS ESPALDAR PLASTICO Y ASIENTO TAPIZADO EN DAMASCO AZUL,272346
230,27715949,SILLA ESTRUCTURA METALICA SIN BRAZOS ESPALDAR PLASTICO Y ASIENTO TAPIZADO EN DAMASCO AZUL,272347
231,27715950,SILLA ESTRUCTURA METALICA SIN BRAZOS ESPALDAR PLASTICO Y ASIENTO TAPIZADO EN DAMASCO AZUL,272348
232,27715951,SILLA ESTRUCTURA METALICA SIN BRAZOS ESPALDAR PLASTICO Y ASIENTO TAPIZADO EN DAMASCO AZUL,272349
233,27716229,PERSIANA PVC VERTICAL CORBET LLANO COLOR: BEIGE MEDIDAS: 4.16X1.52,280161
234,27716230,PERSIANA PVC VERTICAL CORBET LLANO COLOR: BEIGE MEDIDAS: 1.96X1.49,280162
235,27716682,SILLA SIN CODERAS ASIENTO Y ESPALDAR TAPIZADOS EN DAMASCO AZUL CON PORTA LIBROS EN LA PARTE INFERIOR,284265
236,27717015,SILLA APILABLE ESTRUCTURA METALICA CON CODERAS ASIENTO Y ESPALDAR TAPIZADOS EN DAMASCO COLOR VERDE,286806
237,27723351,SILLA ESTRUCTURA DE TUBO CUADRADO ASIENTO Y ESPALDAR FORRADO CON TAPIZ NEGRO,376202
238,27723353,SILLA ESTRUCTURA DE TUBO CUADRADO ASIENTO Y ESPALDAR FORRADO CON TAPIZ NEGRO,376204
239,27723375,SILLA ESTRUCTURA DE TUBO CUADRADO ASIENTO Y ESPALDAR FORRADO CON TAPIZ NEGRO,376228
240,27723515,BIENES SUJETOS A CONTROL/PAPELERA/MADERA/PAPELERA DE CEDRO DE 2 BANDEJAS DE:29X37X35 CM.DE ALTO COLOR CAFE CLARO,376998
241,27723516,BIENES SUJETOS A CONTROL/PAPELERA/MADERA/PAPELERA DE CEDRO DE 2 BANDEJAS DE:29X37X35 CM.DE ALTO COLOR CAFE CLARO,376999
242,27727477,SILLA MILANO SIN BRAZOS ESTRUCTURA DE TUBO REDONDO ASIENTO Y ESPALDAR TAPIZADO EN YUTE LACRE,443826
243,27727478,SILLA MILANO SIN BRAZOS ESTRUCTURA DE TUBO REDONDO ASIENTO Y ESPALDAR TAPIZADO EN YUTE LACRE,443827
244,27727479,SILLA MILANO SIN BRAZOS ESTRUCTURA DE TUBO REDONDO ASIENTO Y ESPALDAR TAPIZADO EN YUTE LACRE,443828
245,27727480,SILLA SATURNO CON BRAZOS ESTRUCTURA DE TUBO REDONDO ASIENTO Y ESPALDAR TAPIZADO EN YUTE LACRE,443829
246,27727899,SILLA APILABLE MODELO MILANO SIN BRAZOS ESTRUCTURA DE TUBO REDONDO ASIENTO Y ESPALDAR TAPIZADO EN YUTE LACRE,446563
247,27727900,SILLA APILABLE MODELO MILANO SIN BRAZOS ESTRUCTURA DE TUBO REDONDO ASIENTO Y ESPALDAR TAPIZADO EN YUTE LACRE,446564
248,27727901,SILLA APILABLE MODELO MILANO SIN BRAZOS ESTRUCTURA DE TUBO REDONDO ASIENTO Y ESPALDAR TAPIZADO EN YUTE LACRE,446565
249,27727902,SILLA APILABLE MODELO MILANO SIN BRAZOS ESTRUCTURA DE TUBO REDONDO ASIENTO Y ESPALDAR TAPIZADO EN YUTE LACRE,446566
250,27727903,SILLA APILABLE MODELO MILANO SIN BRAZOS ESTRUCTURA DE TUBO REDONDO ASIENTO Y ESPALDAR TAPIZADO EN YUTE LACRE,446567
251,27727904,SILLA APILABLE MODELO MILANO SIN BRAZOS ESTRUCTURA DE TUBO REDONDO ASIENTO Y ESPALDAR TAPIZADO EN YUTE LACRE,446568
252,27727905,SILLA APILABLE MODELO MILANO SIN BRAZOS ESTRUCTURA DE TUBO REDONDO ASIENTO Y ESPALDAR TAPIZADO EN YUTE LACRE,446569
253,27727906,SILLA APILABLE MODELO MILANO SIN BRAZOS ESTRUCTURA DE TUBO REDONDO ASIENTO Y ESPALDAR TAPIZADO EN YUTE LACRE,446570
254,27727907,SILLA APILABLE MODELO MILANO SIN BRAZOS ESTRUCTURA DE TUBO REDONDO ASIENTO Y ESPALDAR TAPIZADO EN YUTE LACRE,446571
255,27727908,SILLA APILABLE MODELO MILANO SIN BRAZOS ESTRUCTURA DE TUBO REDONDO ASIENTO Y ESPALDAR TAPIZADO EN YUTE LACRE,446572
256,27727909,SILLA APILABLE MODELO MILANO SIN BRAZOS ESTRUCTURA DE TUBO REDONDO ASIENTO Y ESPALDAR TAPIZADO EN YUTE LACRE,446573
257,27727910,SILLA APILABLE MODELO MILANO SIN BRAZOS ESTRUCTURA DE TUBO REDONDO ASIENTO Y ESPALDAR TAPIZADO EN YUTE LACRE,446574
258,27727911,SILLA APILABLE MODELO MILANO SIN BRAZOS ESTRUCTURA DE TUBO REDONDO ASIENTO Y ESPALDAR TAPIZADO EN YUTE LACRE,446575
259,27727912,SILLA APILABLE MODELO MILANO SIN BRAZOS ESTRUCTURA DE TUBO REDONDO ASIENTO Y ESPALDAR TAPIZADO EN YUTE LACRE,446576
260,27727913,SILLA APILABLE MODELO MILANO SIN BRAZOS ESTRUCTURA DE TUBO REDONDO ASIENTO Y ESPALDAR TAPIZADO EN YUTE LACRE,446577
261,27727914,SILLA APILABLE MODELO MILANO SIN BRAZOS ESTRUCTURA DE TUBO REDONDO ASIENTO Y ESPALDAR TAPIZADO EN YUTE LACRE,446578
262,27727915,SILLA APILABLE MODELO MILANO SIN BRAZOS ESTRUCTURA DE TUBO REDONDO ASIENTO Y ESPALDAR TAPIZADO EN YUTE LACRE,446579
263,27727916,SILLA APILABLE MODELO MILANO SIN BRAZOS ESTRUCTURA DE TUBO REDONDO ASIENTO Y ESPALDAR TAPIZADO EN YUTE LACRE,446580
264,27727917,SILLA APILABLE MODELO MILANO SIN BRAZOS ESTRUCTURA DE TUBO REDONDO ASIENTO Y ESPALDAR TAPIZADO EN YUTE LACRE,446581
265,27727918,SILLA APILABLE MODELO MILANO SIN BRAZOS ESTRUCTURA DE TUBO REDONDO ASIENTO Y ESPALDAR TAPIZADO EN YUTE LACRE,446582
266,27727919,SILLA APILABLE MODELO MILANO SIN BRAZOS ESTRUCTURA DE TUBO REDONDO ASIENTO Y ESPALDAR TAPIZADO EN YUTE LACRE,446583
267,27727920,SILLA APILABLE MODELO MILANO SIN BRAZOS ESTRUCTURA DE TUBO REDONDO ASIENTO Y ESPALDAR TAPIZADO EN YUTE LACRE,446584
268,27727921,SILLA APILABLE MODELO MILANO SIN BRAZOS ESTRUCTURA DE TUBO REDONDO ASIENTO Y ESPALDAR TAPIZADO EN YUTE LACRE,446585
269,27727922,SILLA APILABLE MODELO MILANO SIN BRAZOS ESTRUCTURA DE TUBO REDONDO ASIENTO Y ESPALDAR TAPIZADO EN YUTE LACRE,446586
270,27727923,SILLA APILABLE MODELO MILANO SIN BRAZOS ESTRUCTURA DE TUBO REDONDO ASIENTO Y ESPALDAR TAPIZADO EN YUTE LACRE,446587
271,27727924,SILLA APILABLE MODELO MILANO SIN BRAZOS ESTRUCTURA DE TUBO REDONDO ASIENTO Y ESPALDAR TAPIZADO EN YUTE LACRE,446588
272,27727925,SILLA APILABLE MODELO MILANO SIN BRAZOS ESTRUCTURA DE TUBO REDONDO ASIENTO Y ESPALDAR TAPIZADO EN YUTE LACRE,446589
273,27729128,SILLA ALTA RECLINABLE EJECUTIVA CON BRAZOSBASE DE CINCO PUNTAS CON GARRUCHAS SISTEMA A GAS PARA REGULACION DE ALTURA ASIENTO Y ESPALDAR TAPIZADO EN CUERINA NEGRA 11,462678
274,27729316,PERSIANA PVC HABANA DE 200X150 CM,463445
275,27732231,FUENTE DE ENERGIA NO 29 215,SIN MODELO
276,27732232,FUENTE DE ENERGIA TRIFASICA NO 28 217,SIN MODELO
277,27732233,MODELO DE LINEA TERCO TM 199,TM199
278,27732236,HUB OFFICE CONNECT FAST ETHERNET DE 4 PUERTOS SERIE 7L9V01FAD7,3C16723A
279,27732467,FUENTE LOGO MARCA SIEMENS SERIE Q6TS356841,SIN MODELO
280,27733018,IMPRESORA LASER MARCA SAMSUNG MODELO ML 2010 XAA SERIE 3A61BKDP310829M,ML-2010/XAA
281,27734377,PARLANTES PARA COMPUTADOR JUEGO DE DOS UNIDADES,SIN MODELO
282,27736010,TECLADO5,KB-0316
283,27736015,MOUSE OPTICO5,SIN MODELO
284,27736349,MOUSE 1,SIN MODELO
285,27736350,MOUSE 2,SIN MODELO
286,27736351,MOUSE 3,SIN MODELO
287,27736353,TECLADO 1,SIN MODELO
288,27736354,TECLADO 2,SIN MODELO
289,27736355,TECLADO 3,KB-0316
290,27736356,TECLADO 4,SIN MODELO
291,27736560,FUENTE DE ENERGIA NO 29 215,SIN MODELO
292,27736561,FUENTE DE ENERGIA TRIFASICA NO 28 217,SIN MODELO
293,27736576,UPS 550VA MARCA APC MODELO BE550G LM,BE550G-LM
294,27736577,UPS 550VA MARCA APC MODELO BE550G LM,BE550G-LM
295,27736578,UPS 550VA MARCA APC MODELO BE550G LM,BE550G-LM
296,27736579,UPS 550VA MARCA APC MODELO BE550G L,BE550G-LM
297,27736580,UPS 550VA MARCA APC MODELO BE550G L,BE550G-LM
298,27736581,UPS 550VA MARCA APC MODELO BE550G L,BE550G-LM
299,27736591,UPS 550VA MARCA APC MODELO BE550G LM SERIE NO 4B1217P40957,BE550G-LM
300,27738029,NI SOFTWARE SOLUTIONS DEPARTMENT LICENCE LABVIEWPDS MEANS STUDIO IMAQ VISION LABVIEW RT LABVIEW DSC,S/M
301,27738030,NI SOFTWARE SOLUTIONS DEPARTMENT LICENCE LABVIEWPDS MEANS STUDIO IMAQ VISION LABVIEW RT LABVIEW DSC,S/M
302,27738031,NI SOFTWARE SOLUTIONS DEPARTMENT LICENCE LABVIEWPDS MEANS STUDIO IMAQ VISION LABVIEW RT LABVIEW DSC,S/M
303,27738032,NI SOFTWARE SOLUTIONS DEPARTMENT LICENCE LABVIEWPDS MEANS STUDIO IMAQ VISION LABVIEW RT LABVIEW DSC,S/M
304,27738033,NI SOFTWARE SOLUTIONS DEPARTMENT LICENCE LABVIEWPDS MEANS STUDIO IMAQ VISION LABVIEW RT LABVIEW DSC,S/M
305,27738034,NI SOFTWARE SOLUTIONS DEPARTMENT LICENCE LABVIEWPDS MEANS STUDIO IMAQ VISION LABVIEW RT LABVIEW DSC,S/M
306,27738035,NI SOFTWARE SOLUTIONS DEPARTMENT LICENCE LABVIEWPDS MEANS STUDIO IMAQ VISION LABVIEW RT LABVIEW DSC,S/M
307,27738036,NI SOFTWARE SOLUTIONS DEPARTMENT LICENCE LABVIEWPDS MEANS STUDIO IMAQ VISION LABVIEW RT LABVIEW DSC,S/M
308,27738037,NI SOFTWARE SOLUTIONS DEPARTMENT LICENCE LABVIEWPDS MEANS STUDIO IMAQ VISION LABVIEW RT LABVIEW DSC,S/M
309,27738038,NI SOFTWARE SOLUTIONS DEPARTMENT LICENCE LABVIEWPDS MEANS STUDIO IMAQ VISION LABVIEW RT LABVIEW DSC,S/M
310,27738039,NI SOFTWARE SOLUTIONS DEPARTMENT LICENCE LABVIEWPDS MEANS STUDIO IMAQ VISION LABVIEW RT LABVIEW DSC,S/M
311,27738040,NI SOFTWARE SOLUTIONS DEPARTMENT LICENCE LABVIEWPDS MEANS STUDIO IMAQ VISION LABVIEW RT LABVIEW DSC,S/M
312,27738041,NI SOFTWARE SOLUTIONS DEPARTMENT LICENCE LABVIEWPDS MEANS STUDIO IMAQ VISION LABVIEW RT LABVIEW DSC,S/M
313,27738042,NI SOFTWARE SOLUTIONS DEPARTMENT LICENCE LABVIEWPDS MEANS STUDIO IMAQ VISION LABVIEW RT LABVIEW DSC,S/M
314,27738043,NI SOFTWARE SOLUTIONS DEPARTMENT LICENCE LABVIEWPDS MEANS STUDIO IMAQ VISION LABVIEW RT LABVIEW DSC,S/M
315,27738044,NI SOFTWARE SOLUTIONS DEPARTMENT LICENCE LABVIEWPDS MEANS STUDIO IMAQ VISION LABVIEW RT LABVIEW DSC,S/M
316,27738045,NI SOFTWARE SOLUTIONS DEPARTMENT LICENCE LABVIEWPDS MEANS STUDIO IMAQ VISION LABVIEW RT LABVIEW DSC,S/M
317,27738046,NI SOFTWARE SOLUTIONS DEPARTMENT LICENCE LABVIEWPDS MEANS STUDIO IMAQ VISION LABVIEW RT LABVIEW DSC,S/M
318,27738047,NI SOFTWARE SOLUTIONS DEPARTMENT LICENCE LABVIEWPDS MEANS STUDIO IMAQ VISION LABVIEW RT LABVIEW DSC,S/M
319,27738048,NI SOFTWARE SOLUTIONS DEPARTMENT LICENCE LABVIEWPDS MEANS STUDIO IMAQ VISION LABVIEW RT LABVIEW DSC,S/M
320,27738049,NI SOFTWARE SOLUTIONS DEPARTMENT LICENCE LABVIEWPDS MEANS STUDIO IMAQ VISION LABVIEW RT LABVIEW DSC,S/M
321,27738050,NI SOFTWARE SOLUTIONS DEPARTMENT LICENCE LABVIEWPDS MEANS STUDIO IMAQ VISION LABVIEW RT LABVIEW DSC,S/M
322,27738051,NI SOFTWARE SOLUTIONS DEPARTMENT LICENCE LABVIEWPDS MEANS STUDIO IMAQ VISION LABVIEW RT LABVIEW DSC,S/M
323,27738052,NI SOFTWARE SOLUTIONS DEPARTMENT LICENCE LABVIEWPDS MEANS STUDIO IMAQ VISION LABVIEW RT LABVIEW DSC,S/M
324,27738053,NI SOFTWARE SOLUTIONS DEPARTMENT LICENCE LABVIEWPDS MEANS STUDIO IMAQ VISION LABVIEW RT LABVIEW DSC,S/M
325,27738054,NI SOFTWARE SOLUTIONS DEPARTMENT LICENCE LABVIEWPDS MEANS STUDIO IMAQ VISION LABVIEW RT LABVIEW DSC,S/M
326,27738055,NI SOFTWARE SOLUTIONS DEPARTMENT LICENCE LABVIEWPDS MEANS STUDIO IMAQ VISION LABVIEW RT LABVIEW DSC,S/M
327,27738056,NI SOFTWARE SOLUTIONS DEPARTMENT LICENCE LABVIEWPDS MEANS STUDIO IMAQ VISION LABVIEW RT LABVIEW DSC,S/M
328,27738057,NI SOFTWARE SOLUTIONS DEPARTMENT LICENCE LABVIEWPDS MEANS STUDIO IMAQ VISION LABVIEW RT LABVIEW DSC,S/M
329,27738058,NI SOFTWARE SOLUTIONS DEPARTMENT LICENCE LABVIEWPDS MEANS STUDIO IMAQ VISION LABVIEW RT LABVIEW DSC,S/M
330,27738059,NI SOFTWARE SOLUTIONS DEPARTMENT LICENCE LABVIEWPDS MEANS STUDIO IMAQ VISION LABVIEW RT LABVIEW DSC,S/M
331,27738060,NI SOFTWARE SOLUTIONS DEPARTMENT LICENCE LABVIEWPDS MEANS STUDIO IMAQ VISION LABVIEW RT LABVIEW DSC,S/M
332,27738061,NI SOFTWARE SOLUTIONS DEPARTMENT LICENCE LABVIEWPDS MEANS STUDIO IMAQ VISION LABVIEW RT LABVIEW DSC,S/M
333,27738062,NI SOFTWARE SOLUTIONS DEPARTMENT LICENCE LABVIEWPDS MEANS STUDIO IMAQ VISION LABVIEW RT LABVIEW DSC,S/M
334,27738063,NI SOFTWARE SOLUTIONS DEPARTMENT LICENCE LABVIEWPDS MEANS STUDIO IMAQ VISION LABVIEW RT LABVIEW DSC,S/M
335,27738064,NI SOFTWARE SOLUTIONS DEPARTMENT LICENCE LABVIEWPDS MEANS STUDIO IMAQ VISION LABVIEW RT LABVIEW DSC,S/M
336,27738065,NI SOFTWARE SOLUTIONS DEPARTMENT LICENCE LABVIEWPDS MEANS STUDIO IMAQ VISION LABVIEW RT LABVIEW DSC,S/M
337,27738066,NI SOFTWARE SOLUTIONS DEPARTMENT LICENCE LABVIEWPDS MEANS STUDIO IMAQ VISION LABVIEW RT LABVIEW DSC,S/M
338,27738067,NI SOFTWARE SOLUTIONS DEPARTMENT LICENCE LABVIEWPDS MEANS STUDIO IMAQ VISION LABVIEW RT LABVIEW DSC,S/M
339,27738068,NI SOFTWARE SOLUTIONS DEPARTMENT LICENCE LABVIEWPDS MEANS STUDIO IMAQ VISION LABVIEW RT LABVIEW DSC,S/M
340,27738069,NI SOFTWARE SOLUTIONS DEPARTMENT LICENCE LABVIEWPDS MEANS STUDIO IMAQ VISION LABVIEW RT LABVIEW DSC,S/M
341,27738070,NI SOFTWARE SOLUTIONS DEPARTMENT LICENCE LABVIEWPDS MEANS STUDIO IMAQ VISION LABVIEW RT LABVIEW DSC,S/M
342,27738071,NI SOFTWARE SOLUTIONS DEPARTMENT LICENCE LABVIEWPDS MEANS STUDIO IMAQ VISION LABVIEW RT LABVIEW DSC,S/M
343,27738072,NI SOFTWARE SOLUTIONS DEPARTMENT LICENCE LABVIEWPDS MEANS STUDIO IMAQ VISION LABVIEW RT LABVIEW DSC,S/M
344,27738073,NI SOFTWARE SOLUTIONS DEPARTMENT LICENCE LABVIEWPDS MEANS STUDIO IMAQ VISION LABVIEW RT LABVIEW DSC,S/M
345,27738074,NI SOFTWARE SOLUTIONS DEPARTMENT LICENCE LABVIEWPDS MEANS STUDIO IMAQ VISION LABVIEW RT LABVIEW DSC,S/M
346,27738075,NI SOFTWARE SOLUTIONS DEPARTMENT LICENCE LABVIEWPDS MEANS STUDIO IMAQ VISION LABVIEW RT LABVIEW DSC,S/M
347,27738076,NI SOFTWARE SOLUTIONS DEPARTMENT LICENCE LABVIEWPDS MEANS STUDIO IMAQ VISION LABVIEW RT LABVIEW DSC,S/M
348,27738077,NI SOFTWARE SOLUTIONS DEPARTMENT LICENCE LABVIEWPDS MEANS STUDIO IMAQ VISION LABVIEW RT LABVIEW DSC,S/M
349,27738078,NI SOFTWARE SOLUTIONS DEPARTMENT LICENCE LABVIEWPDS MEANS STUDIO IMAQ VISION LABVIEW RT LABVIEW DSC,S/M
350,27738079,NI SOFTWARE SOLUTIONS DEPARTMENT LICENCE LABVIEWPDS MEANS STUDIO IMAQ VISION LABVIEW RT LABVIEW DSC,S/M
351,27738080,NI SOFTWARE SOLUTIONS DEPARTMENT LICENCE LABVIEWPDS MEANS STUDIO IMAQ VISION LABVIEW RT LABVIEW DSC,S/M
352,27738081,NI SOFTWARE SOLUTIONS DEPARTMENT LICENCE LABVIEWPDS MEANS STUDIO IMAQ VISION LABVIEW RT LABVIEW DSC,S/M
353,27738082,NI SOFTWARE SOLUTIONS DEPARTMENT LICENCE LABVIEWPDS MEANS STUDIO IMAQ VISION LABVIEW RT LABVIEW DSC,S/M
354,27738083,NI SOFTWARE SOLUTIONS DEPARTMENT LICENCE LABVIEWPDS MEANS STUDIO IMAQ VISION LABVIEW RT LABVIEW DSC,S/M
355,27738084,NI SOFTWARE SOLUTIONS DEPARTMENT LICENCE LABVIEWPDS MEANS STUDIO IMAQ VISION LABVIEW RT LABVIEW DSC,S/M
356,27738085,NI SOFTWARE SOLUTIONS DEPARTMENT LICENCE LABVIEWPDS MEANS STUDIO IMAQ VISION LABVIEW RT LABVIEW DSC,S/M
357,27738086,NI SOFTWARE SOLUTIONS DEPARTMENT LICENCE LABVIEWPDS MEANS STUDIO IMAQ VISION LABVIEW RT LABVIEW DSC,S/M
358,27738087,NI SOFTWARE SOLUTIONS DEPARTMENT LICENCE LABVIEWPDS MEANS STUDIO IMAQ VISION LABVIEW RT LABVIEW DSC,S/M
359,27738088,NI SOFTWARE SOLUTIONS DEPARTMENT LICENCE LABVIEWPDS MEANS STUDIO IMAQ VISION LABVIEW RT LABVIEW DSC,S/M
360,27738089,NI SOFTWARE SOLUTIONS DEPARTMENT LICENCE LABVIEWPDS MEANS STUDIO IMAQ VISION LABVIEW RT LABVIEW DSC,S/M
361,27738090,NI SOFTWARE SOLUTIONS DEPARTMENT LICENCE LABVIEWPDS MEANS STUDIO IMAQ VISION LABVIEW RT LABVIEW DSC,S/M
362,27738091,NI SOFTWARE SOLUTIONS DEPARTMENT LICENCE LABVIEWPDS MEANS STUDIO IMAQ VISION LABVIEW RT LABVIEW DSC,S/M
363,27738092,NI SOFTWARE SOLUTIONS DEPARTMENT LICENCE LABVIEWPDS MEANS STUDIO IMAQ VISION LABVIEW RT LABVIEW DSC,S/M
364,27738093,NI SOFTWARE SOLUTIONS DEPARTMENT LICENCE LABVIEWPDS MEANS STUDIO IMAQ VISION LABVIEW RT LABVIEW DSC,S/M
365,27738094,NI SOFTWARE SOLUTIONS DEPARTMENT LICENCE LABVIEWPDS MEANS STUDIO IMAQ VISION LABVIEW RT LABVIEW DSC,S/M
366,27738770,BOTON DE CONTACTO C/W.2 BOTONES DE CONTACTO CON CONTACTO N.C.Y 2 LUCES PILTOS 120V. AC/DC,S/M
367,27738771,DEMOSTRADOR DE FRENO ELECTROMAGNETICO NO.28-226,92248
368,27738772,REOSTATO DE ARMADURA EN MODULO 0-200 OHMIOS 100W.NO.28-350,S/M
369,27738773,REOSTATO DE CAMPO EN SERIE EN MODULO 0-4 OHMIOS 50W.28-351,S/M
370,27738774,DECALADOR TRIFASICO O CAMBIADOR TRIFASICO.DL-2023,S/M
371,27738775,REOSTATOS DE CEPILLO CORREDIZO-145 OHMS.1.6A RC5/B,S/M
372,27738776,REOSTATOS DE CEPILLO CORREDIZO 21 OHMS 5A-RC5/B,S/M
373,27738777,REOSTATOS DE CEPILLO CORREDIZO-2.9 OHMS.13.5A-RC5/D,S/M
374,27738778,REOSTATOS DE CEPILLO CORREDIZOS-295 OHMS.1.4A-RC5/D,S/M
375,27738779,REOSTATOS DE CEPILLO CORREDIZO-7.2 OHMS.3.2A-RC1/B,S/M
376,27738781,RELE DIFERENCIAL TERCO TM 118,D21S3
377,27738782,RELE DE SOBRECORRIENTE INVERSO TERCO TM 111,ICM2A
378,27738783,RELE DE TIEMPO CONSTANTE TERCO TM 114,ISM2
379,27738784,RELE DE SOBRECORRIENTE TERCO TM 112,IM3X
380,27738785,RELE DIRECCIONAL TERCO TM 117,PM2G0
381,27738786,RELE MEDIDOR DE TIEMPO TERCO TM 110,S10H
382,27738787,REOSTATOS TV 500/500 TERCO,S/M
383,27738790,CHUPADOR DE SOLDADURA,S/M
384,27738793,CAJA PARA MEDICION DE POTENCIA.,S/M
385,27738830,ALCANCES DE MEDICION.2 DE CADA UNA.VARIAS CARACTERISTICAS.,S/M
386,27738831,ALCANCES DE MEDICION.2 DE CADA UNA.VARIAS CARACTERISTICAS,S/M
387,27738832,RESISTENSIAS ADICIONALES.3/6/12/30/60/120/200/600V.,S/M
388,27738833,SHUNT 0 03-0 06-0 12,S/M
389,27738834,SHUNT 0 6/1-2/3-4/12A.,S/M
390,27738835,SHUNT 300A.CLASE 0 1,S/M
391,27738836,PUENTES DE PRECISION WHESTSTONE THOMSON,S/M
392,27738837,CAJAS DE RESISTENCIAS 06191.00,S/M
393,27738838,CAJAS DE CAPACIDADES 06193.00,S/M
394,27739240,CAPACITOR DE CHOQUE MODELO GS 25 NO.899400,GS 25
395,27739241,CAPACITOR DE CHOQUE MODELO GS 25 NO.899401,GS 25
396,27739242,CAPACITOR DE CHOQUE MODELO GS 25 NO.899393,GS 25
397,27739243,CAPACITOR DE CHOQUE MODELO GS 25 NO.899394,GS 25
398,27739244,CAPACITOR DE CHOQUE MODELO GS 25 NO.899396,GS 25
399,27739245,CAPACITOR DE CARGA MODELO CB NO.823210,CB
400,27739246,CAPACITOR DE CARGA MODELO CB NO.866640,CB
401,27739247,CAPACITOR DE CARGA MODELO CB NO.866642,CB
402,27739248,CAPACITOR DE MEDIDA MODELO CM NO.913308,CM
403,27739249,CAPACITOR DE MEDIDA MODELO CM NO.913310,CM
404,27739250,CAPACITOR DE MEDIDA MODELO CM NO.913311,CM
405,27739251,PIEZA DE CONEXI N MODELO V,V
406,27739252,PIEZA DE BASE PARA APOYO DIRECTO MODELO F (S),F
407,27739253,DIVISOR DE BAJA TENSION MODELO NTZ NO.859 929,NTZ
408,27739254,DIVISOR DE BAJA TENSION MODELO NTZ NO.859 930,NTZ
409,27739255,DIVISOR DE BAJA TENSION MODELO NTZ NO.859 931,NTZ
410,27739256,DIVISOR DE BAJA TENSION MODELO NTZ NO.859 932,NTZ
411,27739257,DIVISOR DE BAJA TENSION MODELO NTZ NO.859 933,NTZ
412,27740331,PIEZA DE BASE PARA APOYO DIRECTOMODELO F (S),F
413,27740332,PIEZA DE BASE PARA APOYO DIRECTOMODELO F (S),F
414,27740333,PIEZA DE BASE PARA APOYO DIRECTOMODELO F (S),F
415,27740334,PIEZA DE BASE PARA APOYO DIRECTOMODELO F (S),F
416,27740335,PIEZA DE BASE PARA APOYO DIRECTOMODELO F (S),F
417,27740336,PIEZA DE BASE PARA APOYO DIRECTOMODELO F (S),F
418,27740337,PIEZA DE CONEXIONMODELO V,V
419,27740338,PIEZA DE CONEXIONMODELO V,V
420,27740339,PIEZA DE CONEXIONMODELO V,V
421,27740340,PIEZA DE CONEXIONMODELO V,V
422,27740341,PIEZA DE CONEXIONMODELO V,V
423,27740524,BOTON DE CONTACTO C/W.2 BOTONES DE CONTACTOCON CONTACTO N.C.Y 2 LUCES PILTOS 120V. AC/DC,S/M
424,27740525,CAJA PARA MEDICION DE POTENCIA.,S/M
425,27740526,REOSTATOS DE CEPILLO CORREDIZO 21 OHMS 5A-RC5/B,S/M
426,27740527,REOSTATOS DE CEPILLO CORREDIZO 21 OHMS 5A-RC5/B,S/M
427,27740528,REOSTATOS DE CEPILLO CORREDIZO 21 OHMS 5A-RC5/B,S/M
428,27740529,REOSTATOS DE CEPILLO CORREDIZO-145 OHMS.1.6A RC5/B,S/M
429,27740530,REOSTATOS DE CEPILLO CORREDIZO-2.9 OHMS.13.5A-RC5/D,S/M
430,27740531,REOSTATOS DE CEPILLO CORREDIZO-2.9 OHMS.13.5A-RC5/D,S/M
431,27740532,REOSTATOS DE CEPILLO CORREDIZO-2.9 OHMS.13.5A-RC5/D,S/M
432,27740533,REOSTATOS DE CEPILLO CORREDIZO-7.2 OHMS.3.2A-RC1/B,S/M
433,27740534,REOSTATOS DE CEPILLO CORREDIZO-7.2 OHMS.3.2A-RC1/B,S/M
434,27740535,REOSTATOS DE CEPILLO CORREDIZO-7.2 OHMS.3.2A-RC1/B,S/M
435,27740536,REOSTATOS DE CEPILLO CORREDIZOS-295 OHMS.1.4A-RC5/D,S/M
436,27740537,REOSTATOS DE CEPILLO CORREDIZOS-295 OHMS.1.4A-RC5/D,S/M
437,27740538,REOSTATOS DE CEPILLO CORREDIZOS-295 OHMS.1.4A-RC5/D,S/M
438,27740539,REOSTATOS TV 500/500 TERCO,S/M
439,27740540,REOSTATOS TV 500/500 TERCO,S/M
440,27740541,RESISTENCIA DE CARGA-TB40,S/M
441,27740719,ALCANCES DE MEDICION.2 DE CADA UNA.VARIAS CARACTERISTICAS.,S/M
442,27740720,ALCANCES DE MEDICION.2 DE CADA UNA.VARIAS CARACTERISTICAS.,S/M
443,27740721,ALCANCES DE MEDICION.2 DE CADA UNA.VARIAS CARACTERISTICAS.,S/M
444,27740722,ALCANCES DE MEDICION.2 DE CADA UNA.VARIAS CARACTERISTICAS.,S/M
445,27740723,ALCANCES DE MEDICION.2 DE CADA UNA.VARIAS CARACTERISTICAS.,S/M
446,27740724,ALCANCES DE MEDICION.2 DE CADA UNA.VARIAS CARACTERISTICAS.,S/M
447,27740725,ALCANCES DE MEDICION.2 DE CADA UNA.VARIAS CARACTERISTICAS.,S/M
448,27740726,ALCANCES DE MEDICION.2 DE CADA UNA.VARIAS CARACTERISTICAS.,S/M
449,27740727,ALCANCES DE MEDICION.2 DE CADA UNA.VARIAS CARACTERISTICAS.,S/M
450,27740728,ALCANCES DE MEDICION.2 DE CADA UNA.VARIAS CARACTERISTICAS.,S/M
451,27740729,ALCANCES DE MEDICION.2 DE CADA UNA.VARIAS CARACTERISTICAS.,S/M
452,27740730,ALCANCES DE MEDICION.2 DE CADA UNA.VARIAS CARACTERISTICAS.,S/M
453,27740731,ALCANCES DE MEDICION.2 DE CADA UNA.VARIAS CARACTERISTICAS.,S/M
454,27740732,ALCANCES DE MEDICION.2 DE CADA UNA.VARIAS CARACTERISTICAS.,S/M
455,27740733,ALCANCES DE MEDICION.2 DE CADA UNA.VARIAS CARACTERISTICAS.,S/M
456,27740734,ALCANCES DE MEDICION.2 DE CADA UNA.VARIAS CARACTERISTICAS.,S/M
457,27740735,ALCANCES DE MEDICION.2 DE CADA UNA.VARIAS CARACTERISTICAS.,S/M
458,27740736,ALCANCES DE MEDICION.2 DE CADA UNA.VARIAS CARACTERISTICAS.,S/M
459,27740737,ALCANCES DE MEDICION.2 DE CADA UNA.VARIAS CARACTERISTICAS.,S/M
460,27740738,ALCANCES DE MEDICION.2 DE CADA UNA.VARIAS CARACTERISTICAS.,S/M
461,27740739,ALCANCES DE MEDICION.2 DE CADA UNA.VARIAS CARACTERISTICAS.,S/M
462,27740740,ALCANCES DE MEDICION.2 DE CADA UNA.VARIAS CARACTERISTICAS.,S/M
463,27740741,ALCANCES DE MEDICION.2 DE CADA UNA.VARIAS CARACTERISTICAS.,S/M
464,27740742,ALCANCES DE MEDICION.2 DE CADA UNA.VARIAS CARACTERISTICAS.,S/M
465,27740743,ALCANCES DE MEDICION.2 DE CADA UNA.VARIAS CARACTERISTICAS.,S/M
466,27740744,ALCANCES DE MEDICION.2 DE CADA UNA.VARIAS CARACTERISTICAS.,S/M
467,27740745,ALCANCES DE MEDICION.2 DE CADA UNA.VARIAS CARACTERISTICAS.,S/M
468,27740746,ALCANCES DE MEDICION.2 DE CADA UNA.VARIAS CARACTERISTICAS.,S/M
469,27740747,ALCANCES DE MEDICION.2 DE CADA UNA.VARIAS CARACTERISTICAS.,S/M
470,27740748,ALCANCES DE MEDICION.2 DE CADA UNA.VARIAS CARACTERISTICAS.,S/M
471,27740749,ALCANCES DE MEDICION.2 DE CADA UNA.VARIAS CARACTERISTICAS.,S/M
472,27740750,ALCANCES DE MEDICION.2 DE CADA UNA.VARIAS CARACTERISTICAS.,S/M
473,27740751,ALCANCES DE MEDICION.2 DE CADA UNA.VARIAS CARACTERISTICAS.,S/M
474,27740752,ALCANCES DE MEDICION.2 DE CADA UNA.VARIAS CARACTERISTICAS.,S/M
475,27740753,ALCANCES DE MEDICION.2 DE CADA UNA.VARIAS CARACTERISTICAS.,S/M
476,27740754,ALCANCES DE MEDICION.2 DE CADA UNA.VARIAS CARACTERISTICAS.,S/M
477,27740755,ALCANCES DE MEDICION.2 DE CADA UNA.VARIAS CARACTERISTICAS.,S/M
478,27740756,ALCANCES DE MEDICION.2 DE CADA UNA.VARIAS CARACTERISTICAS.,S/M
479,27740757,ALCANCES DE MEDICION.2 DE CADA UNA.VARIAS CARACTERISTICAS.,S/M
480,27740758,ALCANCES DE MEDICION.2 DE CADA UNA.VARIAS CARACTERISTICAS.,S/M
481,27740759,ALCANCES DE MEDICION.2 DE CADA UNA.VARIAS CARACTERISTICAS.,S/M
482,27740760,ALCANCES DE MEDICION.2 DE CADA UNA.VARIAS CARACTERISTICAS.,S/M
483,27740761,ALCANCES DE MEDICION.2 DE CADA UNA.VARIAS CARACTERISTICAS.,S/M
484,27740762,ALCANCES DE MEDICION.2 DE CADA UNA.VARIAS CARACTERISTICAS.,S/M
485,27740763,ALCANCES DE MEDICION.2 DE CADA UNA.VARIAS CARACTERISTICAS.,S/M
486,27740764,ALCANCES DE MEDICION.2 DE CADA UNA.VARIAS CARACTERISTICAS.,S/M
487,27740765,ALCANCES DE MEDICION.2 DE CADA UNA.VARIAS CARACTERISTICAS.,S/M
488,27740766,ALCANCES DE MEDICION.2 DE CADA UNA.VARIAS CARACTERISTICAS.,S/M
489,27740767,ALCANCES DE MEDICION.2 DE CADA UNA.VARIAS CARACTERISTICAS.,S/M
490,27740768,ALCANCES DE MEDICION.2 DE CADA UNA.VARIAS CARACTERISTICAS.,S/M
491,27740769,ALCANCES DE MEDICION.2 DE CADA UNA.VARIAS CARACTERISTICAS.,S/M
492,27740770,ALCANCES DE MEDICION.2 DE CADA UNA.VARIAS CARACTERISTICAS.,S/M
493,27740771,ALCANCES DE MEDICION.2 DE CADA UNA.VARIAS CARACTERISTICAS.,S/M
494,27740772,ALCANCES DE MEDICION.2 DE CADA UNA.VARIAS CARACTERISTICAS.,S/M
495,27740773,ALCANCES DE MEDICION.2 DE CADA UNA.VARIAS CARACTERISTICAS.,S/M
496,27740774,ALCANCES DE MEDICION.2 DE CADA UNA.VARIAS CARACTERISTICAS.,S/M
497,27740775,ALCANCES DE MEDICION.2 DE CADA UNA.VARIAS CARACTERISTICAS.,S/M
498,27740776,ALCANCES DE MEDICION.2 DE CADA UNA.VARIAS CARACTERISTICAS.,S/M
499,27740777,ALCANCES DE MEDICION.2 DE CADA UNA.VARIAS CARACTERISTICAS.,S/M
500,27740778,ALCANCES DE MEDICION.2 DE CADA UNA.VARIAS CARACTERISTICAS.,S/M
501,27740779,ALCANCES DE MEDICION.2 DE CADA UNA.VARIAS CARACTERISTICAS.,S/M
502,27740780,ALCANCES DE MEDICION.2 DE CADA UNA.VARIAS CARACTERISTICAS.,S/M
503,27740781,ALCANCES DE MEDICION.2 DE CADA UNA.VARIAS CARACTERISTICAS.,S/M
504,27740782,ALCANCES DE MEDICION.2 DE CADA UNA.VARIAS CARACTERISTICAS.,S/M
505,27740783,ALCANCES DE MEDICION.2 DE CADA UNA.VARIAS CARACTERISTICAS.,S/M
506,27740784,ALCANCES DE MEDICION.2 DE CADA UNA.VARIAS CARACTERISTICAS.,S/M
507,27740785,ALCANCES DE MEDICION.2 DE CADA UNA.VARIAS CARACTERISTICAS.,S/M
508,27740786,ALCANCES DE MEDICION.2 DE CADA UNA.VARIAS CARACTERISTICAS,S/M
509,27740787,ALCANCES DE MEDICION.2 DE CADA UNA.VARIAS CARACTERISTICAS,S/M
510,27740788,ALCANCES DE MEDICION.2 DE CADA UNA.VARIAS CARACTERISTICAS,S/M
511,27740789,ALCANCES DE MEDICION.2 DE CADA UNA.VARIAS CARACTERISTICAS,S/M
512,27740790,ALCANCES DE MEDICION.2 DE CADA UNA.VARIAS CARACTERISTICAS,S/M
513,27740791,ALCANCES DE MEDICION.2 DE CADA UNA.VARIAS CARACTERISTICAS,S/M
514,27740792,ALCANCES DE MEDICION.2 DE CADA UNA.VARIAS CARACTERISTICAS,S/M
515,27740793,ALCANCES DE MEDICION.2 DE CADA UNA.VARIAS CARACTERISTICAS,S/M
516,27740794,ALCANCES DE MEDICION.2 DE CADA UNA.VARIAS CARACTERISTICAS,S/M
517,27740795,ALCANCES DE MEDICION.2 DE CADA UNA.VARIAS CARACTERISTICAS,S/M
518,27740796,ALCANCES DE MEDICION.2 DE CADA UNA.VARIAS CARACTERISTICAS,S/M
519,27740797,SHUNT 003-006-012,S/M
520,27740798,SHUNT 003-006-012,S/M
521,27740799,SHUNT 06/1-2/3-4/12A.,S/M
522,27740800,SHUNT 06/1-2/3-4/12A.,S/M
523,27740801,SHUNT (3 DE C/U).750A. 1500A. 3000A.,S/M
524,27740802,SHUNT (3 DE C/U).750A. 1500A. 3000A.,S/M
525,27740803,SHUNT (3 DE C/U).750A. 1500A. 3000A.,S/M
526,27740804,SHUNT 300A.CLASE 01,S/M
527,27740805,SHUNT 300A.CLASE 01,S/M
528,27740806,PUENTES DE PRECISION WHESTSTONE THOMSON,S/M
529,27740807,CAJAS DE RESISTENCIAS 06191.00,S/M
530,27740808,CAJAS DE RESISTENCIAS 06191.00,S/M
531,27740809,CAJAS DE CAPACIDADES 06193.00,S/M
532,27740982,TUBO DISTANCIADORMODELO D,S/M
533,27740983,TUBO DISTANCIADORMODELO D (F) 592 MM.,S/M
534,27740984,TUBO DISTANCIADORMODELO D (D) 652 MM.,S/M
535,27741842,BIENES SUJETOS A CONTROL/MOTORES/MOTOR TRIFASICO/MOTOR TRIFASICO MODELO DE AUTO TRANSFORMADOR DE ARRANQUE 208V 60HZ.28-665,92232
536,27741843,BIENES SUJETOS A CONTROL/CARGADOR/CARGA DE INERCIA VARIABLE NO.28-220,92246
537,27741844,DEMOSTRADOR DE FRENO DINAMICO NO.28-225,92247
538,27741845,CUBIERTA DE MONTAJE NO.28-300,92260
539,27741846,BIENES SUJETOS A CONTROL/ARRANCADOR/ARRANCADOR CD-MANUAL DE 3 Y 4 PUNTOS.NO.28-302,92261
540,27741847,BIENES SUJETOS A CONTROL/ARRANCADOR/ARRANCADOR MAGNETICO TRIFASICO.NO.28-303,92262
541,27741848,BIENES SUJETOS A CONTROL/ARRANCADOR/ARRANCADOR DE 3 POLOS TIRADA SIMPLE NO.28-304,92263
542,27741849,FLEXOMETRO-FXCT150,FXCT150
543,27741850,FRENO ELECTROMAGNETICO DE CORRIENTES DE FDUCAULT CON DL2006/,DL2006A
544,27741851,RESISTENCIA DE CARGA-TB40,92303
545,27741852,BIENES SUJETOS A CONTROL/PROBADOR Y GENERADOR/PROBADOR DE RELES TERCO TM 132,TM 132
546,27741857,BIENES SUJETOS A CONTROL/PANTALLA PARA PROYECTOR/PANTALLA DE PROYECCION DE 180CM X 180CM,92437
547,27741858,BIENES SUJETOS A CONTROL/REGULADOR DE VOLTAJE/REGULADOR DE VOLTAGE TRIPP LITE DE CUATRO TOMAS MODELO LS-604 600 W.,LS-604.600W
548,27741859,ANTENA PROFESIONAL MOVIL MARCA HUSTLER,92713
549,27741860,ANTENA PORTATIL MARCA MOTOROLA,92714
550,27741861,ANTENA YAGUIEN TUBO DE ALUMINIO DE 1/4 5 ELEMENTOS VHF EN TUBO DE ALUMINIO DE 1/2,92782
551,27741862,ANTENA YAGUIEN TUBO DE ALUMINIO DE 1/4 9 ELEMENTOS VHF EN TUBO DE ALUMINIO DE 1/2,92783
552,27742001,JUEGOS DE RESISTENCIA DE MEDIDA 06130.10-0 1,98889
553,27742002,JUEGOS DE RESISTENCIA DE MEDIDA 06130.20-0 2OHM.,98890
554,27742003,JUEGOS DE RESISTENCIA DE MEDIDA 06130.50-0 5OHM.,98891
555,27742004,JUEGOS DE RESISTENCIA DE MEDIDA 06131.10-1 OHM.,98892
556,27742005,JUEGOS DE RESISTENCIA DE MEDIDA 06131.20-2 OHM.,98893
557,27742006,JUEGOS DE RESISTENCIA DE MEDIDA 06131.50-5 OHM.,98894
558,27742007,JUEGOS DE RESISTENCIA DE MEDIDA 06132.10 OHM.,98895
559,27742008,JUEGOS DE RESISTENCIA DE MEDIDA 06132.20-20 OHM.,98896
560,27742009,JUEGOS DE RESISTENCIA DE MEDIDA 06132.50-50 OHM.,98897
561,27742010,JUEGOS DE RESISTENCIA DE MEDIDA 06133.10-100 OHM.,98898
562,27742011,JUEGOS DE RESISTENCIA DE MEDIDA 06133.20-200 OHM.,98899
563,27742012,JUEGOS DE RESISTENCIA DE MEDIDA 06133.50-500 OHM.,98900
564,27742013,JUEGOS DE RESISTENCIA DE MEDIDA 06134.10-1K OHM.,98901
565,27742014,JUEGOS DE RESISTENCIA DE MEDIDA 06134.20-2K OHM.,98902
566,27742015,JUEGOS DE RESISTENCIA DE MEDIDA 06134.50-5K OHM.,98903
567,27742016,JUEGOS DE RESISTENCIA DE MEDIDA 06135.10-10K OHM.,98904
568,27742017,JUEGOS DE RESISTENCIA DE MEDIDA 06135.20-20K OHM.,98905
569,27742018,JUEGOS DE RESISTENCIA DE MEDIDA 06135.50-50K OHM.,98906
570,27742326,BIENES SUJETOS A CONTROL/CASCO/CASCO DE PROTECCION DE PLASTICO COLOR BLANCO NORTH,102039
571,27742327,PROTECTOR DE EQUIPOS DE 6 TOMAS PANAMAX,102040
572,27742328,BIENES SUJETOS A CONTROL/PANTALLA PARA PROYECTOR/PANTALLA PARA PROYECCION DE 180CM X 180CM,102154
573,27743627,SUPRESOR DE PICOS DE 6 TOMAS APS 13,13-414
574,27745814,FLEXOMETRO-FXCT150,FXCT150
575,27745815,BIENES SUJETOS A CONTROL/MOTORES/MOTOR TRIFASICO/MOTOR TRIFASICO MODELO DE AUTO TRANSFORMADOR DE ARRANQUE 208V 60HZ.28-665,446283
576,27747101,SUPRESOR DE PICOS MARCA NIPPON AMERICA MODELO 14-514 DE 6 TOMAS,14-514
577,27747102,SUPRESOR DE PICOS MARCA NIPPON AMERICA MODELO 14-514 DE 6 TOMAS,14-514
578,27747103,SUPRESOR DE PICOS MARCA NIPPON AMERICA MODELO 14-514 DE 6 TOMAS,14-514
579,27747104,SUPRESOR DE PICOS MARCA NIPPON AMERICA MODELO 14-514 DE 6 TOMAS,14-514
580,27747105,SUPRESOR DE PICOS MARCA NIPPON AMERICA MODELO 14-514 DE 6 TOMAS,14-514
581,27747106,SUPRESOR DE PICOS MARCA NIPPON AMERICA MODELO 14-514 DE 6 TOMAS,14-514
582,27747107,SUPRESOR DE PICOS MARCA NIPPON AMERICA MODELO 14-514 DE 6 TOMAS,14-514
583,27747108,SUPRESOR DE PICOS MARCA NIPPON AMERICA MODELO 14-514 DE 6 TOMAS,14-514
584,27747109,SUPRESOR DE PICOS MARCA NIPPON AMERICA MODELO 14-514 DE 6 TOMAS,14-514
585,27747110,SUPRESOR DE PICOS MARCA NIPPON AMERICA MODELO 14-514 DE 6 TOMAS,14-514
586,27747111,SUPRESOR DE PICOS MARCA NIPPON AMERICA MODELO 14-514 DE 6 TOMAS,LGF6-15-03
587,27747112,BIENES SUJETOS A CONTROL/PANTALLA PARA PROYECTOR/PANTALLA DE PROYECCION DE 180CM X 180CM,451563
588,27747114,BASES DE RESISTENCIA 06143.00,451701
589,27747115,BASES DE RESISTENCIA 06143.00,451702
590,27747116,BASES DE RESISTENCIA 06143.00,451703
591,27747117,BASES DE RESISTENCIA 06143.00,451704
592,27747118,BASES DE RESISTENCIA 06143.00,451705
593,27747119,BASES DE RESISTENCIA 06143.00,451706
594,27747120,BASES DE RESISTENCIA 06143.00,451707
595,27747121,BASES DE RESISTENCIA 06143.00,451708
596,27747122,BASES DE RESISTENCIA 06143.00,451709
597,27747123,BASES DE RESISTENCIA 06143.00,451710
598,27747124,BASES DE RESISTENCIA 06143.00,451711
599,27747125,BASES DE RESISTENCIA 06143.00,451712
600,27747126,BASES DE RESISTENCIA 06143.00,451713
601,27747127,BASES DE RESISTENCIA 06143.00,451714
602,27747128,BASES DE RESISTENCIA 06143.00,451715
603,27747129,BASES DE RESISTENCIA 06143.00,451716
604,27747130,BASES DE RESISTENCIA 06143.00,451717
605,27747131,BASES DE RESISTENCIA 06143.00,451718
606,27747132,BASES DE RESISTENCIA 06143.00,451719
607,27747133,BIENES SUJETOS A CONTROL/CASCO/CASCO DE PROTECCION DE PLASTICO COLOR BLANCO NORTH,451755
608,27747134,BIENES SUJETOS A CONTROL/CASCO/CASCO DE PROTECCION DE PLASTICO COLOR BLANCO NORTH,451756
609,27747784,BIENES SUJETOS A CONTROL/GENERADOR/GENERADOR DE SENAL MARCA: POTEK MODELO: B8011 N SERIE: 110560067147,B8011
610,27747785,BIENES SUJETOS A CONTROL/GENERADOR/GENERADOR DE SENAL MARCA:GW INSTEK MODELO: GFG-8020H N SERIE: CJ840997,GFG-8020H
611,27751098,MULTIMETRO DIGITAL MARCA PROSKIT RS-232 SERIE 08060013777,DT-5808
612,27751099,MULTIMETRO DIGITAL MARCA PROSKIT RS-232 SERIE 08060013769,3PK-345
613,27751100,MULTIMETRO DIGITAL MARCA PROSKIT RS-232 SERIE 08060013693,DT-890C
614,27751101,MULTIMETRO DIGITAL MARCA PROSKIT RS-232 SERIE 08060013694,3PK-345
615,27751102,MULTIMETRO DIGITAL MARCA PROSKIT RS-232 SERIE 08060013802,3PK-345
616,27751103,MULTIMETRO DIGITAL MARCA PROSKIT RS-232 SERIE 08060013689,3PK-345
617,27751104,MULTIMETRO DIGITAL MARCA PROSKIT RS-232 SERIE 08060013691,3PK-345
618,27751107,MULTIMETRO DIGITAL PROFESIONAL MARCA PROSKIT MT-1860 SERIE 992699135,MT-1860
619,27751108,MULTIMETRO DIGITAL PROFESIONAL MARCA PROSKIT MT-1860 SERIE 992699174,MT-1860
620,27751411,TECLADO 3,352254
621,27751574,CORTADORA CRESCENT NO 542-7C,92208
622,27751580,JUEGO DE LLAVES DE BOCA Y CORONA BONEY NO B-80709,92216
623,27751581,BIENES SUJETOS A CONTROL/TACOMETRO/COMBINACION DE TACOMETRO 0-8 000RPM FRENO DE CORRIENTE 28-207,92243
624,27751582,BOBINA PARA PRUEBA PARA EL FLUXOMETRO-TYPE 1,92288
625,27751584,CAUTIN WELLER WP25,SI 45
626,27751585,ENTENALLA ANTIESTATICA PANAVISE USA,92838
627,27751622,ENTENALLA PEQUENA PANAVISE MV89502,MV89502
628,27751719,BIENES SUJETOS A CONTROL/DESTORNILLADOR/DESTORNILLADOR DE ESTRELLA MANGO DE CAUCHO DE 4,102133
629,27751721,PINZA PLANA PARA ELECTRICISTA DIAMOND DE 6,102135
630,27877729,ENSANANZA PROGRAMADA CURVAS CARACTERISTICAS DEL TIRISTOR NO 26 WOLFGANG WEISKE 1989,S/C
631,27877863,ENSEANZA PROGRAMADA CORRECCION DEL FACTOR DE POTENCIA DE COS NO 32 HEINZ PAEG 1989,S/C
632,27877868,ENSENANZA PROGRAMADA APLICACIONES DEL TIRISTOR NO 27 WOLFGANG WEISKE 1989,S/C
633,27877869,ENSENANZA PROGRAMADA CORRIENTE TRIFASICA NO 35 WOLFGANG WEISKE 1989,S/C
634,27877870,ENSENANZA PROGRAMADA EL CIRCUITO DE CORRIENTE ALTERNA NO 29 HEINZ RIEGER 1989,S/C
635,27877871,ENSENANZA PROGRAMADA EL CONDENSADOR NO 31 HEINZ PAEG 1989,S/C
636,27877873,ENSENANZA PROGRAMADA FUNCIONAMIENTO DEL TIRISTOR NO 25 WOLFGANG WEISKE 1989,S/C
637,27877874,ENSENANZA PROGRAMADA FUNCIONAMIENTO DEL TRIAC NO 28 HANSJOCHEN BENDA 1989,S/C
638,27877875,ENSENANZA PROGRAMADA GENERADORES HALL NO 33 PETER SCHOBER 1989,S/C
639,27877876,ENSENANZA PROGRAMADA POTENCIA DE LA CORRIENTE TRIFASICA Y SU MEDICION NO 36 HANS JOACHIM GAUS 1989,S/C
640,27877877,ENSENANZA PROGRAMADA POTENCIA Y TRABAJO DE LA CORRIENTE ALTERNA NO 30 HEINZ RIEGER 1989,S/C
641,27879782,CASSETTE DE VIDEO V H S CONTIENE EL TEMA AMPLIFICADORES OPERACIONALES,S/C
642,27879783,CASSETTE DE VIDEO V H S CONTIENE EL TEMA AMPLIFICADORES TRANSISTORIZADOS,S/C
643,27879785,CASSETTE DE VIDEO V H S CONTIENE EL TEMA DIAGRAMA DE CONTROL,S/C
644,27879786,CASSETTE DE VIDEO V H S CONTIENE EL TEMA ELECTRONICA BASICA PRIMERA PARTE,S/C
645,27879787,CASSETTE DE VIDEO V H S CONTIENE EL TEMA ELECTRONICA BASICA SEGUNDA PARTE,S/C
646,27879788,CASSETTE DE VIDEO V H S CONTIENE EL TEMA FUENTES DE ALIMENTACION,S/C
647,27879789,CASSETTE DE VIDEO V H S CONTIENE EL TEMA OSCILADORES TRANSISTORIZADOS,S/C
648,27879791,CASSETTE DE VIDEO V H S CONTIENE EL TEMA REPARACION DE TABLEROS DE CIRCUITOS,S/C
649,27879792,CASSETTE DE VIDEO V H S CONTIENE EL TEMA SISTEMAS DE CONTROL ELECTRONICO PRIMERA PARTE,S/C
650,27879793,CASSETTE DE VIDEO V H S CONTIENE EL TEMA SISTEMAS DE CONTROL ELECTRONICO SEGUNDA PARTE,S/C
651,27879794,CASSETTE DE VIDEO V H S CONTIENE EL TEMA SISTEMAS DE CONTROL ELECTRONICO TERCERA PARTE,S/C
652,27879795,CASSETTE DE VIDEO V H S CONTIENE EL TEMA SISTEMAS ELECTRONICOS ESPECIALIZADOS,S/C
653,27879796,CASSETTE DE VIDEO V H S CONTIENE EL TEMA SISTEMAS ELECTRONICOS FUNDAMENTOS DE TRANSISTORES,S/C
654,27879797,CASSETTE DE VIDEO V H S CONTIENE EL TEMA TERMINACIONES DE CALBES Y ALAMBRES,S/C
655,27879798,CASSETTE DE VIDEO V H S CONTIENE EL TEMA TUBOS DE VACIO Y CIRCUITOS,S/C
656,27879799,CASSETTE DE VIDEO V H S CONTIENE EL TEMA UTILIZACION DE PRUEBAS DE EQUIPO ELECTRONICO PRIMERA PARTE,S/C
657,27879800,CASSETTE DE VIDEO V H S CONTIENE EL TEMA UTILIZACION DE PRUEBAS DE EQUIPO ELECTRONICO SEGUNDA PARTE,S/C
658,27893693,HIGH VOLTAGE SWITCHEAR NALYSIS AND DESING CHUNIKHIN-ZHAVORONKOV 1989,S/C
659,27898484,CONVERTIDORES ESTATICOS INTRODUCCION A SU TEORIA Y FUNCIONAMIENTO GOTTFRIED 1986,S/C
660,27942891,SISTEMAS DE ALIMENTACION DE ENERGIA PARA LAS TELECOMUNICACIONES PARTE I PRINCIPIOS BASICOS HANS GUMHALTER 1987,S/C
661,27944040,TELECOMUNICACION DIGITAL TOMO I INFORMACION BASICA 1988 TOMO II TECNOLOGIA CROSSCONECT Y MULTIPLEXADO 1990 TOMO III EQUIPO DE LINEA PARA SISTEMAS DE TRANSMISION POR FIBRAS OPTICAS 1988,S/C
662,27962631,MICROCOMPUTADORES CONCEPTOS BASICOS MODULOS Y CONJUNTOS MODULARES MEDIOS AUXILIARES PARA PLANIFICAR SISTEMAS CONTROLADOS POR MICROCOMPUTADORES HERRAMIENTAS PARA DESARROLLOS HEINRICH KEIL 1988,S/C
663,27962648,MICROELECTRONIC CIRCUITS ADEL S SEDRA KENNETH C SMITH SECOND EDITION 1987 U S A CBS COLLEGE PUBLISHING,S/C
664,27962649,MICROELECTRONIC CIRCUITS ADEL S SEDRA KENNETH C SMITH SECOND EDITION 1987 U S A CBS COLLEGE PUBLISHING,S/C
665,27969229,BIENES SUJETOS A CONTROL/MESA RECTANGULAR/MIXTO/MESA RECTANGULAR ESTRUCTURA METALICA Y SUPERFICIE DE MADERA DE: 85 CM X 60 CM,293727
666,27969232,BIENES SUJETOS A CONTROL/MESA RECTANGULAR/MIXTO/MESA RECTANGULAR ESTRUCTURA METALICA Y SUPERFICIE DE MADERA DE: 85 CM X 60 CM,293732
667,27969406,BIENES SUJETOS A CONTROL/PIZARRA/PIZARRON PORCELANIZADO PARA TIZA LIQUIDA DE:122X244 CM.,296146
668,27969407,BIENES SUJETOS A CONTROL/PIZARRA/PIZARRON PORCELANIZADO PARA TIZA LIQUIDA DE:122X244 CM.,296147
669,27969408,BIENES SUJETOS A CONTROL/PIZARRA/PIZARRON PORCELANIZADO PARA TIZA LIQUIDA DE:122X244 CM.,296148
670,27969409,BIENES SUJETOS A CONTROL/PIZARRA/PIZARRON PORCELANIZADO PARA TIZA LIQUIDA DE:122X244 CM.,296149
671,27970418,SILLA FABRICADA EN TUBO REDONDO DE 3/4 EN 1.5 ASIENTO Y ESPALDAR DE MADERA TRIPLE DE 12MM FORRADA CON TAPIZ DE TELA COLOR AZUL,303718
672,27970426,SILLA FABRICADA EN TUBO REDONDO DE 3/4 EN 1.5 ASIENTO Y ESPALDAR DE MADERA TRIPLE DE 12MM FORRADA CON TAPIZ DE TELA COLOR AZUL,303726
673,27970435,SILLA FABRICADA EN TUBO REDONDO DE 3/4 EN 1.5 ASIENTO Y ESPALDAR DE MADERA TRIPLE DE 12MM FORRADA CON TAPIZ DE TELA COLOR AZUL,303735
674,27970470,SILLA FABRICADA EN TUBO REDONDO DE 3/4 EN 1.5 ASIENTO Y ESPALDAR DE MADERA TRIPLE DE 12MM FORRADA CON TAPIZ DE TELA COLOR AZUL,303770
675,27970473,SILLA FABRICADA EN TUBO REDONDO DE 3/4 EN 1.5 ASIENTO Y ESPALDAR DE MADERA TRIPLE DE 12MM FORRADA CON TAPIZ DE TELA COLOR AZUL,303773
676,27970474,SILLA FABRICADA EN TUBO REDONDO DE 3/4 EN 1.5 ASIENTO Y ESPALDAR DE MADERA TRIPLE DE 12MM FORRADA CON TAPIZ DE TELA COLOR AZUL,303774
677,27970475,SILLA FABRICADA EN TUBO REDONDO DE 3/4 EN 1.5 ASIENTO Y ESPALDAR DE MADERA TRIPLE DE 12MM FORRADA CON TAPIZ DE TELA COLOR AZUL,303775
678,27970476,SILLA FABRICADA EN TUBO REDONDO DE 3/4 EN 1.5 ASIENTO Y ESPALDAR DE MADERA TRIPLE DE 12MM FORRADA CON TAPIZ DE TELA COLOR AZUL,303776
679,27970480,SILLA FABRICADA EN TUBO REDONDO DE 3/4 EN 1.5 ASIENTO Y ESPALDAR DE MADERA TRIPLE DE 12MM FORRADA CON TAPIZ DE TELA COLOR AZUL,303780
680,27970499,SILLA FABRICADA EN TUBO REDONDO DE 3/4 EN 1.5 ASIENTO Y ESPALDAR DE MADERA TRIPLE DE 12MM FORRADA CON TAPIZ DE TELA COLOR AZUL,303799
681,27970502,SILLA FABRICADA EN TUBO REDONDO DE 3/4 EN 1.5 ASIENTO Y ESPALDAR DE MADERA TRIPLE DE 12MM FORRADA CON TAPIZ DE TELA COLOR AZUL,303802
682,27970514,SILLA FABRICADA EN TUBO REDONDO DE 3/4 EN 1.5 ASIENTO Y ESPALDAR DE MADERA TRIPLE DE 12MM FORRADA CON TAPIZ DE TELA COLOR AZUL,303814
683,27970537,SILLA FABRICADA EN TUBO REDONDO DE 3/4 EN 1.5 ASIENTO Y ESPALDAR DE MADERA TRIPLE DE 12MM FORRADA CON TAPIZ DE TELA COLOR AZUL,303837
684,27970557,SILLA FABRICADA EN TUBO REDONDO DE 3/4 EN 1.5 ASIENTO Y ESPALDAR DE MADERA TRIPLE DE 12MM FORRADA CON TAPIZ DE TELA COLOR AZUL,303857
685,27970562,SILLA FABRICADA EN TUBO REDONDO DE 3/4 EN 1.5 ASIENTO Y ESPALDAR DE MADERA TRIPLE DE 12MM FORRADA CON TAPIZ DE TELA COLOR AZUL,303862
686,27970587,SILLA FABRICADA EN TUBO REDONDO DE 3/4 EN 1.5 ASIENTO Y ESPALDAR DE MADERA TRIPLE DE 12MM FORRADA CON TAPIZ DE TELA COLOR AZUL,303887
687,27970594,SILLA FABRICADA EN TUBO REDONDO DE 3/4 EN 1.5 ASIENTO Y ESPALDAR DE MADERA TRIPLE DE 12MM FORRADA CON TAPIZ DE TELA COLOR AZUL,303894
688,27970597,SILLA FABRICADA EN TUBO REDONDO DE 3/4 EN 1.5 ASIENTO Y ESPALDAR DE MADERA TRIPLE DE 12MM FORRADA CON TAPIZ DE TELA COLOR AZUL,303897
689,27970754,PORTA CPU METALICO COLOR PLOMO CON GARRUCHAS,306429
690,27970755,PORTA CPU METALICO COLOR PLOMO CON GARRUCHAS,306430
691,27970875,SILLA ESTRUCTURA METALICA GRIS ASIENTO Y ESPALDAR TAPIZADOS EN TELA AZUL,306611
692,27970900,SILLA ESTRUCTURA METALICA GRIS ASIENTO Y ESPALDAR TAPIZADOS EN TELA AZUL,306636
693,27970901,SILLA ESTRUCTURA METALICA GRIS ASIENTO Y ESPALDAR TAPIZADOS EN TELA AZUL,306637
694,27970910,TABURETE ESTRUCTURA METALICA COLOR GRIS ASIENTO TAPIZADO EN CUERINA NEGRA DE: 65 CM DE ALTO,306646
695,27970913,TABURETE ESTRUCTURA METALICA COLOR GRIS ASIENTO TAPIZADO EN CUERINA NEGRA DE: 65 CM DE ALTO,306649
696,27970916,TABURETE ESTRUCTURA METALICA COLOR GRIS ASIENTO TAPIZADO EN CUERINA NEGRA DE: 65 CM DE ALTO,306652
697,27970919,TABURETE ESTRUCTURA METALICA COLOR GRIS ASIENTO TAPIZADO EN CUERINA NEGRA DE: 65 CM DE ALTO,306655
698,27970921,TABURETE ESTRUCTURA METALICA COLOR GRIS ASIENTO TAPIZADO EN CUERINA NEGRA DE: 65 CM DE ALTO,306657
699,27970922,TABURETE ESTRUCTURA METALICA COLOR GRIS ASIENTO TAPIZADO EN CUERINA NEGRA DE: 65 CM DE ALTO,306658
700,27970923,TABURETE ESTRUCTURA METALICA COLOR GRIS ASIENTO TAPIZADO EN CUERINA NEGRA DE: 65 CM DE ALTO,306659
701,27970925,TABURETE ESTRUCTURA METALICA COLOR GRIS ASIENTO TAPIZADO EN CUERINA NEGRA DE: 65 CM DE ALTO,336661
702,27970934,TABURETE ESTRUCTURA METALICA COLOR GRIS ASIENTO TAPIZADO EN CUERINA NEGRA DE: 65 CM DE ALTO,306670
703,27970935,TABURETE ESTRUCTURA METALICA COLOR GRIS ASIENTO TAPIZADO EN CUERINA NEGRA DE: 65 CM DE ALTO,306671
704,27970940,TABURETE ESTRUCTURA METALICA COLOR GRIS ASIENTO TAPIZADO EN CUERINA NEGRA DE: 65 CM DE ALTO,306676
705,27970945,TABURETE ESTRUCTURA METALICA COLOR GRIS ASIENTO TAPIZADO EN CUERINA NEGRA DE: 65 CM DE ALTO,306681
706,27971023,MODULO RECTANGULAR CON PEDESTALES METALICOS TUBULARES CON REGULADORES DE PISO DE: 70 CM X 50 CM X 72 CM DE ALTO,306774
707,27971028,MODULO RECTANGULAR CON PEDESTALES METALICOS TUBULARES CON REGULADORES DE PISO DE: 70 CM X 50 CM X 72 CM DE ALTO,306779
708,27971031,MODULO RECTANGULAR CON PEDESTALES METALICOS TUBULARES CON REGULADORES DE PISO DE: 70 CM X 50 CM X 72 CM DE ALTO,306782
709,27971032,MODULO RECTANGULAR CON PEDESTALES METALICOS TUBULARES CON REGULADORES DE PISO DE: 70 CM X 50 CM X 72 CM DE ALTO,306783
710,27978041,BOBINA PARA PRUEBA PARA EL FLUXOMETRO-TYPE 1,445877
711,27978165,CAUTIN ELECTRICO MANGO DE MADERA 30W 110V.,451732
712,27978439,CAUTIN WELLER 100/140W,453462
713,27978561,SOPLADOR DE HOJAS Y ASPIRADORA,463249
714,27978584,CABLE DE MEDICION COAXIAL MODELO VKD 75 5 M.,S/M
715,28162059,JUEGO DE LLAVES EXAGONALES MILLERS,92215
716,28256855,MULTIMETRO DIGITAL HUNG CHANG MODELO HC5010-C,HC5010-C
717,28256870,HERRAMIENTAS DE USO ESPECIALIZADO/MULTIPROBADOR/PROBADOR INTELLINET GENERADOR DE TONO,463240
718,28256871,MALETA DE HERRAMIENTAS MANHATTAN PARA REDES LAN DE ALUMINIO (19 PIEZAS),463250
719,28256887,CABLE DE MEDICION COAXIAL MODELO VKD 75 5 M.,S/M
720,28256888,CABLE DE MEDICION COAXIAL MODELO VKD 75 5 M.,S/M
721,28256889,CABLE DE MEDICION COAXIAL MODELO VKD 75 5 M.,S/M
722,28256890,TUBO DISTANCIADOR MODELO D,S/M
723,28256891,TUBO DISTANCIADOR MODELO D,S/M
724,28256892,TUBO DISTANCIADOR MODELO D,S/M
725,28256893,TUBO DISTANCIADOR MODELO D,S/M
726,28256894,TUBO DISTANCIADOR MODELO D,S/M
727,28256895,TUBO DISTANCIADOR MODELO D,S/M
728,28256896,TUBO DISTANCIADOR MODELO D,S/M
729,28256898,HERRAMIENTAS MENORES/CONDENSADOR/CONDENSADOR AJUSTABLE MONOFASICO-TRIFASICO-DL-2021,S/M
730,28256899,LAMPARA DE SENALIZACION COLOR ROJO 120V.CON CAJA METALICA DE:10X8X7 CM.CON DOS BORNES DE CONEXION.,S/M
731,28256900,LAMPARA DE SENALIZACION COLOR ROJO 120V.CON CAJA METALICA DE:10X8X7 CM.CON DOS BORNES DE CONEXION.,S/M
732,28256901,LAMPARA DE SENALIZACION COLOR ROJO 120V.CON CAJA METALICA DE:10X8X7 CM.CON DOS BORNES DE CONEXION.,S/M
733,28256902,LAMPARA DE SENALIZACION COLOR VERDE 120V.CON CAJA METALICA DE:10X8X7 CM.CON DOS BORNES DE CONEXION.,S/M
734,28256903,LAMPARA DE SENALIZACION COLOR VERDE 120V.CON CAJA METALICA DE:10X8X7 CM.CON DOS BORNES DE CONEXION.,S/M
735,28256904,LAMPARA DE SENALIZACION COLOR VERDE 120V.CON CAJA METALICA DE:10X8X7 CM.CON DOS BORNES DE CONEXION.,S/M
736,28257131,MULTIMETRO DIGITAL HUNG CHANG MODELO HC5010-C,HC5010-C
737,28257138,MULTIMETRO DIGITAL DE 3-1/2 DIGITOS RANGOS DE VOLTAJE 1000 VDC 750 VAC CORRIENTE 10 A AC/DC RESISTENCIA DE 200 MARCA BKTOOLKIT MODELO 2707 SERIE NO.263000846,2707AG
738,28257140,MULTIMETRO DIGITAL AUTORANGO FRECUENCIA 20 KHZ MARCA FLUKE MODELO 76 SERIE 67310883,76
739,28257152,MEGAHOMETRO DE MANIVELA PARA 5000V GOSSEN TIPO JK5000N Y CAB,102145
740,28265993,MUEBLES DE OFICINA/VITRINA/MIXTO/VITRINA METALICA-DE 4 PUERTAS,92271
741,28265994,TABURETE DE HIERRO,92272
742,28265996,ESCRITORIO ESTRUCTURA DE HIERRO TABLERO DE MADERA FORRADO CON COROSIL NEGRO TIPO SECRETARIA,92318
743,28266000,VITRINA ESTRUCTURA DE CEDRO Y DIVISIONES DE PLYWOOD DE 15 MM.DE:109.5X34.6X201 CM.SEIS ESPACIOS UNA PUERTA DOBLE HOJA CON VIDRIO EN LA PARTE SUPERIOR UNA PUERTA DE MADERA DOBLE HIJA EN LA PARTE BAJA,92609
744,28266003,TABURETE ARMAZON DE HIERRO,92840
745,28266004,TABURETES ESTRUCTURA DE TUBO REDONDO GALVANIZADO DE 1/2 CONASIENTO DE CEDRO DE 25.5 CM DE DIAMETRO Y 66 CM DE ALT0,92841
746,28266005,MODULO PARA COMPUTADOR ESTRUCTURA DE TUBO CUADRADO DE 3/4 X 1-1/2 TABLERO DE MADERA CONTRACHAPADA DE 15MM CON UNA GAVETA TABLERO PARA TECLADO Y TABLERO INTERMEDIO PARA PAPEL DE:120 CM X 70 CM X 71.5 CM DE ALTO,92885
747,28266006,MUEBLES DE USO EDUCATIVO Y ESCOLAR/PIZARRON/DE TIZA LIQUIDA/PIZARRON PORCELANIZADO PARA TIZA LIQUIDA MARCO DE ALUMINIO CON PORTATIZAS DE 3M X 1.225M,93003
748,28266007,MESAS ESPECIALES PARA COMPUTADORA TABLERO FORMICADO COLOR GRIS CON 2 TABLEROS PARA TECLADO 2 BASES DE C.P.U. 3 PASACABLES DE 230 CM X 60CM X 74CM,93004
749,28266008,ESCRITORIO DE TABLERO FORMICADO COLOR GRIS CON TABLERO PARA TECLADO PASACABLES DE: 125CM X 61CM X 75CM,93006
750,28266144,MUEBLES DE OFICINA/MODULAR/MADERA/MUEBLE ESTRUCTURA DE MADERA DE CEDRO CON TABLERO DE 12 MM Y TRASTAPAS DE 4 MM DE MADERA CONTRACHAPADA CON 16 GAVETAS CON DIVISIONES INTERNAS DE 61.8 CM X 119.8 CM X 101 CM DE ALTO,99035
751,28266229,TABURETE ESTRUCTURA DE TUBO CUADRADO DE 1 ASIENTO DE MADERA DE 32 CM.DE DIAMETRO 61 CM.DE ALTO,102042
752,28266230,TABURETE GIRATORIO ESTRUCTURA DE TUBO CUADRADO CON PERNO 60 CM.DE ALTO,102043
753,28266231,MUEBLES DE OFICINA/ESTANTERIA/MADERA/ESTANTE DE MADERA CONTRACHAPADA DE DOS CUERPOS 184 CM.ALTO 177CM X 55CM,102141
754,28266234,MUEBLES DE OFICINA/MESA DE TRABAJO/MADERA/MESA DE MADERA DE PINO LACADO AL NATURAL DE:150X80X75 CM.,102151
755,28266235,MUEBLES DE OFICINA/FRANELOGRAFO/FRANELOGRAFO EN MADERA CONTRACHAPADA DE 9 MM. FORRADO CON PANO COLOR VERDE DE:150X80 CM.,102172
756,28266236,MUEBLES DE OFICINA/SILLON/GIRATORIO/SILLON EJECUTIVO ESPALDAR BAJO ESTRUCTURA METALICA Y PLASTICA ASIENTO Y ESPALDAR TAPIZADO EN YUTE NEGRO SISTEMA A GAS 5 RUEDAS GARRUCHAS,102176
757,28266237,MUEBLES DE OFICINA/ESTACION DE TRABAJO/MIXTO/ESTACION DE TRABAJO TABLERO MELAMINICO COLOR GRIS DE: 18OCM X 170CM TABLERO CORREDIZO PARA TECLADO 2 GAVETAS Y ARCHIVADOR,102177
758,28266238,MUEBLES DE OFICINA/MESA DE REUNION/MELAMINICO/MESA DE REUNIONES TABLERO MELAMINICO COLOR GRIS DE 160CM X 90CM,102178
759,28266239,ESTANTE MELAMINICO 3 ESPACIOS CON PUERTA EN LA PARTE INFERIOR DE: 198CM X 90CM X 40CM,102179
760,28266272,MUEBLES DE USO EDUCATIVO Y ESCOLAR/PIZARRON/DE TIZA LIQUIDA/PIZARRON PARA TIZA LIQUIDA FILO DE ALUMINIO DE:123X481 CM.(2 TRAMOS),103409
761,28266493,MUEBLES DE OFICINA/MESA RECTANGULAR/MADERA/MESA DE MADERA DE CEDRO DOBLE TABLERO.80 X 50 X 68CM.,111687
762,28266709,ESCRITORIO ESTRUCTURA DE TUBO CUADRADO DE 1 TABLERO DE MADERA FORRADO CON COROSIL NEGRO DE: 119X59X66 CM.,245157
763,28272488,SILLA ESTRUCTURA DE TUBO CUADRADO DE 1 CON ASIENTO Y ESPALDAR DE MADERA CONTRACHAPADA DE 15MM.TAPIZADO CON EXPANDIBLE NEGRO,376152
764,28272490,SILLA ESTRUCTURA DE TUBO CUADRADO DE 1 CON ASIENTO Y ESPALDAR DE MADERA CONTRACHAPADA DE 15MM.TAPIZADO CON EXPANDIBLE NEGRO,376154
765,28273219,SILLA DE CONFERENCIA ALTA REF.S 313,377307
766,28273224,SILLA DE CONFERENCIA ALTA REF.S 313,377312
767,28273245,SILLA ESTRUCTURA DE HIERRO TABLERO Y ASIENTO FORRADO CON COROSIL,377333
768,28273249,SILLA ESTRUCTURA DE HIERRO TABLERO Y ASIENTO FORRADO CON COROSIL,377337
769,28273275,MUEBLES DE OFICINA/SILLON/GIRATORIO/SILLON GIRATORIO DE ESTRUCTURA METALICA Y PLASTICO CON CODERAS ASIENTO Y ESPALDAR FORRADO CON DAMASCO NEGRO SISTEMA A GAS Y 5 RUEDAS GARRUCHAS,377371
770,28276510,MESA ESTRUCTURA DE HIERRO CON TABLERO DE MADERA FORRADA CON FORMICA DE:288X72X75 CM.,259750
771,28276512,MESA ESTRUCTURA DE HIERRO CON TABLERO DE MADERA FORRADA CON FORMICA DE:302X72X75 CM.,259755
772,28276513,MESA ESTRUCTURA DE HIERRO CON TABLERO DE MADERA FORRADA CON FORMICA DE:256X72X75 CM.,259756
773,28276514,MESA ESTRUCTURA DE HIERRO CON TABLERO DE MADERA FORRADA CON FORMICA DE:246X72X75 CM.,259757
774,28276530,MESA ESTRUCTURA DE HIERRO CON TABLERO DE MADERA FORRADA CON FORMICA DE:285X72X75 CM.,259892
775,28276726,SILLA ESTRUCTURA DE TUBO CUADRADO ASIENTO Y ESPALDAR FORRADO CON COROSIL COLOR NEGRO,262102
776,28276731,SILLA ESTRUCTURA DE TUBO CUADRADO ASIENTO Y ESPALDAR FORRADO CON COROSIL COLOR NEGRO,262107
777,28281599,ESTANTE MELAMINICO 3 ESPACIOS CON PUERTA EN LA PARTE INFERIOR DE: 198CM X 90CM X 40CM,443804
778,28281600,ESTANTE MELAMINICO 3 ESPACIOS CON PUERTA EN LA PARTE INFERIOR DE: 198CM X 90CM X 40CM,443805
779,28281608,TABURETE ESTRUCTURA DE TUBO CUADRADO DE 1 ASIENTO DE MADERA DE 32 CM.DE DIAMETRO 61 CM.DE ALTO,443830
780,28281609,TABURETE ESTRUCTURA DE TUBO CUADRADO DE 1 ASIENTO DE MADERA DE 32 CM.DE DIAMETRO 61 CM.DE ALTO,443831
781,28281610,TABURETE ESTRUCTURA DE TUBO CUADRADO DE 1 ASIENTO DE MADERA DE 32 CM.DE DIAMETRO 61 CM.DE ALTO,443832
782,28281611,TABURETE ESTRUCTURA DE TUBO CUADRADO DE 1 ASIENTO DE MADERA DE 32 CM.DE DIAMETRO 61 CM.DE ALTO,443833
783,28281612,TABURETE ESTRUCTURA DE TUBO CUADRADO DE 1 ASIENTO DE MADERA DE 32 CM.DE DIAMETRO 61 CM.DE ALTO,443834
784,28281613,TABURETE GIRATORIO ESTRUCTURA DE TUBO CUADRADO CON PERNO 60 CM.DE ALTO,443835
785,28281883,MUEBLES DE OFICINA/ESTANTERIA/MIXTO/ESTANTE DE TABLERO AGLOMERADO FORRADO CON MELAMINE DOCE ESPACIOS CON CUATRO PUERTAS CORREDIZAS DE VIDRIO DE 200X222X43 CM.,446132
786,28281885,MESAS ESPECIALES PARA COMPUTADORA TABLERO FORMICADO COLOR GRIS CON 2 TABLEROS PARA TECLADO 2 BASES DE C.P.U. 3 PASACABLES DE 230 CM X 60CM X 74CM,446230
787,28281886,MESAS ESPECIALES PARA COMPUTADORA TABLERO FORMICADO COLOR GRIS CON 2 TABLEROS PARA TECLADO 2 BASES DE C.P.U. 3 PASACABLES DE 230 CM X 60CM X 74CM,446231
788,28281887,MESAS ESPECIALES PARA COMPUTADORA TABLERO FORMICADO COLOR GRIS CON 2 TABLEROS PARA TECLADO 2 BASES DE C.P.U. 3 PASACABLES DE 230 CM X 60CM X 74CM,446232
789,28281888,MESAS ESPECIALES PARA COMPUTADORA TABLERO FORMICADO COLOR GRIS CON 2 TABLEROS PARA TECLADO 2 BASES DE C.P.U. 3 PASACABLES DE 230 CM X 60CM X 74CM,446233
790,28281889,MESAS ESPECIALES PARA COMPUTADORA TABLERO FORMICADO COLOR GRIS CON 2 TABLEROS PARA TECLADO 2 BASES DE C.P.U. 3 PASACABLES DE 230 CM X 60CM X 74CM,446234
791,28281890,MESAS ESPECIALES PARA COMPUTADORA TABLERO FORMICADO COLOR GRIS CON 2 TABLEROS PARA TECLADO 2 BASES DE C.P.U. 3 PASACABLES DE 230 CM X 60CM X 74CM,446235
792,28281891,MESAS ESPECIALES PARA COMPUTADORA TABLERO FORMICADO COLOR GRIS CON 2 TABLEROS PARA TECLADO 2 BASES DE C.P.U. 3 PASACABLES DE 230 CM X 60CM X 74CM,446236
793,28281892,MESAS ESPECIALES PARA COMPUTADORA TABLERO FORMICADO COLOR GRIS CON 2 TABLEROS PARA TECLADO 2 BASES DE C.P.U. 3 PASACABLES DE 230 CM X 60CM X 74CM,446237
794,28281893,SILLA ARMAZON METALICO ASIENTO Y ESPALDAR DE MADERA COROSIL NEGRO,446590
795,28281894,SILLA ARMAZON METALICO ASIENTO Y ESPALDAR DE MADERA COROSIL NEGRO,446592
796,28281895,SILLA ARMAZON METALICO ASIENTO Y ESPALDAR DE MADERA COROSIL NEGRO,446593
797,28281896,SILLA ARMAZON METALICO ASIENTO Y ESPALDAR DE MADERA COROSIL NEGRO,446594
798,28281897,TABURETE ARMAZON DE HIERRO,44667
799,28281898,TABURETE ARMAZON DE HIERRO,446672
800,28281899,TABURETE ARMAZON DE HIERRO,446673
801,28281900,TABURETE DE HIERRO,446674
802,28281901,TABURETE DE HIERRO,446675
803,28281902,TABURETE DE HIERRO,446676
804,28281903,TABURETE DE HIERRO,446677
805,28281904,TABURETE DE HIERRO,446678
806,28281905,TABURETE DE HIERRO,446679
807,28281906,TABURETE DE HIERRO,446680
808,28281907,TABURETE DE HIERRO,446681
809,28281908,TABURETE DE HIERRO,446682
810,28281909,TABURETE DE HIERRO,446683
811,28281910,TABURETE DE HIERRO,446684
812,28281911,TABURETE DE HIERRO,446685
813,28281912,TABURETE DE HIERRO,446686
814,28281913,TABURETES ESTRUCTURA DE TUBO REDONDO GALVANIZADO DE 1/2 CONASIENTO DE CEDRO DE 25.5 CM DE DIAMETRO Y 66 CM DE ALT0,446687
815,28281914,TABURETES ESTRUCTURA DE TUBO REDONDO GALVANIZADO DE 1/2 CONASIENTO DE CEDRO DE 25.5 CM DE DIAMETRO Y 66 CM DE ALT0,446688
816,28281915,TABURETES ESTRUCTURA DE TUBO REDONDO GALVANIZADO DE 1/2 CONASIENTO DE CEDRO DE 25.5 CM DE DIAMETRO Y 66 CM DE ALT0,446689
817,28281916,TABURETES ESTRUCTURA DE TUBO REDONDO GALVANIZADO DE 1/2 CONASIENTO DE CEDRO DE 25.5 CM DE DIAMETRO Y 66 CM DE ALT0,446690
818,28281917,TABURETES ESTRUCTURA DE TUBO REDONDO GALVANIZADO DE 1/2 CONASIENTO DE CEDRO DE 25.5 CM DE DIAMETRO Y 66 CM DE ALT0,446691
819,28281918,TABURETES ESTRUCTURA DE TUBO REDONDO GALVANIZADO DE 1/2 CONASIENTO DE CEDRO DE 25.5 CM DE DIAMETRO Y 66 CM DE ALT0,446692
820,28281919,TABURETES ESTRUCTURA DE TUBO REDONDO GALVANIZADO DE 1/2 CONASIENTO DE CEDRO DE 25.5 CM DE DIAMETRO Y 66 CM DE ALT0,446693
821,28281920,TABURETES ESTRUCTURA DE TUBO REDONDO GALVANIZADO DE 1/2 CONASIENTO DE CEDRO DE 25.5 CM DE DIAMETRO Y 66 CM DE ALT0,446694
822,28281921,TABURETES ESTRUCTURA DE TUBO REDONDO GALVANIZADO DE 1/2 CONASIENTO DE CEDRO DE 25.5 CM DE DIAMETRO Y 66 CM DE ALT0,446695
823,28281922,TABURETES ESTRUCTURA DE TUBO REDONDO GALVANIZADO DE 1/2 CONASIENTO DE CEDRO DE 25.5 CM DE DIAMETRO Y 66 CM DE ALT0,446696
824,28281923,TABURETES ESTRUCTURA DE TUBO REDONDO GALVANIZADO DE 1/2 CONASIENTO DE CEDRO DE 25.5 CM DE DIAMETRO Y 66 CM DE ALT0,446697
825,28281924,VITRINA ESTRUCTURA DE CEDRO Y DIVISIONES DE PLYWOOD DE 15 MM.DE:109.5X34.6X201 CM.SEIS ESPACIOS UNA PUERTA DOBLE HOJA CON VIDRIO EN LA PARTE SUPERIOR UNA PUERTA DE MADERA DOBLE HIJA EN LA PARTE BAJA,447187
826,28281925,VITRINA ESTRUCTURA DE CEDRO Y DIVISIONES DE PLYWOOD DE 15 MM.DE:109.5X34.6X201 CM.SEIS ESPACIOS UNA PUERTA DOBLE HOJA CON VIDRIO EN LA PARTE SUPERIOR UNA PUERTA DE MADERA DOBLE HIJA EN LA PARTE BAJA,447188
827,28283003,MUEBLES DE OFICINA/ESTACION DE TRABAJO/MIXTO/ESTACION DE TRABAJO DE 150X150X60CM CON PEDESTALES TUBULARES FALDON Y CAJONERA METALICA DE DOS GAVETAS Y UN ARCHIVO CON SEGURIDAD SUPERFICIE DE MADERA DE 25MM CON SISTEMA PASACABLES Y PORTATECLADO CORREDIZO 19,462785
828,28283314,MUEBLES DE OFICINA/LAMPARA/DE EXTERIORES/LAMPARA DE SENALIZACION COLOR VERDE 120V.CON CAJA METALICA DE:10X8X7 CM.CON DOS BORNES DE CONEXION.,S/M
829,28283315,MUEBLES DE OFICINA/LAMPARA/DE EXTERIORES/LAMPARA DE SENALIZACION COLOR ROJO 120V.CON CAJA METALICA DE:10X8X7 CM.CON DOS BORNES DE CONEXION.,S/M
830,28285454,MESA ESTRUCTURA METALICA TABLERO DE FORMICA DE:120X60 CM.,283337
831,28285455,MESA ESTRUCTURA METALICA TABLERO DE FORMICA DE:120X60 CM.,283338
832,28285460,MESA ESTRUCTURA METALICA TABLERO DE FORMICA DE:120X60 CM.,283343
833,28285469,MESA ESTRUCTURA METALICA TABLERO DE FORMICA DE:120X60 CM.,283352
834,28285475,MESA ESTRUCTURA METALICA TABLERO DE FORMICA DE:120X60 CM.,283358
835,28285476,MESA ESTRUCTURA METALICA TABLERO DE FORMICA DE:120X60 CM.,283359
836,28285560,MUEBLES DE OFICINA/MODULAR/MADERA/MUEBLE ESTRUCTURA DE MADERA DE CEDRO FORRADO CON TABLEROS DE MADERA CONTRACHAPADA DE:206CM. DE LARGO X 176CM. DE ALTO X 40CM. DE FONDO CON 16 CASILLEROS,285480
837,28286565,BIBLIOTECA DE 5 ESPACIOS DE 90CM DE LONGITUD X 60CM DE FONDO Y 210CM DE ALTO CON DOS PUERTAS DE MELAMINA Y 2 PUERTAS DE VIDRIO CON SEGURIDAD 1,356034
838,28286566,BIBLIOTECA DE 5 ESPACIOS DE 90CM DE LONGITUD X 60CM DE FONDO Y 210CM DE ALTO CON DOS PUERTAS DE MELAMINA Y 2 PUERTAS DE VIDRIO CON SEGURIDAD 2,356035
839,28286567,BIBLIOTECA DE 5 ESPACIOS DE 90CM DE LONGITUD X 60CM DE FONDO Y 210CM DE ALTO CON DOS PUERTAS DE MELAMINA Y 2 PUERTAS DE VIDRIO CON SEGURIDAD 3,356036
840,28286568,BIBLIOTECA DE 5 ESPACIOS DE 90CM DE LONGITUD X 60CM DE FONDO Y 210CM DE ALTO CON DOS PUERTAS DE MELAMINA Y 2 PUERTAS DE VIDRIO CON SEGURIDAD 4,356037
841,28286569,BIBLIOTECA DE 5 ESPACIOS DE 90CM DE LONGITUD X 60CM DE FONDO Y 210CM DE ALTO CON DOS PUERTAS DE MELAMINA Y 2 PUERTAS DE VIDRIO CON SEGURIDAD 5,356038
842,28286570,BIBLIOTECA DE 5 ESPACIOS DE 90CM DE LONGITUD X 60CM DE FONDO Y 210CM DE ALTO CON DOS PUERTAS DE MELAMINA Y 2 PUERTAS DE VIDRIO CON SEGURIDAD 6,356039
843,28286571,BIBLIOTECA DE 5 ESPACIOS DE 90CM DE LONGITUD X 60CM DE FONDO Y 210CM DE ALTO CON DOS PUERTAS DE MELAMINA Y 2 PUERTAS DE VIDRIO CON SEGURIDAD 7,356040
844,28286572,BIBLIOTECA DE 5 ESPACIOS DE 90CM DE LONGITUD X 60CM DE FONDO Y 210CM DE ALTO CON DOS PUERTAS DE MELAMINA Y 2 PUERTAS DE VIDRIO CON SEGURIDAD 8,356041
845,28286573,BIBLIOTECA DE 5 ESPACIOS DE 90CM DE LONGITUD X 60CM DE FONDO Y 210CM DE ALTO CON DOS PUERTAS DE MELAMINA Y 2 PUERTAS DE VIDRIO CON SEGURIDAD 9,356042
846,28286574,BIBLIOTECA DE 5 ESPACIOS DE 90CM DE LONGITUD X 60CM DE FONDO Y 210CM DE ALTO CON DOS PUERTAS DE MELAMINA Y 2 PUERTAS DE VIDRIO CON SEGURIDAD 10,356043
847,28290676,SILLA ARMAZON METALICO ASIENTO Y ESPALDAR DE MADERA COROSIL NEGRO,446591
848,28297298,MUEBLES DE OFICINA/ARCHIVADOR/METAL/ARCHIVADOR METALICO DE 4 GAVETAS CON LLAVE TRAMPA (ARCHIVO),76753
849,28470716,PROYECTOR DE DATOS Y VIDEOS INFOCUS X2- SERIE AMMC43501482- CONTROL REMOTO- EN MALETIN NEGRO DE NYLON,X2
850,28471346,MODULO DE SWITCHE DE PALANCA SELECTORA C/W.2 SWITCHE SELECTORES Y 2 PALANCAS DE SWITCHE 120V.AC/DC 28-602,92219
851,28471347,POLOS 3 UNIDADES-10 MODULOS DE INTERRUPTOR AUTOMATICO A-AC/DC.LUZ PILOTO C/W-28-605,28-605
852,28471348,MODULO DE SOBRECARGA AC/DC 28-613,92221
853,28471349,MODULO DE TIEMPO DEFINIDO DE RELE RETARDADOR C/W.2 RELES DE TIEMPOS RETARDADOR 120V.-AC/DC 28-619,92222
854,28471350,TAMBOR DE MODULO CONTROLADOR 28-620,92223
855,28471351,MODULO RELE DC C/W 2 DPDT RELES 120 V-DC 28-630,92224
856,28471352,MODULO CONTACTOR DC-C/W5NC Y MC-CONTACTOS DE 120V.DC-28-631,92225
857,28471353,MODULO RELE CEMF.120V-CONTACTO DC.28-632,92226
858,28471354,MODULO DE RELE DE FALLA DE CAMPO DE DERIVACION 28-633,92227
859,28471355,MODULO CONTACTOR MAGNETICO AC-120V-ACC/W4N0Y4 NC CONTACTORES,92228
860,28471356,MODULO RELE AC C/W RELE-DMDT 120V AC 28-662,92229
861,28471357,MODULO RELE DE TIEMPO AJUSTABLE C/W CONTACTOR DPDT.BOBINA 28-663,92230
862,28471358,MODULO CRONOGRAFO RECICULAR 120 AC C/W NO-NC-CONTACTOS 28-664,92231
863,28471359,MODULO MOTOR SINCRONICO N.28-100,92233
864,28471360,MODULO DE MOTOR DEVANADO-DE ARDILLA 28-105,92234
865,28471361,MODULO DE MOTOR DE FASE PARTIDA N.28-125,92235
866,28471362,MODULO DE MOTOR DE ARRANQUE POR CAPACITOR.NO.28-130,92236
867,28471363,MODULO DE MOTOR DE FASE PARTIDA PERMANENTE N.28-135,92237
868,28471364,MODULO DE MOTOR UNIVERSAL N.28-140,92238
869,28471365,MOTOR GENERADOR DE CD.N.28-150,92239
870,28471366,TACOMETRO 0-2.500 RPM NO.28-200,92240
871,28471367,TACOMETRO 0-8.000 RPM NO.28-201,92241
872,28471368,MODULO FRENO PRONY DE LA CORRIENTE EDDY.NO.28-205,92242
873,28471369,MEDIDOR MODULO CA NO.28-284,92257
874,28471372,MODULO ALTERNADOR SINCRONICO.28-101,92274
875,28471373,MODULOS OTOR ALTERNADOR SINCRONICOS.28-102,92275
876,28471374,MODULO MOTOR DE ROTOR DEVANADO 28-110,92276
877,28471375,MODULO RELE DC C/W 2 DPDT RELES 120V-DC NO.28-630,92279
878,28471376,BANCO DE PRUEBAS PARA ALTERNADORES Y MOTORES DC DL 2011 Y,DL2011
879,28471377,BANCO DE PRUEBA PARA MOTOR DC Y JG.DE GENERADOR DC DL 2012,92283
880,28471378,BANCO DE PRUEBA PARA MOTORES DE INDUCCION CON MEDIDA TORQUE,92284
881,28471379,BANCO DE PRUBA PARA TRANSFORMADORES COMPLET.1TURRET-1TRANSFO,DL2080
882,28471381,EQUIPOS DE LABORATORIO; CIENCIA; OBSERVACION Y COMPROBACION/SEÑALADOR O INDICADOR/INDICADOR DE SECUENCIA DE FASE-SL100SF,803123
883,28471384,TRANSFORMADOR MONOFASICO DE AIRE REFRIGERADO-2093,92298
884,28471385,UNIDAD DE PRUEBA DE MAQUINA ROTANTE ELECTRICO 3G-3M-DL-2007,92301
885,28471390,EQUIPOS DE LABORATORIO; CIENCIA; OBSERVACION Y COMPROBACION/GENERADOR DE FUNCIONES/GENERADOR DE FUNCIONES HUNG CHANG.HC-G205.SERIE NO.G01599,HC-G205
886,28471394,CONTACTOR 6A-220V.CON BOBINA DE 120V.3 CONTACTORES NA Y 3NC-CON CAJA METALICA DE:12X10X14 CM.18 BORNES CONEXION EXTERNA.,92455
887,28471395,MAQUINARIA Y EQUIPO PARA LA CONSTRUCCION; INDUSTRIA Y MINERIA/FOTOTACOMETRO/OPTOTACOMETRO DIGITAL TACHO-MODELO DT-2234A-SERIE NO.L 092914-EN ESTRUCHE DE PLASTICO COLOR NEGRO.,DT-2234A
888,28471396,EQUIPO ELECTRONICO DIDACTICO PARA EL CONTROL DE VELOCIDAD DE UN MOTOR DE INDUCCION BASADO EN EL SISTEMA RECUPERADOR DE ENERGIA DE DESLIZAMIENTO-COMPUESTO DE 9 MODULOS,92615
889,28471398,TACOMETRO DIGITAL HASTA 20000 RPM-MARCA EXTECH-SERIE NO.302681 INCLUYE ESTUCHE PLASTICO,92649
890,28471399,TACOMETRO DIGITAL HASTA 20000 RPM-MARCA EXTECH-SERIE NO.302672 INCLUYE ESTUCHE PLASTICO.,92650
891,28471401,"EQUIPOS DE PRENSA, RADIO Y TELEVISION/RADIO BASE DE COMUNICACION/RADIO MOTOROLA MODELO M336MC20D2AA SERIE NO.159TUE6284",M336MC20D2AA
892,28471403,EQUIPOS DE LABORATORIO; CIENCIA; OBSERVACION Y COMPROBACION/GENERADOR DE FUNCIONES/GENERADOR DE FUNCIONES CON RANGO DE FRECUENCIA-DE O.2HZ A 2MHZ-MARCA BK PRECISION-MODELO 3011B-SERIE 147-29483,3011B
893,28471404,OSCILOSCOPIO ANALOGICO DIGITAL-MARCA TECKTRONIX-MODELO TDS-210-SERIE B022626 Y B022627.INCLUYE 1 MANUAL-2 PUNTAS DE PRUEBA-CABLE DE ALIMENTACION-CERTIFICADO DE CALIBRACION NIST,TDS-210
894,28471406,OSCILOSCOPIO MARCA TEKTRONIX-MODELO TDS-210-SERIE B042777 INCLUYE MANUAL DEL USUARIO,TDS-210
895,28471408,RETROPROYECTOR MARCA DALITE-MODELO G200-SERIE D 07102,G200
896,28471409,GRABADOR UNIVERSAL MARCA EETOOLS- SERIE TMC-5297,TOPMAX
897,28471410,EQUIPOS DE OFICINA Y ADMINISTRACION/SECADOR DE MANOS/SECADOR MANUAL DE MANOS MARCA TEW- MODELO TCO-1500ES- SERIE KYWI-0307127,TCO-1500ES
898,28471411,MOTOR TRIFASICO MARCA SIEMENS DE 5 HP 220-440V 1720RPM IP55,93009
899,28471412,SUPERVISOR DE VOLTAJE DIGITAL TRIFASICO MARCA ICM- MODELO ICM-450 DE 190-360 VAC 50-60HZ,ICM450C
900,28471414,PROYECTOR DE DATOS Y VIDEO INFOCUS X1- SERIE AHHC40802572- CONTROL REMOTO INFOCUS- EN MALETIN NEGRO DE TELA,X1
901,28471415,PROYECTOR SONY- MODELO VPL-CS6- SERIE 44706- CONTROL REMOTO MARCA SONY- MODELO RM-PJM12- EN MALETIN NEGRO DE TELA,VPL-CS6
902,28471417,PROYECTOR DE DATOS Y VIDEO INFOCUS LP 540- SERIE ALSN43900595- CON CONTROL REMOTO RM-PJ2- EN MALETIN NEGRO DE NYLON,LP540
903,28471418,EQUIPOS DE LABORATORIO; CIENCIA; OBSERVACION Y COMPROBACION/CONTROL ELECTRONICO DE TEMPERATURA/EQUIPO PARA PROTECCION Y CONTROL DE MOTORES COMPUESTO DE: RELE ECTRONICO DE PROTECCION Y MANDO SIMOCODE MAS PANEL DE OPERACION MARCA SIEMENS S07-552- MODELO 3UF5001-3AJ00-1 CON ACCESORIOS,3UF5001-3AJ00-1
904,28471419,EQUIPO DE AUTOMATIZACION CON MODULOS ANALOGICOS DE ENTRADA Y SALIDA- FUENTE DE ALIMENTACION MARCA SIEMENS SIMATIC- MODELO S7-300- SERIE C-T2C16471,S7-300
905,28471778,EQUIPOS DE LABORATORIO; CIENCIA; OBSERVACION Y COMPROBACION/AMPERIMETRO/AMPERIMETRO DE TENAZA AMPERCLAMP ITALIANO ICE-ESCALA DE 2.5 A 500-EN ESTUCHE DE PLASTICO,AMPERCLAMP
906,28471779,BANCO PARA LABORATORIO DE MEDIDAS ELECTRICAS-CON LOS SIGUIENTES ELEM:5 FUENTES DE CORRIENTE:ALTERNA TRIFASICA FIJA-VARIABLE POR FASES-ALTERNA MONOFASICA FIJA-ALTERNA MONOFASICA VARIABLE-CONTINUA VARIABLE Y UNA MESA DE TRABAJO CON DOS BANCOS,98912
907,28471780,PUPITRE DE MANDO TRANSPORTABLES PHYWE 07422093-220-221-222,98918
908,28471781,EQUIPOS DE LABORATORIO; CIENCIA; OBSERVACION Y COMPROBACION/AMPERIMETRO/INSTRUMENTO DE MEDIDA A BOBINA MOVIL-GOSEEN P244,98919
909,28471782,EQUIPOS DE LABORATORIO; CIENCIA; OBSERVACION Y COMPROBACION/AMPERIMETRO/INSTRUMENTO DE PRECISION-A BOBINA MOVIL-PARA MEDIR LA CORRIENTE-GOSSEN P140,P140
910,28471783,EQUIPOS DE LABORATORIO; CIENCIA; OBSERVACION Y COMPROBACION/AMPERIMETRO/INSTRUMENTO DE PRECISION A BOBINA MOVIL-PARA MEDIR LA CORRIENTE-GOSSEN P144,P144
911,28471784,EQUIPOS DE LABORATORIO; CIENCIA; OBSERVACION Y COMPROBACION/AMPERIMETRO/INSTRUMENTO DE PRECISION A BOBINA MOVIL-PARA MEDIR LA CORRIENTE-GOSSEN P145,P145
912,28471785,EQUIPOS DE LABORATORIO; CIENCIA; OBSERVACION Y COMPROBACION/AMPERIMETRO/INSTRUMENTO DE PRECISION-BOBINA MOVIL-PARA MEDIR LA TENSION-GOSSEN P243,P243
913,28471786,INSTRUMENTO PARA MEDIR CON LUZ-LA CORRIENTE Y LA TENSION NORMA,98924
914,28471787,GALVANOMETRO PARA CORRIENTE CONTINUA-GOSSEN P-391,P-391
915,28471788,INSTRUMENTO DE PRECISION-PARA MEDIR LA CORRIENTE CONTINUA Y CORRIENTE ALTERNA-GOSSEN 141,141
916,28471789,INSTRUMENTO DE PRECISION PARA MEDIR LA CORRIENTE CONTINUA Y CORREITNE ALTERNA-GOSSEN 142,142
917,28471790,INSTRUMENTO DE PRECISION PARA MEDIR LA CORRIENTE CONTINUA Y CORRIENTE ALTERNA-GOSSEN 143,143
918,28471791,INSTRUMENTO DE PRECISION PARA MEDIR LA TENSION PARA CORRIENTE CONTINUA Y ALTERNA-GOSSEN A-240,A-240
919,28471792,INSTRUMENTO DE PRECISION PARA MEDIR TENSION-CORRIENTE CONTINUA ALTERNA GOSSEN A-242,A-242
920,28471793,INSTRUMENTO DE PRECISION PARA MEDIR TENSION-CORRIENTE CONTINUA ALTERNA GOSSEN A-243,A-243
921,28471794,EQUIPOS DE LABORATORIO; CIENCIA; OBSERVACION Y COMPROBACION/VATIMETRO/VATIMETRO CON HIERRO-CERRADO SISTEMA DE MEDIDA-GOSSEN D-141,D-141
922,28471795,EQUIPOS DE LABORATORIO; CIENCIA; OBSERVACION Y COMPROBACION/VATIMETRO/VATIMETRO CON HIERRO-CERRADO SISTEMA-GOSSEN D-145,D-145
923,28471796,INSTRUMENTO DE MEDIDA DE FACTOR POTENCIAL-GOSSEN D-KP-182,D-KP-182
924,28471797,INSTRUMENTO DE MEDIDA FACTOR POTENCIAL-CORRIENTE TRIFASICA-GOSSEN,98937
925,28471799,ENTRENADOR PARA EL APRENDIZAJE DE LA PROGRAMACION DE MICROPROCESADOR 6800 MARCA HEATHKIT-MODELO ET-3400A-SERIE NO.09-52168,ET-3400-A
926,28471801,EQUIPOS MEDICO QUIRURGICOS/OSCILOSCOPIO/OSCILOSCOPIO HUNG CHUNG.HC-5502.SERIE NO.205374,HC-5502
927,28471802,EQUIPOS MEDICO QUIRURGICOS/OSCILOSCOPIO/OSCILOSCOPIO HUNG CHUNG.HC-5502.SERIE NO.205542,HC-5502
928,28471803,EQUIPOS DE LABORATORIO; CIENCIA; OBSERVACION Y COMPROBACION/GENERADOR DE FUNCIONES/GENERADOR DE FUNCIONES HUNG CHUNG.HC-G205.SERIE NO.G01598,HC-G205
929,28471805,OSCILOSCOPIO MARCA TEKTRONIX-MODELO TDS-210-SERIE B042767 INCLUYE MANUAL DEL USUARIO,TDS-210
930,28472088,SISTEMA DE COMPONENTES PARA EXPERIMENTOS CON AT-TRES ETAPAS-COMPUESTO DE:COMBINACIONES TIPICAS PARA TENSIONES ALTERNAS-MODELO TOEK 300/10-LOS MISMOS QUE SE DETALLAN EN LOS ITEMS DEL 1 AL 83-90 Y 91,102044
931,28472089,TRANSFORMADOR DE PRUEBA PARA TENSIONES MODELO TEO 100/10 NO.88/49598 Y 88/49599,TEO
932,28472090,TRANSFORMADOR DE PRUEBA PARA TENSIONES MODELO TEO 100/10 NO.88/49600,TEO
933,28472091,CONMUTADOR DE PUESTA A TIERRA CON ACCIONAMIENTO EL. NO.87140,Z85994/1
934,28472092,CHISPOMETRO DE ACCIONAMIENTO ELECTRICO MODELO KF 14487,KF
935,28472093,CHISPOMETRO DE ACCIONAMIENTO ELECTRICO MODELO KF-NO. 14787,KF
936,28472094,CHISPOMETRO DE ACCIONAMIENTO ELECTRICO MODELO KF- NO.15287,KF
937,28472095,SISTEMA ACCIONADOR DE CHISPOMETRO CON EJE AISLANTE MODELO AKF,AKF
938,28472096,ELEMENTO DE APOYO AISLANTE MODELO IS,IS
939,28472097,ELEMENTO DE APOYO AISLANTE MODELO-IS,IS
940,28472098,ELEMENTO DE APOYO AISLANTE MODELO IS,IS
941,28472099,ELEMENTO DE APOYO AISLANTE MODELO IS,IS
942,28472100,ELEMENTO DE APOYO AISLANTE MODELO IS,IS
943,28472101,ELEMENTO DE APOYO AISLANTE-MODELO IS,IS
944,28472102,ELEMENTO DE APOYO AISLANTE-MODELO IS,IS
945,28472103,ELEMENTO DE APOYO AISLANTE-MODELO IS,IS
946,28472104,ELEMENTO DE APOYO AISLANTE-MODELO IS,IS
947,28472105,ELEMENTO DE APOYO AISLANTE-MODELO IS,IS
948,28472106,ELEMENTO DE APOYO AISLANTE-MODELO IS,IS
949,28472107,ELEMENTO DE APOYO AISLANTE-MODELO IS,IS
950,28472108,ELEMENTO DE INTERCONEXION-MODELO K,K
951,28472109,INSTRUMENTO PARA MEDIR TENSIONES DE CRESTA MODELO NO.SM NO.872 361,SM
952,28472110,INSTRUMENTO DE MEDICION DE TENSIONES DE CHOQUE NO.872 986 M.STM,STM
953,28472111,INSTRUMENTO DE MEDICION DE TENSIONES CONTINUAS MOD.GM NO.860736,GM
954,28472112,DISPOSITIVO DE DISPARO DE ENCENDIDO-MODELO ZAG NO.909 748,ZAG
955,28472113,BOLA DE ENCENDIDO ELECTRONICO-MODELO EZK NO.909 745,EZK
956,28472114,BOLA DE ENCENDIDO ELECTRONICO-MODELO EZK NO.911 644,EZK
957,28472115,CHISPOMETRO DE MEDICION DE ACCION-ELECTRICO MODELO MF (DOS ESTUCHES),MF
958,28472116,MESA DE MANDO Y REGULACION PREPARADA DE CHOQUE NO.865 289,102116
959,28472117,BARRA DE DESCARGA-MODELO EST-100 OHM,EST
960,28472118,ELEMENTO DE ENLACE PARA AT-MODELO HSV 300 NO.829 493,HSV
961,28472119,ELECTRODOS ESFERAS 0 250 MM.,102119
962,28472120,ELECTRODOS ESFERAS 0 250 MM.,102120
963,28472121,ELECTRODOS ESFERAS 0 250 MM.,102121
964,28472122,ELECTRODO-MODELO EL-25,EL-25
965,28472123,RECIPIENTE DE PRESION Y VACIO-MODELO DKU-NO.256 + ACCESORIOS,DKU
966,28472124,TRAMPA DE DESCARGAS DE CORONA-MODELO KR,KR
967,28472125,INSTRUMENTO COMPROBADOR DE ACEITE-MODELO.OP,OP
968,28472126,ENREJADO DE PROTECCION CON 3 ELEMENTOS DE ENREJADO 1 PUERTA DE ACCESO,102126
969,28472127,REDUCTORES DE PRESION-2 MANOMETROS (PRINCIPIOS/USO EN CILINDRO),2--89
970,28472128,EQUIPOS DE SEGURIDAD; VIGILANCIA Y CONTROL/EXTINTOR/EXTINTOR DE INCENDIOS DE 20 LBS.DE P.Q.S.-NO.EP9P-MARCA SFEME,102130
971,28472129,MULTIMETRO ANALOGICO DE AGUJA.ST-360 TR.,ST-360
972,28472130,ELECTRODO-DIAMETRO 800 MM.Y 300 MM.DE ALTURA.,102137
973,28472131,MEDIDOR DE RESISTENCIA DE TIERRA-NOS.DQ68 Y DQ69-TIPO MTA2,102144
974,28472132,MEDIDOR DE TIERRA MARCA NORMA SERIE NO.0045734,102146
975,28472133,PROBADOR DE LIQUIDOS DIELECTRICOS 2KVA 50KV-PARA 110V.,102147
976,28472134,TRANSFORMADOR MONOFASICO MARCA WAGNER SERIE NO.75040 451-NO.EM.3661-DE:6300 V./110-240V.,102159
977,28472135,RETROPROYECTOR MARCA DA-LITE-MODELO G-100-LT-SERIE NO.D214310,G-100-LT
978,28472136,CARRO ESTRUCTURA METALICA-DE:120X80 CM.CON CUATRO RUEDAS GIRATORIAS DE 6,102164
979,28472137,EQUIPOS DE OFICINA Y ADMINISTRACION/SECADOR DE MANOS/SECADOR AUTOMATICO DE MANOS- CON BOTON- MARCA TEW- MODELO TCD-1500ES- SERIE 0209215,TCO-1500ES
980,28472138,MAQUINARIA Y EQUIPO PARA LA CONSTRUCCION; INDUSTRIA Y MINERIA/PINZA AMPERIMETRICA/PINZA AMPEROMETRICA Y ANALIZADOR DE POTENCIA MARCA EXTECH- MODELO 38GD75,38GD75
981,28472412,MINI PLC LOGO 230RC 8 ENTRADAS DIGITALES- 4 SALIDAS DIGITALES MARCA SIEMENS SERIE C-R7K52368 CON DABLE PARA COMUNICACION ENTRE LOGO Y PC,240233
982,28472454,EQUIPO MARCA ELVIS-MODELO NI ELVIS NATIONAL INSTRUMENTS- SERIE NO. 11B194E- LABORATORIO EDUCACIONAL VIRTUAL QUE INCLUYE INSTRUMENTOSW- FUENTES DE VOLTAJE- GENERADORES DE FUCNIONES Y TARJETA DE ADQUISICION,NI ELVIS NATIONAL INSTRUMENTS
983,28472455,CONTROLADOR AUTOMATICO PROGRAMABLE DE TIEMPO QUE INCLUYE ETHERNET NETWORK MODULE- SERIAL PORT 12 BITS ANALOGICO INPUT MODULE (M.A.V.) 8 CHANNEL 1 16,SCXI-1001
984,28472492,PANEL PARA VARIADOR DE VELOCIDAD MARCA SIEMENS MICROMATES 4- SERIE NO. XAU222-002851,243120
985,28472665,TRANSFORMADOR MARCA HAEFELY- SERIE NO. 050894/02- A O 1994- VOLTAJE 196/100000/196- FRECUENCIA 50/60,256068
986,28472852,PROYECTOR DE VIDEO Y DATOS MARCA LG- DLP- MODELO DS125- SERIE 708DTQZ00404,DS125
987,28472887,LABORATORIO DE ELECTRONICA MARCA NATIONAL INSTRUMENTS NI ELVIS-SERIE NO.12F2535,NI ELVIS
988,28472889,LABORATORIO DE ELECTRONICA MARCA NATIONAL INSTRUMENTS NI ELVIS-SERIE NO.128DD30,NI ELVIS
989,28472890,LABORATORIO DE ELECTRONICA MARCA NATIONAL INSTRUMENTS NI ELVIS-SERIE NO.12F2530,NI ELVIS
990,28472891,LABORATORIO DE ELECTRONICA MARCA NATIONAL INSTRUMENTS NI ELVIS-SERIE NO.12AC8E9,NI ELVIS
991,28472892,LABORATORIO DE ELECTRONICA MARCA NATIONAL INSTRUMENTS NI ELVIS-SERIE NO.12A5AE2,NI ELVIS
992,28473027,EQUIPOS DE LABORATORIO; CIENCIA; OBSERVACION Y COMPROBACION/SEÑALADOR O INDICADOR/INDICADOR DE NIVEL TROLADOR SOBRE CADENA REED MARCA KOBOLD- SERIE NO. NO156563-03192008,NM-31OR5RM0
993,28473028,TERMOMETRO BIMETALICO MARCA KOBOLD- SERIE NO. 0138821651,268445
994,28473029,TERMOMETRO DIGITAL PORTATIL MARCA KOBOLD- SERIE NO. 203240,MP2000
995,28473030,MEDIDOR DE FLUJO POLETA ROTATIVA MARCA KOBOLD- SERIE NO. 209375,268447
996,28473032,MAQUINARIA Y EQUIPO PARA LA CONSTRUCCION; INDUSTRIA Y MINERIA/TRANSDUCTOR/TRANSDUCTOR DE PRESION ABSOLUTA PIEZO ELECTRICO MARCA KOBOLD- SERIE NO. V242153,268449
997,28473395,OSCILOSCOPIO DE FOSFORO DIGITAL DE 4 CANALES 1 GHZ MARCA TEKTRONIX- MODELO DP04104- SERIE NO.C021530- INCLUYE 4 PUNTAS DE PRUEBA P6139A- CUBIERTA FRONTAL Y SOFTWARE OPEN CHOISE PARA COMUNICACION A PC,DPO4104
998,28473396,EQUIPOS DE LABORATORIO; CIENCIA; OBSERVACION Y COMPROBACION/GENERADOR DE FUNCIONES/GENERADOR DE FUNCIONES ARBITRARIAS DE 2 CANALES 1 UHZ A 100 MHZ MARCA TEKTRONIX MODELO AFG 3102- SERIE NO.C022325 CON SOFTWARE,AFG3102
999,28473613,LABORATORIO DE MICROPROCESADORES- COMPUESTO DE:MODULO ADC- DAC- TECLADO MATRICIAL-MEMORIA PARALELA-DISPLAY-LCD DE CARACTER-LCD DE GRAFICO-LEDS-MEMORIA SERIAL-MATRIZ-TRANSMISION-POTENCIA-RELES-MOTORES-DAC DE RED-ACOPLE DE LINEA- VARIOS,285291
1000,28473869,PROYECTOR MARCA EPSON POWERLITE S8- SERIE M4SF9Y8485L,H309A
1001,28474124,OSCILOSCOPIO DIGITAL- DE BANCO- DOS CANALES- MONOCROMATICO- ANCHO DE BANDA 60MHZ- MARCA TEKTRONIX- SERIE NO. C105561- INCLUYE UNA PUNTA PASIVA P2220 200MHZ Y SOFTWARE (TDS1002B),TDS 1002B
1002,28474145,OSCILOSCOPIO DIGITAL- DE BANCO- DOS CANALES- MONOCROMATICO- ANCHO DE BANDA 60MHZ- MARCA TEKTRONIX- SERIE NO. C105563- INCLUYE UNA PUNTA PASIVA P2220 200MHZ Y SOFTWARE (TDS1002B),TDS 1002B
1003,28474146,OSCILOSCOPIO DIGITAL- DE BANCO- DOS CANALES- MONOCROMATICO- ANCHO DE BANDA 60MHZ- MARCA TEKTRONIX- SERIE NO. C105564- INCLUYE UNA PUNTA PASIVA P2220 200MHZ Y SOFTWARE (TDS1002B),TDS 1002B
1004,28474147,OSCILOSCOPIO DIGITAL- DE BANCO- DOS CANALES- MONOCROMATICO- ANCHO DE BANDA 60MHZ- MARCA TEKTRONIX- SERIE NO. C105565- INCLUYE UNA PUNTA PASIVA P2220 200MHZ Y SOFTWARE (TDS1002B),TDS 1002B
1005,28474148,EQUIPOS DE LABORATORIO; CIENCIA; OBSERVACION Y COMPROBACION/GENERADOR DE FUNCIONES/GENERADOR DE FUNCIONES MARCA TEKTRONICS- SERIE NO.C035453,AFG 3021B
1006,28474149,EQUIPOS DE LABORATORIO; CIENCIA; OBSERVACION Y COMPROBACION/GENERADOR DE FUNCIONES/GENERADOR DE FUNCIONES MARCA TEKTRONICS- SERIE NO.C035454,AFG 3021B
1007,28474159,KIT SIMATIC S7-1200 AC/DC/RLY- COMPUESTO DE 6 COMPONENTES CPU 1214C- 6 SALIDAS ANALOGICAS SB1232- 6 MODULOS DE SIMULACION- 6 SOFTWARE STEP 7 BASIC V10.5,304029
1008,28474160,KIT SIMATIC BASIC PANEL- COMPUESTO DE 6 MODULOS SWITCH- 6 PANELES DE COLOR PN 5-7,304030
1009,28474161,SIMATIC TOUCH PANEL- SIEMENS- MODELO OP177B- SERIE S C-A7U66788,OP177B
1010,28474162,KIT SINAMICS- COMPUESTO 3UNIDADES CONTROL CU2405- 2MODULOS POTENCIA G120- 2FILTROS MOD 4MV- 2BOBINAS CHOQUE- 1MODULO FSA- 1MODULO OPERADOR G110/G120- 2MEMORIAS ALMACENAMIENTO PARAMETROS- 2 KIT CONEXION INVERSOR- 2SOFTW. MAN- 3 SOFTW. CONFIG,304033
1011,28474163,KIT SINAMICS- COMPUESTO 3UNIDADES CONTROL CU2405- 2MODULOS POTENCIA G120- 2FILTROS MOD 4MV- 2BOBINAS CHOQUE- 1MODULO FSA- 1MODULO OPERADOR G110/G120- 2MEMORIAS ALMACENAMIENTO PARAMETROS- 2 KIT CONEXION INVERSOR- 2SOFTW. MAN- 3 SOFTW. CONFIG,304034
1012,28474286,LABVIEW ROBOTICS SBRIO 9632 STARTER KIT,NI ELVIS
1013,28474413,OSCILOSCOPIO DIGITAL DE DOS CANALES-100MHZ- A COLOR- MARCA TEKTRONIX 1,352768
1014,28474414,OSCILOSCOPIO DIGITAL DE DOS CANALES-100MHZ- A COLOR- MARCA TEKTRONIX 2,352769
1015,28475328,ELECTRODO-MODELO EL-25,EL-25
1016,28475329,ELECTRODO-MODELO EL-25,EL-25
1017,28475330,ELECTRODO-MODELO EL-25,EL-25
1018,28475331,ELECTRODO-MODELO EL-25,EL-25
1019,28475332,ELEMENTO DE INTERCONEXION-MODELO K,K
1020,28475333,ELEMENTO DE INTERCONEXION-MODELO K,K
1021,28475334,ELEMENTO DE INTERCONEXION-MODELO K,K
1022,28475335,ELEMENTO DE INTERCONEXION-MODELO K,K
1023,28475336,ELEMENTO DE INTERCONEXION-MODELO K,K
1024,28475337,ELEMENTO DE INTERCONEXION-MODELO K,K
1025,28475338,ELEMENTO DE INTERCONEXION-MODELO K,K
1026,28475339,ELEMENTO DE INTERCONEXION-MODELO K,K
1027,28475340,ELEMENTO DE INTERCONEXION-MODELO K,K
1028,28475341,ELEMENTO DE INTERCONEXION-MODELO K,K
1029,28475342,ELEMENTO DE INTERCONEXION-MODELO K,K
1030,28475343,ELEMENTO DE INTERCONEXION-MODELO K,K
1031,28475344,ELEMENTO DE INTERCONEXION-MODELO K,K
1032,28475345,ELEMENTO DE INTERCONEXION-MODELO K,K
1033,28475346,ELEMENTO DE INTERCONEXION-MODELO K,K
1034,28475347,ELEMENTO DE INTERCONEXION-MODELO K,K
1035,28475348,ELEMENTO DE INTERCONEXION-MODELO K,K
1036,28475349,ELEMENTO DE INTERCONEXION-MODELO K,K
1037,28475350,ELEMENTO DE INTERCONEXION-MODELO K,K
1038,28475351,MEDIDOR DE RESISTENCIA DE TIERRA-NOS.DQ68 Y DQ69-TIPO MTA2,443806
1039,28475352,REDUCTORES DE PRESION-2 MANOMETROS (PRINCIPIOS/USO EN CILINDRO),443825
1040,28475356,EQUIPOS DE LABORATORIO; CIENCIA; OBSERVACION Y COMPROBACION/AMPERIMETRO/AMPERIMETRO DE TENAZA AMPERCLAMP ITALIANO ICE-ESCALA DE 2.5 A 500-EN ESTUCHE DE PLASTICO,AMPERCLAMP
1041,28475357,BANCO PARA LABORATORIO DE MEDIDAS ELECTRICAS-CON LOS SIGUIENTES ELEM:5 FUENTES DE CORRIENTE:ALTERNA TRIFASICA FIJA-VARIABLE POR FASES-ALTERNA MONOFASICA FIJA-ALTERNA MONOFASICA VARIABLE-CONTINUA VARIABLE Y UNA MESA DE TRABAJO CON DOS BANCOS,444038
1042,28475361,GALVANOMETRO PARA CORRIENTE CONTINUA-GOSSEN P-390.,P-390
1043,28475362,GALVANOMETRO PARA CORRIENTE CONTINUA-GOSSEN P-390.,P-390
1044,28475363,GALVANOMETRO PARA CORRIENTE CONTINUA-GOSSEN P-391,P-391
1045,28475364,GALVANOMETRO PARA CORRIENTE CONTINUA-GOSSEN P-391,P-391
1046,28475365,EQUIPOS DE LABORATORIO; CIENCIA; OBSERVACION Y COMPROBACION/AMPERIMETRO/INSTRUMENTO DE MEDIDA A BOBINA MOVIL-GOSEEN P244,P244
1047,28475366,EQUIPOS DE LABORATORIO; CIENCIA; OBSERVACION Y COMPROBACION/AMPERIMETRO/INSTRUMENTO DE MEDIDA A BOBINA MOVIL-GOSEEN P244,P244
1048,28475367,EQUIPOS DE LABORATORIO; CIENCIA; OBSERVACION Y COMPROBACION/AMPERIMETRO/INSTRUMENTO DE MEDIDA A BOBINA MOVIL-GOSEEN P244,P244
1049,28475368,EQUIPOS DE LABORATORIO; CIENCIA; OBSERVACION Y COMPROBACION/AMPERIMETRO/INSTRUMENTO DE MEDIDA A BOBINA MOVIL-GOSEEN P244,P244
1050,28475369,EQUIPOS DE LABORATORIO; CIENCIA; OBSERVACION Y COMPROBACION/AMPERIMETRO/INSTRUMENTO DE MEDIDA A BOBINA MOVIL-GOSEEN P244,P244
1051,28475370,EQUIPOS DE LABORATORIO; CIENCIA; OBSERVACION Y COMPROBACION/AMPERIMETRO/INSTRUMENTO DE PRECISION A BOBINA MOVIL-PARA MEDIR LA CORRIENTE-GOSSEN P145,P145
1052,28475371,INSTRUMENTO DE PRECISION PARA MEDIR LA CORRIENTE CONTINUA Y CORREITNE ALTERNA-GOSSEN 142,142
1053,28475372,INSTRUMENTO DE PRECISION PARA MEDIR LA CORRIENTE CONTINUA Y CORRIENTE ALTERNA-GOSSEN 143,143
1054,28475373,INSTRUMENTO DE PRECISION PARA MEDIR LA TENSION PARA CORRIENTE CONTINUA Y ALTERNA-GOSSEN A-240,A-240
1055,28475374,INSTRUMENTO DE PRECISION PARA MEDIR TENSION-CORRIENTE CONTINUA ALTERNA GOSSEN A-243,A-243
1056,28475375,EQUIPOS DE LABORATORIO; CIENCIA; OBSERVACION Y COMPROBACION/AMPERIMETRO/INSTRUMENTO DE PRECISION-BOBINA MOVIL-PARA MEDIR LA TENSION-GOSSEN P243,P243
1057,28475376,INSTRUMENTO DE PRECISION-PARA MEDIR LA CORRIENTE CONTINUA Y CORRIENTE ALTERNA-GOSSEN 141,141
1058,28475377,INSTRUMENTO PARA MEDIR CON LUZ-LA CORRIENTE Y LA TENSION NORMA,444059
1059,28475378,PUPITRE DE MANDO TRANSPORTABLES PHYWE 07422093-220-221-222,444072
1060,28475379,PUPITRE DE MANDO TRANSPORTABLES PHYWE 07422093-220-221-222,444073
1061,28475397,BANCO DE PRUEBAS PARA ALTERNADORES Y MOTORES DC DL 2011 Y,DL2013
1062,28475398,CONTACTOR 6A-220V.CON BOBINA DE 120V.3 CONTACTORES NA Y 3NC-CON CAJA METALICA DE:12X10X14 CM.18 BORNES CONEXION EXTERNA.,446056
1063,28475399,CONTACTOR 6A-220V.CON BOBINA DE 120V.3 CONTACTORES NA Y 3NC-CON CAJA METALICA DE:12X10X14 CM.18 BORNES CONEXION EXTERNA.,446057
1064,28475400,CONTACTOR 6A-220V.CON BOBINA DE 120V.3 CONTACTORES NA Y 3NC-CON CAJA METALICA DE:12X10X14 CM.18 BORNES CONEXION EXTERNA.,446058
1065,28475401,EQUIPOS DE LABORATORIO; CIENCIA; OBSERVACION Y COMPROBACION/SEÑALADOR O INDICADOR/INDICADOR DE SECUENCIA DE FASE-SL100SF,803123
1066,28475402,EQUIPOS DE LABORATORIO; CIENCIA; OBSERVACION Y COMPROBACION/SEÑALADOR O INDICADOR/INDICADOR DE SECUENCIA DE FASE-SL100SF,803123
1067,28475404,MEDIDOR MODULO CA NO.28-284,446228
1068,28475405,MEDIDOR MODULO CA NO.28-284,446229
1069,28475406,MODULO CONTACTOR DC-C/W5NC Y MC-CONTACTOS DE 120V.DC-28-631,446238
1070,28475407,MODULO CONTACTOR MAGNETICO AC-120V-ACC/W4N0Y4 NC CONTACTORES,446239
1071,28475408,MODULO CRONOGRAFO RECICULAR 120 AC C/W NO-NC-CONTACTOS 28-664,446240
1072,28475409,MODULO DE MOTOR DE ARRANQUE POR CAPACITOR.NO.28-130,446247
1073,28475410,MODULO DE MOTOR DE FASE PARTIDA PERMANENTE N.28-135,446248
1074,28475411,MODULO DE MOTOR DEVANADO-DE ARDILLA 28-105,446249
1075,28475412,MODULO DE MOTOR UNIVERSAL N.28-140,446250
1076,28475413,MODULO DE RELE DE FALLA DE CAMPO DE DERIVACION 28-633,446251
1077,28475414,MODULO DE SOBRECARGA AC/DC 28-613,446252
1078,28475415,MODULO DE SWITCHE DE PALANCA SELECTORA C/W.2 SWITCHE SELECTORES Y 2 PALANCAS DE SWITCHE 120V.AC/DC 28-602,446253
1079,28475416,MODULO DE TIEMPO DEFINIDO DE RELE RETARDADOR C/W.2 RELES DE TIEMPOS RETARDADOR 120V.-AC/DC 28-619,446254
1080,28475417,MODULO FRENO PRONY DE LA CORRIENTE EDDY.NO.28-205,446255
1081,28475418,MODULO MOTOR DE ROTOR DEVANADO 28-110,446263
1082,28475419,MODULO RELE AC C/W RELE-DMDT 120V AC 28-662,446264
1083,28475420,MODULO RELE CEMF.120V-CONTACTO DC.28-632,446265
1084,28475421,MODULO RELE DC C/W 2 DPDT RELES 120 V-DC 28-630,446266
1085,28475422,MODULO RELE DE TIEMPO AJUSTABLE C/W CONTACTOR DPDT.BOBINA 28-663,446267
1086,28475423,MODULOS OTOR ALTERNADOR SINCRONICOS.28-102,446281
1087,28475424,MOTOR GENERADOR DE CD.N.28-150,446282
1088,28475425,OSCILOSCOPIO ANALOGICO DIGITAL-MARCA TECKTRONIX-MODELO TDS-210-SERIE B022626 Y B022627.INCLUYE 1 MANUAL-2 PUNTAS DE PRUEBA-CABLE DE ALIMENTACION-CERTIFICADO DE CALIBRACION NIST,TDS-210
1089,28475427,POLOS 3 UNIDADES-10 MODULOS DE INTERRUPTOR AUTOMATICO A-AC/DC.LUZ PILOTO C/W-28-605,28-605
1090,28475434,PROTOBOARTH GL48 CON 4 PUNTAS,446373
1091,28475435,PROTOBOARTH GL48 CON 4 PUNTAS,446374
1092,28475436,PROTOBOARTH GL48 CON 4 PUNTAS,446375
1093,28475437,PROTOBOARTH GL48 CON 4 PUNTAS,446376
1094,28475438,PROTOBOARTH GL48 CON 4 PUNTAS,446377
1095,28475439,TAMBOR DE MODULO CONTROLADOR 28-620,446699
1096,28476246,OSCILOSCOPIO PROTEK 6020R 1,6020R
1097,28476247,OSCILOSCOPIO PROTEK 6020R 2,6020R
1098,28476248,OSCILOSCOPIO PROTEK 6020R 3,6020R
1099,28476249,OSCILOSCOPIO PROTEK 6020R 4,6020R
1100,28476250,OSCILOSCOPIO PROTEK 6020R 5,6020R
1101,28476251,OSCILOSCOPIO PROTEK 6020R 6,6020R
1102,28476746,INDUCTOR DE CARGA-TB41,S/M
1103,28531992,TERMPORIZADOR 15-30SG 4A CON BOBINA 120V CON 1 CONTACTO NA Y 1 NC CAJA METALICA DE 12X10X14 CM CON 5 BORNES DE CONEXION,S/M
1104,28532023,TERMPORIZADOR 1.5-30SG 4A CON BOBINA 120V.CON 1 CONTACTO NA Y 1 NC CAJA METALICA DE 12X10X14 CM.CON 5 BORNES DE CONEXION,S/M
1105,28569618,MODULO DE CARGA RESISTIVA NO 28-250,S/M
1106,28569619,MODULO DE CARGA CAPACITIVA NO 28-255,S/M
1107,28569620,MODULO DE CARGA INDUCTIVA NO 28-260,S/M
1108,28569621,MODULO TRANSFORMADOR NO 28-275,S/M
1109,28569622,MODULO TRANSFORMADOR NO 28-276,S/M
1110,28569623,MODULO MEDIDOR CD NO 28-280,S/M
1111,28569624,MODULO MEDIDOR CA NO 28-281,S/M
1112,28569625,MODULO MEDIDOR DE CORRIENTE MONOFASICA NO 28-282,S/M
1113,28569626,MODULO MEDIDOR TRIFASICO NO 28-286,S/M
1114,28569627,MODULO MEDIDOR CA NO 28-287,S/M
1115,28569628,MODULO INTERRUPTOR DE DOBLE POLO Y DOBLE TIRADA NO 28-306,S/M
1116,28569629,MODULO SINCRONIZADOR NO 28-310,S/M
1117,28569630,MODULO TRANSFORMADOR 28-275,S/M
1118,28569631,MODULO TRANSFORMADOR NO 28-276,S/M
1119,28569632,MODULO MEDIDOR CD NO 28-280,S/M
1120,28569633,EQUIPO INTERFACE FD/DA,S/M
1121,28569638,TARJETA SITE PLAYER SERIE LF1S022-0035 CON ADAPTADOR MOD 351201002COA,S/M
1122,28569639,TARJETA SITE PLAYER SERIE LF1S022-0037 CON ADAPTADOR MOD 351201002COA,S/M
1123,28569643,INTERFACE DE ADQUISICION DE DATOS Y COMUNICACION,S/M
1124,28569645,MODULO DE COMUNICACION PROFIBUS MARCA SIEMENS 6SE6400-1PB00-0AA0 SERIE XAT112-001084,S/M
1125,28569684,MODULO V-35 SERIE NO 8205160003CBAY,S/M
1126,28569897,MODULO DE EXPANSION 2 ENTRADAS ANALOGICAS MARCA SIEMENS SERIE SZVT7ML000339,S/M
1127,28569898,MODULO DE EXPANSION DIGITAL 2 ENTRADAS ANALOGICAS MARCA SIEMENS SERIE C-R7,S/M
1128,28569899,MODULO AM2 MARCA SIEMENS SERIE C-R4A76196,S/M
1129,28571144,COMPUTADOR PORTATIL MARCA HP 550 CORE 2 DUO DE 1 4 GHZ DISCO DURO DE 250GB 2 GB DE MEMORIA RAM CON UNIDAD DE DVD-WRTIER SERIE CNU83421MB CON MOUSE OPTICO OMEGA DE 2 BOTONES Y MALETIN DE CUERO OMEGA,S/M
1130,28571288,SWITCH MARCA HP MODELO PROCURVE 4000M CON 64 PUERTOS FASTETHERNET Y DOS PUERTOS GIGABITETHERNET SERIE NO SG30702537,PROCURVE 4000M
1131,28571455,TARJETA MARCA ALTERA DES SERIE S0297WF080300030010,S/M
1132,28571456,TARJETA MARCA ALTERA DES SERIE S0297WF080300030358,S/M
1133,28571457,TARJETA MARCA ALTERA DES SERIE S0297WF080300030054,S/M
1134,28571458,TARJETA MARCA ALTERA DES SERIE S0297WF080300030087,S/M
1135,28571459,TARJETA MARCA ALTERA DES SERIE S0297WF080300030202,S/M
1136,28571460,TARJETA MARCA ALTERA DES SERIE S0297WF080300030057,S/M
1137,28571960,SWITCH MARCA CISCO CATALYST 2960 DE 24 PUERTOS 10/100 + 2 PUERTOS 1000BT SERIE FOC1421W4C9,CATALYST 2960
1138,28572020,COMPUTADOR PERSONAL PROCESADOR INTEL CORE I3-370M 3GB RAM DISCO DURO DE 500GB,PROBOOK
1139,28572105,FUENTE HY-3003 0-30V 3A 1,DC POWER SUPPLY HY3003
1140,28572106,FUENTE HY-3003 0-30V 3A 2,DC POWER SUPPLY HY3003
1141,28572107,FUENTE HY-3003 0-30V 3A 3,DC POWER SUPPLY HY3003
1142,28572108,FUENTE HY-3003 0-30V 3A 4,DC POWER SUPPLY HY3003
1143,28572109,FUENTE HY-3003 0-30V 3A 5,DC POWER SUPPLY HY3003
1144,28572110,FUENTE HY-3003 0-30V 3A 6,DC POWER SUPPLY HY3003
1145,28572111,FUENTE DIG 2-20V 2A FIJO 5V 3A +-12 1,S/M
1146,28572112,FUENTE DIG 2-20V 2A FIJO 5V 3A +-12 2,S/M
1147,28572113,FUENTE DIG 2-20V 2A FIJO 5V 3A +-12 3,S/M
1148,28572114,FUENTE DIG 2-20V 2A FIJO 5V 3A +-12 4,S/M
1149,28572115,FUENTE DIG 2-20V 2A FIJO 5V 3A +-12 5,S/M
1150,28572116,FUENTE DIG 2-20V 2A FIJO 5V 3A +-12 6,S/M
1151,28572117,FUENTE DIG 2-20V 2A FIJO 5V 3A +-12 7,XP-581
1152,28572118,FUENTE DIG 2-20V 2A FIJO 5V 3A +-12 8,XP-581
1153,28572533,CPU CON PROCESADOR INTEL CORE I3 DE 3 1GHZ 2 GB DE MEMORIA RAM DISCO DURO DE 500GB CON UNIDAD DE DVD WRITER 5,S/M
1154,28572534,MONITOR LCD DE 18 5PULGADAS 1,S1933
1155,28572631,TELEFONO CP-7911-G CISCO IP PHONE SPARE SERIE NO FCH13399PSU CON ADAPTADOR CP-PWR PHONE POWER,IP PHONE 7911
1156,28572866,MONITOR DE 19PULGADAS MARCA HP MODELO LE1901W 1,LE1901W
1157,28572867,MONITOR DE 19PULGADAS MARCA HP MODELO LE1901W 2,LE1901W
1158,28572868,MONITOR DE 19PULGADAS MARCA HP MODELO LE1901W 3,LE1901W
1159,28572870,CPU DESKTOP HP 6200 CON PROCESADOR INTEL CORE I5-2400 DISCO DURO DE 500GB 2 GB DE MEMORIA RAM CON UNIDAD DE DVD WRITTER 1,S/M
1160,28572872,CPU DESKTOP HP 6200 CON PROCESADOR INTEL CORE I5-2400 DISCO DURO DE 500GB 2 GB DE MEMORIA RAM CON UNIDAD DE DVD WRITTER 3,S/M
1161,28572873,CPU DESKTOP HP 6200 CON PROCESADOR INTEL CORE I5-2400 DISCO DURO DE 500GB 2 GB DE MEMORIA RAM CON UNIDAD DE DVD WRITTER 4,S/M
1162,28573048,INTERFACE DE ADQUISICION DE DATOS Y COMUNICACION,S/M
1163,28573049,INTERFACE DE ADQUISICION DE DATOS Y COMUNICACION,S/M
1164,28573050,INTERFACE DE ADQUISICION DE DATOS Y COMUNICACION,S/M
1165,28573051,INTERFACE DE ADQUISICION DE DATOS Y COMUNICACION,S/M
1166,28573052,INTERFACE DE ADQUISICION DE DATOS Y COMUNICACION,S/M
1167,28573053,INTERFACE DE ADQUISICION DE DATOS Y COMUNICACION,S/M
1168,28573054,INTERFACE DE ADQUISICION DE DATOS Y COMUNICACION,S/M
1169,28573055,INTERFACE DE ADQUISICION DE DATOS Y COMUNICACION,S/M
1170,28573056,INTERFACE DE ADQUISICION DE DATOS Y COMUNICACION,S/M
1171,28573057,MODULO DE CARGA CAPACITIVA NO 28-255,S/M
1172,28573058,MODULO DE CARGA CAPACITIVA NO 28-255,S/M
1173,28573059,MODULO DE CARGA CAPACITIVA NO 28-255,S/M
1174,28573060,MODULO DE CARGA RESISTIVA NO 28-250,S/M
1175,28573061,MODULO DE CARGA RESISTIVA NO 28-250,S/M
1176,28573062,MODULO DE CARGA RESISTIVA NO 28-250,S/M
1177,28573063,MODULO MEDIDOR CA NO 28-281,S/M
1178,28573064,MODULO MEDIDOR CA NO 28-281,S/M
1179,28573065,MODULO MEDIDOR CD NO 28-280,S/M
1180,28573066,MODULO MEDIDOR DE CORRIENTE MONOFASICA NO 28-282,S/M
1181,28573067,MODULO MEDIDOR DE CORRIENTE MONOFASICA NO 28-282,S/M
1182,28573068,MODULO MEDIDOR TRIFASICO NO 28-286,S/M
1183,28573069,MODULO MEDIDOR TRIFASICO NO 28-286,S/M
1184,28573070,MODULO TRANSFORMADOR NO 28-275,28-276
1185,28573071,MODULO TRANSFORMADOR NO 28-275,28-276
1186,28573072,MODULO TRANSFORMADOR NO 28-276,28-276
1187,28573073,MODULO TRANSFORMADOR NO 28-276,28-276
1188,28573417,COMPUTADOR PORTATIL LENOVO THINKPAD L430 PROCESADOR INTEL CORE I5-3210M (2 50 GHZ) 4GB DE MEMORIA RAM DDR3 INCLUYE MALETIN CANDADO Y MOUSE MARCA KLIP,THINKPAD L430
1189,28577147,FUENTE DE PODER MARCA QUAD POWER MODELO XP-581 N DE SERIE 222442,XP-581
1190,28577148,FUENTE DE PODER MARCA QUAD POWER MODELO XP-581 N SERIE 222505,XP-581
1191,28577149,FUENTE DE PODER SIN MARCA SIN MODELO CON N DE SERIE 019667,S/M
1192,28577892,COMPUTADOR CORE 2 DUO 2 93GHZ MOTHERBOARD BIOSTAR 775 MEMORIA DDR2 PC800 2GB DISCO DURO SAMSUNG SATA 320GB 7200RPM DVD WRITER SATA,S/M
1193,28577904,EQUIPO ELECTRONICO/COMPUTADOR DE ESCRITORIO/COMPUTADOR CORE 2 DUO 2 93GHZ MOTHERBOARD BIOSTAR 775 MEMORIA DDR2 PC800 2GB DISCO DURO SAMSUNG SATA 320GB 7200RPM DVD WRITER SATA,GC-1358
1194,28577921,COMPUTADOR CORE 2 DUO 2 93GHZ MOTHERBOARD BIOSTAR 775 MEMORIA DDR2 PC800 2GB DISCO DURO SAMSUNG SATA 320GB 7200RPM DVD WRITER SATA,S/M
1195,28577935,COMPUTADOR CORE 2 DUO 2 93GHZ MOTHERBOARD BIOSTAR 775 MEMORIA DDR2 PC800 2GB DISCO DURO SAMSUNG SATA 320GB 7200RPM DVD WRITER SATA,S/M
1196,28578091,MONITOR DE 18 5PULGADAS MARCA LG SERIE 910NDEZ9R404,W1943SV
1197,28578095,MONITOR DE 18 5PULGADAS MARCA LG SERIE 910NDYG3B738,W1943SV
1198,28578101,MONITOR DE 18 5PULGADAS MARCA LG SERIE 910NDNU9R431,W1943SV
1199,28578104,MONITOR DE 18 5PULGADAS MARCA LG SERIE 908NDFVJ2667,W1943CV
1200,28578106,MONITOR DE 18 5PULGADAS MARCA LG SERIE 910NDAY9R432,W1943CV
1201,28578328,NI USB-6212 BUS-POWERED M SERIES MULTIFUNCION DAQ DEVIDE NIDA QMX DRIVER SOFTWARE AND LABVIEW SIGNAL EXPRESS LE FOR WINDOWS SERIE 14FDB7B,S/M
1202,28578329,NI USB-6212 BUS-POWERED M SERIES MULTIFUNCION DAQ DEVIDE NIDA QMX DRIVER SOFTWARE AND LABVIEW SIGNAL EXPRESS LE FOR WINDOWS SERIE 14FDB77,S/M
1203,28578330,NI USB-6212 BUS-POWERED M SERIES MULTIFUNCION DAQ DEVIDE NIDA QMX DRIVER SOFTWARE AND LABVIEW SIGNAL EXPRESS LE FOR WINDOWS SERIE 14FDB92,S/M
1204,28578332,NI USB-6212 BUS-POWERED M SERIES MULTIFUNCION DAQ DEVIDE NIDA QMX DRIVER SOFTWARE AND LABVIEW SIGNAL EXPRESS LE FOR WINDOWS SERIE 14FDBA1,S/M
1205,28578338,FUENTE DE PODER MARCA NATIONAL INSTRUMENTS SERIE 5909515,781093-01
1206,28578339,FUENTE DE PODER MARCA NATIONAL INSTRUMENTS SERIE 5878157,781093-01
1207,28578344,USB-6009 MARCA NATIONAL INSTRUMENTS SERIE 1507CF7 AND LABVIEW STUDENT EDITION FOR WINDOWS,S/M
1208,28578345,USB-6009 MARCA NATIONAL INSTRUMENTS SERIE 1507E92 AND LABVIEW STUDENT EDITION FOR WINDOWS,S/M
1209,28578396,CD SOFTWARE PROGRAMA STEP 7 PROFESSIONAL 12ER (TRAINER PACKAJE) COMPUESTO DE 3 CD S,S/M
1210,28578397,CD SOFTWARE SIMATIC WINN CC FLEXIBLE 6ER CLASSROOM COMPUESTO DE 40CD S ESTUDIANTILES 5 CD PROFESOR,S/M
1211,28578430,TELEFONO CISCO IP PHONE 7911 SERIE FCH1406A756 CON TRANSFORMADOR SAFETY SERIE DTH1348Y9ZG,CT-7911GV08
1212,29948313,"PINZA AMPERIMETRICA MARCA AARON, MODELO 3266TD",3266TD
1213,29948314,"PINZA AMPERIMETRICA MARCA AARON, MODELO 3266TD",3266TD
1214,29948315,"PINZA AMPERIMETRICA MARCA AARON, MODELO 3266TD",3266TD
1215,29948316,"PINZA AMPERIMETRICA MARCA AARON, MODELO 3266TD",3266TD
1216,29948317,"PINZA AMPERIMETRICA MARCA AARON, MODELO 3266TD",3266TD
1217,29948318,"PINZA AMPERIMETRICA MARCA AARON, MODELO 3266TD",3266TD
1218,29948319,"PINZA AMPERIMETRICA MARCA AARON, MODELO 3266TD",3266TD
1219,29948320,"PINZA AMPERIMETRICA MARCA AARON, MODELO 3266TD",3266TD
1220,29948321,"PINZA AMPERIMETRICA MARCA AARON, MODELO 3266TD",3266TD
1221,29948322,"PINZA AMPERIMETRICA MARCA AARON, MODELO 3266TD",3266TD
1222,29948323,"PINZA AMPERIMETRICA MARCA AARON, MODELO 3266TD",3266TD
1223,29948324,"PINZA AMPERIMETRICA MARCA AARON, MODELO 3266TD",3266TD
1224,31058021,DISPOSITIVO ELECTRONICO INTELIGENTE(PAQUETE DE FORMACIÓN LOGO 230RCE)SIEMENS-MODELO:DEMO LOGO- SERIE:6ED1052-1MD08-LOG-03-2020-0004,DEMO LOGO
1225,31058022,DISPOSITIVO ELECTRONICO INTELIGENTE(PAQUETE DE FORMACIÓN LOGO 230RCE)SIEMENS-MODELO:DEMO LOGO- SERIE:6ED1052-1MD08-LOG-03-2020-0003.,DEMO LOGO
1226,31058023,DISPOSITIVO ELECTRONICO INTELIGENTE(PAQUETE DE FORMACIÓN LOGO 230RCE)SIEMENS-MODELO:DEMO LOGO- SERIE:6ED1052-1MD08-LOG-03-2020-0002.,DEMO LOGO
1227,31058024,DISPOSITIVO ELECTRONICO INTELIGENTE(PAQUETE DE FORMACIÓN LOGO 230RCE)SIEMENS-MODELO:DEMO LOGO- SERIE:6ED1052-1MD08-LOG-03-2020-0001.,DEMO LOGO
1228,31058025,"DISPOSITIVO ELECTRONICO INTELIGENTE(PAQUETE DE FORMACIÓN S7/1500,CPU 1512C-1PN)SIEMENS- MODELO:DEMO PLC S7-1500-SERIE:6ES7512-1CK01-0AB0-S71500-03-2020-0002.",DEMO PLC S7-1500
1229,31058026,"DISPOSITIVO ELECTRONICO INTELIGENTE(PAQUETE DE FORMACIÓN S7/1500,CPU 1512C-1PN)SIEMENS- MODELO:DEMO PLC S7-1500-SERIE:6ES7512-1CK01-0AB0-S71500-03-2020-0001.",DEMO PLC S7-1500
1230,31058206,TABLERO DE CONTROL INDUSTRIAL SIEMENS PARA S7/1500CPU 1512C-1 PN,SIN/MODELO
1231,31058207,TABLERO DE CONTROL INDUSTRIAL SIEMENS PARA S7/1500CPU 1512C-1 PN,SIN/MODELO
1232,31058208,TABLERO DE CONTROL INDUSTRIAL SIEMENS PARA LOGO 230RCE,SIN/MODELO
1233,31058209,TABLERO DE CONTROL INDUSTRIAL SIEMENS PARA LOGO 230RCE,SIN/MODELO
1234,31058210,TABLERO DE CONTROL INDUSTRIAL SIEMENS PARA LOGO 230RCE,SIN/MODELO
1235,31058211,TABLERO DE CONTROL INDUSTRIAL SIEMENS PARA LOGO 230RCE,SIN MODELO
1236,31443315,ENSENANZA PROGRAMADA ELEMENTOS MAGNETORRSISTIVOS NO 34 HANS GUNTHER STEIDLE 1989,S/C
1237,33065757,FUENTE DE PODER SIEMENS-MODELO:6EP3332-6SB00-0AY0,6EP3332-6SB00-0AY0
1238,33065758,FUENTE DE PODER SIEMENS-MODELO:6EP3332-6SB00-0AY0,6EP3332-6SB00-0AY0
1239,33065759,FUENTE DE PODER SIEMENS-MODELO:6EP3332-6SB00-0AY0,6EP3332-6SB00-0AY0
1240,33065760,FUENTE DE PODER SIEMENS-MODELO:6EP3332-6SB00-0AY0,6EP3332-6SB00-0AY0
1241,33210133,PROYECTOR MULTIMEDIA DE DISTANCIA ULTRA CORTA CON SOPORTE DE PARED MARCA OPTOMA MODELO W330UST SERIEQ7C6948WAAAAB0001,W330UST
1242,33210136,PROYECTOR MULTIMEDIA DE DISTANCIA ULTRA CORTA CON SOPORTE DE PARED MARCA OPTOMA MODELO W330UST SERIEQ7C6948WAAAAB0121,W330UST
1243,33210138,PROYECTOR MULTIMEDIA DE DISTANCIA ULTRA CORTA CON SOPORTE DE PARED MARCA OPTOMA MODELO W330UST SERIEQ7C6948WAAAAB0302,W330UST
1244,33210139,PROYECTOR MULTIMEDIA DE DISTANCIA ULTRA CORTA CON SOPORTE DE PARED MARCA OPTOMA MODELO W330UST SERIEQ7C6948WAAAAB0123,W330UST
1245,33210140,PROYECTOR MULTIMEDIA DE DISTANCIA ULTRA CORTA CON SOPORTE DE PARED MARCA OPTOMA MODELO W330UST SERIEQ7C6948WAAAAB0022,W330UST
1246,33210144,PROYECTOR MULTIMEDIA DE DISTANCIA ULTRA CORTA CON SOPORTE DE PARED MARCA OPTOMA MODELO W330UST SERIEQ7C6948WAAAAB0134,W330UST
1247,33210145,PROYECTOR MULTIMEDIA DE DISTANCIA ULTRA CORTA CON SOPORTE DE PARED MARCA OPTOMA MODELO W330UST SERIEQ7C6948WAAAAB0042,W330UST
1248,33526714,"DISPOSITIVO DE LABORATORIO: CUBA DE PRUEBA DE ACEITE, S/S, MARCA TERCO, MODELO HV9137",HV9137
1249,33526715,"DISPOSITIVO DE LABORATORIO: RECTIFICADOR DE SILICIO, S/S, MARCA TERCO, MODELO HV9111",HV9111
1250,33676277,LAPTOP CON PROCESADOR CORE I7 1.8 GHZ MEMORIA 8GB DISCO SSD 512GB PANTALLA 14 INCLUYE MOCHILA MOUSE CANDADO ADAPTADOR HDMI A VGA,PROBOOK 440 G6
1251,34034506,GENERADOR DE OZONO WSTA-MODELO:X002810JH9,X002810JH9
1252,34076212,"REBAJADORA CNC ROUTER(FRESADO, GRABADO) WEGSRT-MODELO:2021-SERIE:163134",2021
1253,34220466,EQUIPO SOLDADOR(ESTACIÓN DE SOLDADURA DE COMPONENTES ELECTRÓNICOS)YIHUA-MODELO: 948-II- SERIE: 4YHAI12489.,948-II
1254,34226766,IMPRESORA 3D DE GRAN FORMATO CREALITY-MODELO:CR-10 MAX- SERIE: S0000000000000142421001010300,CR-10 MAX
1255,34226819,KIT ENGINEER REV2 ARDUINO-MODELO:REV2-INCLUYE: UN NANO 33 LOT-UN NANO AUTOTRANSPORTE CON IMU Y CARGADOR DE BATERIA-TRES JUEGOS DE PIEZAS MECANICAS-UNA BATERIA LI LON- DOS MOTORES ENGRANADO CON CODIFICADORES- UN MOTOR DC CON CODIFICADORES-UN SERVOMOTOR-UN CABLE USB-DOS MARCADORES DE PIZARRA-DOS RUEDAS-1 LLAVE ALLEN-UNA WEBCAM-UNA ROSCA DE NYLON-UNA CAJA DE HERRAMIENTAS DE PLASTICO-UNA LICENCIA INDIVIDUAL DE UN AÑO PARA MATLAB Y SIMULINK-UNA PLATAFORMA DE E-LEARNING.,REV2
1256,34226820,KIT ENGINEER REV2 ARDUINO-MODELO:REV2-INCLUYE: UN NANO 33 LOT-UN NANO AUTOTRANSPORTE CON IMU Y CARGADOR DE BATERIA-TRES JUEGOS DE PIEZAS MECANICAS-UNA BATERIA LI LON-DOS MOTORES ENGRANADO CON CODIFICADORES-UN MOTOR DC CON CODIFICADORES- UN SERVOMOTOR-UN CABLE USB-DOS MARCADORES DE PIZARRA- DOS RUEDAS-1 LLAVE ALLEN- UNA WEBCAM-UNA ROSCA DE NYLON- UNA CAJA DE HERRAMIENTAS DE PLASTICO-UNA LICENCIA INDIVIDUAL DE UN AÑO PARA MATLAB Y SIMULINK-UNA PLATAFORMA DE E-LEARNING,REV2
1257,35482210,EQUIPO DE MEDICION DE RELACION DE TRANSFORMACION EN TRANSFORMADORES AEMC-MODELO:CHAUVIN ARNOUX DTR 8510-SERIE:155970WGDV.INCLUYE:KIT DE PRUEBA DE RESISTENCIA A TIERRA DE 4 PUNTOS-KIT DE PRUEBA 500 PIES DE 4 PUNTOS-BOLSA DE TRANSPORTE-2 CABLES 500 PIES CODIFI. X COLORES EN CARRETES(ROJO/AZUL)-2 CABLES 100 PIES CODIFI. X COLORES(VERDE/NEGRO)-1 CABLE 30 PIES VERDE-2 CABLES CODIFI. X COLOR 5 PIES(ROJO/AZUL)-4 ELECTRODOS-1 JGO.5 OREJETAS-CINTA METR.100 PIES-JGO.2 VARRILL,CHAUVIN ARNOUX DTR 8510
1258,38042733,ESCALERA DE ALUMINIO CONVERTIBLE 1.83M/MODELO C-2287-13/MARCA CUPRUM/COLOR GRIS Y VERDE/DIMENSIONES 1.83X0.60X0.15/SERIE 646567,C-2287-13
1259,38042744,ESCALERA DE ALUMINIO CONVERTIBLE 2.44MMODELO C-2287-17/MARCA CUPRUM/COLOR GRIS Y VERDE/MATERIAL ALUMINIO Y PLASTICO/DIMENSIONES 2.44X0.60X0.5/SERIE 675798,C-2287-17
1260,38042754,MATERIAL FIBRA DE VIDRIO Y ALUMINIO/DIMENSIONES 6.4X0.43X0.15CM SERIE 3268978,534-24N
1261,38042787,DIMENSIONES LARGO DE CADENA 6.69M ESPESOR DE ESLABON 7MM,POL-3
1262,38042788,TECLE 3 TONELADAS/MARCA TRUPER/MODELO POL-3/MATERIAL METAL/COLOR ANARANJADO Y NEGRO/SINSERIEMH2023CG-006/DIMENSIONES LARGO DE CADENA 6.69M ESPESOR DE ESLABON 7MM,POL-3
1263,38330350,ALICATE UNIVERSAL 8 PULGADAS-MARCA COMANDO-COLOR VERDE Y NEGRO,S/M
1264,38330405,cAJA PARA HERRAMIENTAS METALICA-MEDIDAS 37 X 16 X 17 CM-ACERO REFORZADO-MARCA BP-COLOR AZUL,S/M
1265,38330458,CINTURON PORTA HERRAMIENTAS-CINTUR N AJUSTABLE: 50 MM X 150 CM-MARCA CUMBRE-COLOR NEGRO-POLIESTER,S/M
1266,38330473,COMBO CABEZA DE 3 LB MANGO DE MADERA-MARCA HERRAGRO-COLOR METAL-METAL Y MADERA,S/M
1267,38330486,COMBO CABEZA DE 8 LB-CON MANGO DE MADERA MARCA HERRAGRO- OLOR METAL- METAL Y MADERA,S/M
1268,38330509,FLEXOMETRO 5 METROS-MARCA GIANT- COLOR NEGRO AMARILLO-PLASTICO-7 CM,S/M
1269,38330524,JUEGO DE BROCAS 16 PIEZAS-MARCA TRUPER-ESTUCHE NARANJA-METAL PLASTICO -16 X 15 CM,S/M
1270,38330589,LINTERNA LED RECARGABLE DE 300 LUMENES- MARCA BESTVALUE-COLOR NEGRO-PLASTICO-14CM,S/M
1271,38330599,LLAVE INGLESA 10 PULGADAS-MARCA COMANDO-COLOR CROMADO-ACERO-10 PULGADAS,S/M
1272,38330626,LLAVE DE TUBO 10 PULGADAS-MARCA BP-COLOR AZUL-HIERRO,S/M
1273,38330689,MARCO DE ALTA TENSION REGULABLE DE 8-10Y12 PULGADAS -MARCA STANLEY- CROMADO Y NEGRO-METAL GOMA,S/M
1274,38330690,MARCO DE ALTA TENSION REGULABLE DE 8-10Y12 PULGADAS -MARCA STANLEY- CROMADO Y NEGRO-METAL GOMA,S/M
1275,38330825,PISTOLA PARA SILICONA-PARA CARTUCHOS DE 280 ML Y 300 ML-MARCA TRUPER-COLOR NARANJA-METAL-37CM,S/M
1276,38330839,PLAYO DE PRESION-CABEZA: ACERO INOXIDABLELARGO: 10 PULGADAS-MARCA COMANDO - COLOR CROMADO,S/M
1277,38330841,PLAYO DE PRESION-CABEZA: ACERO INOXIDABLELARGO: 10 PULGADAS-MARCA COMANDO - COLOR CROMADO,S/M
1278,38330844,PLAYO DE PRESION-CABEZA: ACERO INOXIDABLELARGO: 10 PULGADAS-MARCA COMANDO - COLOR CROMADO,S/M
1279,38330854,PLAYO GRANDE-MARCA COMANDO- COLOR VERDE-METAL- 10 PULGADAS,S/M
1280,38330859,PLAYO GRANDE-MARCA COMANDO- COLOR VERDE-METAL- 10 PULGADAS,S/M
1281,38330861,PLAYO GRANDE-MARCA COMANDO- COLOR VERDE-METAL- 10 PULGADAS,S/M
1282,38330868,PONCHADORA DE CABLE DE RED-DIMENSIONES: 8 PULGADAS-MARCA STANLEY - COLOR NEGRO Y AMARILLO-METAL PLASTICO,S/M
1283,40640212,SILLA ESTUDIANTIL ESTRUCTURA METALICA Y ASIENTO Y ESPALDAR POLIPROPILENO.- COLOR NEGRO,S/M
1284,40640213,SILLA ESTUDIANTIL ESTRUCTURA METALICA Y ASIENTO Y ESPALDAR POLIPROPILENO.- COLOR NEGRO,S/M
1285,40640214,SILLA ESTUDIANTIL ESTRUCTURA METALICA Y ASIENTO Y ESPALDAR POLIPROPILENO.- COLOR NEGRO,S/M
1286,40640215,SILLA ESTUDIANTIL ESTRUCTURA METALICA Y ASIENTO Y ESPALDAR POLIPROPILENO.- COLOR NEGRO,S/M
1287,40640216,SILLA ESTUDIANTIL ESTRUCTURA METALICA Y ASIENTO Y ESPALDAR POLIPROPILENO.- COLOR NEGRO,S/M
1288,40640217,SILLA ESTUDIANTIL ESTRUCTURA METALICA Y ASIENTO Y ESPALDAR POLIPROPILENO.- COLOR NEGRO,S/M
1289,40640218,SILLA ESTUDIANTIL ESTRUCTURA METALICA Y ASIENTO Y ESPALDAR POLIPROPILENO.- COLOR NEGRO,S/M
1290,40640219,SILLA ESTUDIANTIL ESTRUCTURA METALICA Y ASIENTO Y ESPALDAR POLIPROPILENO.- COLOR NEGRO,S/M
1291,40640220,SILLA ESTUDIANTIL ESTRUCTURA METALICA Y ASIENTO Y ESPALDAR POLIPROPILENO.- COLOR NEGRO,S/M
1292,40640221,SILLA ESTUDIANTIL ESTRUCTURA METALICA Y ASIENTO Y ESPALDAR POLIPROPILENO.- COLOR NEGRO,S/M
1293,40640222,SILLA ESTUDIANTIL ESTRUCTURA METALICA Y ASIENTO Y ESPALDAR POLIPROPILENO.- COLOR NEGRO,S/M
1294,40640223,SILLA ESTUDIANTIL ESTRUCTURA METALICA Y ASIENTO Y ESPALDAR POLIPROPILENO.- COLOR NEGRO,S/M
1295,40640224,SILLA ESTUDIANTIL ESTRUCTURA METALICA Y ASIENTO Y ESPALDAR POLIPROPILENO.- COLOR NEGRO,S/M
1296,40640225,SILLA ESTUDIANTIL ESTRUCTURA METALICA Y ASIENTO Y ESPALDAR POLIPROPILENO.- COLOR NEGRO,S/M
1297,40640226,SILLA ESTUDIANTIL ESTRUCTURA METALICA Y ASIENTO Y ESPALDAR POLIPROPILENO.- COLOR NEGRO,S/M
1298,40640227,SILLA ESTUDIANTIL ESTRUCTURA METALICA Y ASIENTO Y ESPALDAR POLIPROPILENO.- COLOR NEGRO,S/M
1299,40640228,SILLA ESTUDIANTIL ESTRUCTURA METALICA Y ASIENTO Y ESPALDAR POLIPROPILENO.- COLOR NEGRO,S/M
1300,40640229,SILLA ESTUDIANTIL ESTRUCTURA METALICA Y ASIENTO Y ESPALDAR POLIPROPILENO.- COLOR NEGRO,S/M
1301,40640230,SILLA ESTUDIANTIL ESTRUCTURA METALICA Y ASIENTO Y ESPALDAR POLIPROPILENO.- COLOR NEGRO,S/M
1302,40640231,SILLA ESTUDIANTIL ESTRUCTURA METALICA Y ASIENTO Y ESPALDAR POLIPROPILENO.- COLOR NEGRO,S/M
1303,40640232,SILLA ESTUDIANTIL ESTRUCTURA METALICA Y ASIENTO Y ESPALDAR POLIPROPILENO.- COLOR NEGRO,S/M
1304,40640233,SILLA ESTUDIANTIL ESTRUCTURA METALICA Y ASIENTO Y ESPALDAR POLIPROPILENO.- COLOR NEGRO,S/M
1305,40640234,SILLA ESTUDIANTIL ESTRUCTURA METALICA Y ASIENTO Y ESPALDAR POLIPROPILENO.- COLOR NEGRO,S/M
1306,40640235,SILLA ESTUDIANTIL ESTRUCTURA METALICA Y ASIENTO Y ESPALDAR POLIPROPILENO.- COLOR NEGRO,S/M
1307,40640236,SILLA ESTUDIANTIL ESTRUCTURA METALICA Y ASIENTO Y ESPALDAR POLIPROPILENO.- COLOR NEGRO,S/M
1308,40640237,SILLA ESTUDIANTIL ESTRUCTURA METALICA Y ASIENTO Y ESPALDAR POLIPROPILENO.- COLOR NEGRO,S/M
1309,40640238,SILLA ESTUDIANTIL ESTRUCTURA METALICA Y ASIENTO Y ESPALDAR POLIPROPILENO.- COLOR NEGRO,S/M
1310,40640239,SILLA ESTUDIANTIL ESTRUCTURA METALICA Y ASIENTO Y ESPALDAR POLIPROPILENO.- COLOR NEGRO,S/M
1311,40640240,SILLA ESTUDIANTIL ESTRUCTURA METALICA Y ASIENTO Y ESPALDAR POLIPROPILENO.- COLOR NEGRO,S/M
1312,40640241,SILLA ESTUDIANTIL ESTRUCTURA METALICA Y ASIENTO Y ESPALDAR POLIPROPILENO.- COLOR NEGRO,S/M
1313,40640242,SILLA ESTUDIANTIL ESTRUCTURA METALICA Y ASIENTO Y ESPALDAR POLIPROPILENO.- COLOR NEGRO,S/M
1314,40640243,SILLA ESTUDIANTIL ESTRUCTURA METALICA Y ASIENTO Y ESPALDAR POLIPROPILENO.- COLOR NEGRO,S/M
1315,40640244,SILLA ESTUDIANTIL ESTRUCTURA METALICA Y ASIENTO Y ESPALDAR POLIPROPILENO.- COLOR NEGRO,S/M
1316,40640245,SILLA ESTUDIANTIL ESTRUCTURA METALICA Y ASIENTO Y ESPALDAR POLIPROPILENO.- COLOR NEGRO,S/M
1317,40640246,SILLA ESTUDIANTIL ESTRUCTURA METALICA Y ASIENTO Y ESPALDAR POLIPROPILENO.- COLOR NEGRO,S/M
1318,40640247,SILLA ESTUDIANTIL ESTRUCTURA METALICA Y ASIENTO Y ESPALDAR POLIPROPILENO.- COLOR NEGRO,S/M
1319,40640248,SILLA ESTUDIANTIL ESTRUCTURA METALICA Y ASIENTO Y ESPALDAR POLIPROPILENO.- COLOR NEGRO,S/M
1320,40640249,SILLA ESTUDIANTIL ESTRUCTURA METALICA Y ASIENTO Y ESPALDAR POLIPROPILENO.- COLOR NEGRO,S/M
1321,40640250,SILLA ESTUDIANTIL ESTRUCTURA METALICA Y ASIENTO Y ESPALDAR POLIPROPILENO.- COLOR NEGRO,S/M
1322,40640251,SILLA ESTUDIANTIL ESTRUCTURA METALICA Y ASIENTO Y ESPALDAR POLIPROPILENO.- COLOR NEGRO,S/M
1323,40640252,SILLA ESTUDIANTIL ESTRUCTURA METALICA Y ASIENTO Y ESPALDAR POLIPROPILENO.- COLOR NEGRO,S/M
1324,40640253,SILLA ESTUDIANTIL ESTRUCTURA METALICA Y ASIENTO Y ESPALDAR POLIPROPILENO.- COLOR NEGRO,S/M
1325,40640254,SILLA ESTUDIANTIL ESTRUCTURA METALICA Y ASIENTO Y ESPALDAR POLIPROPILENO.- COLOR NEGRO,S/M
1326,40640255,SILLA ESTUDIANTIL ESTRUCTURA METALICA Y ASIENTO Y ESPALDAR POLIPROPILENO.- COLOR NEGRO,S/M
1327,40640256,SILLA ESTUDIANTIL ESTRUCTURA METALICA Y ASIENTO Y ESPALDAR POLIPROPILENO.- COLOR NEGRO,S/M
1328,40640257,SILLA ESTUDIANTIL ESTRUCTURA METALICA Y ASIENTO Y ESPALDAR POLIPROPILENO.- COLOR NEGRO,S/M
1329,40640258,SILLA ESTUDIANTIL ESTRUCTURA METALICA Y ASIENTO Y ESPALDAR POLIPROPILENO.- COLOR NEGRO,S/M
1330,40640259,SILLA ESTUDIANTIL ESTRUCTURA METALICA Y ASIENTO Y ESPALDAR POLIPROPILENO.- COLOR NEGRO,S/M
1331,40640260,SILLA ESTUDIANTIL ESTRUCTURA METALICA Y ASIENTO Y ESPALDAR POLIPROPILENO.- COLOR NEGRO,S/M
1332,40640261,SILLA ESTUDIANTIL ESTRUCTURA METALICA Y ASIENTO Y ESPALDAR POLIPROPILENO.- COLOR NEGRO,S/M
1333,40640262,SILLA ESTUDIANTIL ESTRUCTURA METALICA Y ASIENTO Y ESPALDAR POLIPROPILENO.- COLOR NEGRO,S/M
1334,40640263,SILLA ESTUDIANTIL ESTRUCTURA METALICA Y ASIENTO Y ESPALDAR POLIPROPILENO.- COLOR NEGRO,S/M
1335,40640264,SILLA ESTUDIANTIL ESTRUCTURA METALICA Y ASIENTO Y ESPALDAR POLIPROPILENO.- COLOR NEGRO,S/M
1336,40640265,SILLA ESTUDIANTIL ESTRUCTURA METALICA Y ASIENTO Y ESPALDAR POLIPROPILENO.- COLOR NEGRO,S/M
1337,40640266,SILLA ESTUDIANTIL ESTRUCTURA METALICA Y ASIENTO Y ESPALDAR POLIPROPILENO.- COLOR NEGRO,S/M
1338,40640267,SILLA ESTUDIANTIL ESTRUCTURA METALICA Y ASIENTO Y ESPALDAR POLIPROPILENO.- COLOR NEGRO,S/M
1339,40640268,SILLA ESTUDIANTIL ESTRUCTURA METALICA Y ASIENTO Y ESPALDAR POLIPROPILENO.- COLOR NEGRO,S/M
1340,40640269,SILLA ESTUDIANTIL ESTRUCTURA METALICA Y ASIENTO Y ESPALDAR POLIPROPILENO.- COLOR NEGRO,S/M
1341,40640270,SILLA ESTUDIANTIL ESTRUCTURA METALICA Y ASIENTO Y ESPALDAR POLIPROPILENO.- COLOR NEGRO,S/M
1342,40640271,SILLA ESTUDIANTIL ESTRUCTURA METALICA Y ASIENTO Y ESPALDAR POLIPROPILENO.- COLOR NEGRO,S/M
1343,40640272,SILLA ESTUDIANTIL ESTRUCTURA METALICA Y ASIENTO Y ESPALDAR POLIPROPILENO.- COLOR NEGRO,S/M
1344,40640273,SILLA ESTUDIANTIL ESTRUCTURA METALICA Y ASIENTO Y ESPALDAR POLIPROPILENO.- COLOR NEGRO,S/M
1345,40640274,SILLA ESTUDIANTIL ESTRUCTURA METALICA Y ASIENTO Y ESPALDAR POLIPROPILENO.- COLOR NEGRO,S/M
1346,40641604,MESA PUPITRE ESTRUCTURA METALICA Y TABLERO MELAMINA .- DIMENSIONES: 50 CM X 80 CM X 70.5 CM .- COLOR: TABLERO BLANCO Y ESTRUCTURA GRIS,S/M
1347,40641605,MESA PUPITRE ESTRUCTURA METALICA Y TABLERO MELAMINA .- DIMENSIONES: 50 CM X 80 CM X 70.5 CM .- COLOR: TABLERO BLANCO Y ESTRUCTURA GRIS,S/M
1348,40641606,MESA PUPITRE ESTRUCTURA METALICA Y TABLERO MELAMINA .- DIMENSIONES: 50 CM X 80 CM X 70.5 CM .- COLOR: TABLERO BLANCO Y ESTRUCTURA GRIS,S/M
1349,40641607,MESA PUPITRE ESTRUCTURA METALICA Y TABLERO MELAMINA .- DIMENSIONES: 50 CM X 80 CM X 70.5 CM .- COLOR: TABLERO BLANCO Y ESTRUCTURA GRIS,S/M
1350,40641608,MESA PUPITRE ESTRUCTURA METALICA Y TABLERO MELAMINA .- DIMENSIONES: 50 CM X 80 CM X 70.5 CM .- COLOR: TABLERO BLANCO Y ESTRUCTURA GRIS,S/M
1351,40641609,MESA PUPITRE ESTRUCTURA METALICA Y TABLERO MELAMINA .- DIMENSIONES: 50 CM X 80 CM X 70.5 CM .- COLOR: TABLERO BLANCO Y ESTRUCTURA GRIS,S/M
1352,40641610,MESA PUPITRE ESTRUCTURA METALICA Y TABLERO MELAMINA .- DIMENSIONES: 50 CM X 80 CM X 70.5 CM .- COLOR: TABLERO BLANCO Y ESTRUCTURA GRIS,S/M
1353,40641611,MESA PUPITRE ESTRUCTURA METALICA Y TABLERO MELAMINA .- DIMENSIONES: 50 CM X 80 CM X 70.5 CM .- COLOR: TABLERO BLANCO Y ESTRUCTURA GRIS,S/M
1354,40641612,MESA PUPITRE ESTRUCTURA METALICA Y TABLERO MELAMINA .- DIMENSIONES: 50 CM X 80 CM X 70.5 CM .- COLOR: TABLERO BLANCO Y ESTRUCTURA GRIS,S/M
1355,40641613,MESA PUPITRE ESTRUCTURA METALICA Y TABLERO MELAMINA .- DIMENSIONES: 50 CM X 80 CM X 70.5 CM .- COLOR: TABLERO BLANCO Y ESTRUCTURA GRIS,S/M
1356,40641614,MESA PUPITRE ESTRUCTURA METALICA Y TABLERO MELAMINA .- DIMENSIONES: 50 CM X 80 CM X 70.5 CM .- COLOR: TABLERO BLANCO Y ESTRUCTURA GRIS,S/M
1357,40641615,MESA PUPITRE ESTRUCTURA METALICA Y TABLERO MELAMINA .- DIMENSIONES: 50 CM X 80 CM X 70.5 CM .- COLOR: TABLERO BLANCO Y ESTRUCTURA GRIS,S/M
1358,40641616,MESA PUPITRE ESTRUCTURA METALICA Y TABLERO MELAMINA .- DIMENSIONES: 50 CM X 80 CM X 70.5 CM .- COLOR: TABLERO BLANCO Y ESTRUCTURA GRIS,S/M
1359,40641617,MESA PUPITRE ESTRUCTURA METALICA Y TABLERO MELAMINA .- DIMENSIONES: 50 CM X 80 CM X 70.5 CM .- COLOR: TABLERO BLANCO Y ESTRUCTURA GRIS,S/M
1360,40641618,MESA PUPITRE ESTRUCTURA METALICA Y TABLERO MELAMINA .- DIMENSIONES: 50 CM X 80 CM X 70.5 CM .- COLOR: TABLERO BLANCO Y ESTRUCTURA GRIS,S/M
1361,40641619,MESA PUPITRE ESTRUCTURA METALICA Y TABLERO MELAMINA .- DIMENSIONES: 50 CM X 80 CM X 70.5 CM .- COLOR: TABLERO BLANCO Y ESTRUCTURA GRIS,S/M
1362,40641620,MESA PUPITRE ESTRUCTURA METALICA Y TABLERO MELAMINA .- DIMENSIONES: 50 CM X 80 CM X 70.5 CM .- COLOR: TABLERO BLANCO Y ESTRUCTURA GRIS,S/M
1363,40641621,MESA PUPITRE ESTRUCTURA METALICA Y TABLERO MELAMINA .- DIMENSIONES: 50 CM X 80 CM X 70.5 CM .- COLOR: TABLERO BLANCO Y ESTRUCTURA GRIS,S/M
1364,40641622,MESA PUPITRE ESTRUCTURA METALICA Y TABLERO MELAMINA .- DIMENSIONES: 50 CM X 80 CM X 70.5 CM .- COLOR: TABLERO BLANCO Y ESTRUCTURA GRIS,S/M
1365,40641623,MESA PUPITRE ESTRUCTURA METALICA Y TABLERO MELAMINA .- DIMENSIONES: 50 CM X 80 CM X 70.5 CM .- COLOR: TABLERO BLANCO Y ESTRUCTURA GRIS,S/M
1366,40641624,MESA PUPITRE ESTRUCTURA METALICA Y TABLERO MELAMINA .- DIMENSIONES: 50 CM X 80 CM X 70.5 CM .- COLOR: TABLERO BLANCO Y ESTRUCTURA GRIS,S/M
1367,40641625,MESA PUPITRE ESTRUCTURA METALICA Y TABLERO MELAMINA .- DIMENSIONES: 50 CM X 80 CM X 70.5 CM .- COLOR: TABLERO BLANCO Y ESTRUCTURA GRIS,S/M
1368,40641626,MESA PUPITRE ESTRUCTURA METALICA Y TABLERO MELAMINA .- DIMENSIONES: 50 CM X 80 CM X 70.5 CM .- COLOR: TABLERO BLANCO Y ESTRUCTURA GRIS,S/M
1369,40641627,MESA PUPITRE ESTRUCTURA METALICA Y TABLERO MELAMINA .- DIMENSIONES: 50 CM X 80 CM X 70.5 CM .- COLOR: TABLERO BLANCO Y ESTRUCTURA GRIS,S/M
1370,40641628,MESA PUPITRE ESTRUCTURA METALICA Y TABLERO MELAMINA .- DIMENSIONES: 50 CM X 80 CM X 70.5 CM .- COLOR: TABLERO BLANCO Y ESTRUCTURA GRIS,S/M
1371,40641629,MESA PUPITRE ESTRUCTURA METALICA Y TABLERO MELAMINA .- DIMENSIONES: 50 CM X 80 CM X 70.5 CM .- COLOR: TABLERO BLANCO Y ESTRUCTURA GRIS,S/M
1372,40641630,MESA PUPITRE ESTRUCTURA METALICA Y TABLERO MELAMINA .- DIMENSIONES: 50 CM X 80 CM X 70.5 CM .- COLOR: TABLERO BLANCO Y ESTRUCTURA GRIS,S/M
1373,40641631,MESA PUPITRE ESTRUCTURA METALICA Y TABLERO MELAMINA .- DIMENSIONES: 50 CM X 80 CM X 70.5 CM .- COLOR: TABLERO BLANCO Y ESTRUCTURA GRIS,S/M
1374,40641632,MESA PUPITRE ESTRUCTURA METALICA Y TABLERO MELAMINA .- DIMENSIONES: 50 CM X 80 CM X 70.5 CM .- COLOR: TABLERO BLANCO Y ESTRUCTURA GRIS,S/M
1375,40641633,MESA PUPITRE ESTRUCTURA METALICA Y TABLERO MELAMINA .- DIMENSIONES: 50 CM X 80 CM X 70.5 CM .- COLOR: TABLERO BLANCO Y ESTRUCTURA GRIS,S/M
1376,40641634,MESA PUPITRE ESTRUCTURA METALICA Y TABLERO MELAMINA .- DIMENSIONES: 50 CM X 80 CM X 70.5 CM .- COLOR: TABLERO BLANCO Y ESTRUCTURA GRIS,S/M
1377,40641635,MESA PUPITRE ESTRUCTURA METALICA Y TABLERO MELAMINA .- DIMENSIONES: 50 CM X 80 CM X 70.5 CM .- COLOR: TABLERO BLANCO Y ESTRUCTURA GRIS,S/M
1378,40641636,MESA PUPITRE ESTRUCTURA METALICA Y TABLERO MELAMINA .- DIMENSIONES: 50 CM X 80 CM X 70.5 CM .- COLOR: TABLERO BLANCO Y ESTRUCTURA GRIS,S/M
1379,40641637,MESA PUPITRE ESTRUCTURA METALICA Y TABLERO MELAMINA .- DIMENSIONES: 50 CM X 80 CM X 70.5 CM .- COLOR: TABLERO BLANCO Y ESTRUCTURA GRIS,S/M
1380,40641638,MESA PUPITRE ESTRUCTURA METALICA Y TABLERO MELAMINA .- DIMENSIONES: 50 CM X 80 CM X 70.5 CM .- COLOR: TABLERO BLANCO Y ESTRUCTURA GRIS,S/M
1381,40641639,MESA PUPITRE ESTRUCTURA METALICA Y TABLERO MELAMINA .- DIMENSIONES: 50 CM X 80 CM X 70.5 CM .- COLOR: TABLERO BLANCO Y ESTRUCTURA GRIS,S/M
1382,40641640,MESA PUPITRE ESTRUCTURA METALICA Y TABLERO MELAMINA .- DIMENSIONES: 50 CM X 80 CM X 70.5 CM .- COLOR: TABLERO BLANCO Y ESTRUCTURA GRIS,S/M
1383,40641641,MESA PUPITRE ESTRUCTURA METALICA Y TABLERO MELAMINA .- DIMENSIONES: 50 CM X 80 CM X 70.5 CM .- COLOR: TABLERO BLANCO Y ESTRUCTURA GRIS,S/M
1384,40641642,MESA PUPITRE ESTRUCTURA METALICA Y TABLERO MELAMINA .- DIMENSIONES: 50 CM X 80 CM X 70.5 CM .- COLOR: TABLERO BLANCO Y ESTRUCTURA GRIS,S/M
1385,40641643,MESA PUPITRE ESTRUCTURA METALICA Y TABLERO MELAMINA .- DIMENSIONES: 50 CM X 80 CM X 70.5 CM .- COLOR: TABLERO BLANCO Y ESTRUCTURA GRIS,S/M
1386,40641644,MESA PUPITRE ESTRUCTURA METALICA Y TABLERO MELAMINA .- DIMENSIONES: 50 CM X 80 CM X 70.5 CM .- COLOR: TABLERO BLANCO Y ESTRUCTURA GRIS,S/M
1387,40641645,MESA PUPITRE ESTRUCTURA METALICA Y TABLERO MELAMINA .- DIMENSIONES: 50 CM X 80 CM X 70.5 CM .- COLOR: TABLERO BLANCO Y ESTRUCTURA GRIS,S/M
1388,40641646,MESA PUPITRE ESTRUCTURA METALICA Y TABLERO MELAMINA .- DIMENSIONES: 50 CM X 80 CM X 70.5 CM .- COLOR: TABLERO BLANCO Y ESTRUCTURA GRIS,S/M
1389,40641647,MESA PUPITRE ESTRUCTURA METALICA Y TABLERO MELAMINA .- DIMENSIONES: 50 CM X 80 CM X 70.5 CM .- COLOR: TABLERO BLANCO Y ESTRUCTURA GRIS,S/M
1390,40641648,MESA PUPITRE ESTRUCTURA METALICA Y TABLERO MELAMINA .- DIMENSIONES: 50 CM X 80 CM X 70.5 CM .- COLOR: TABLERO BLANCO Y ESTRUCTURA GRIS,S/M
1391,40641649,MESA PUPITRE ESTRUCTURA METALICA Y TABLERO MELAMINA .- DIMENSIONES: 50 CM X 80 CM X 70.5 CM .- COLOR: TABLERO BLANCO Y ESTRUCTURA GRIS,S/M
1392,40641650,MESA PUPITRE ESTRUCTURA METALICA Y TABLERO MELAMINA .- DIMENSIONES: 50 CM X 80 CM X 70.5 CM .- COLOR: TABLERO BLANCO Y ESTRUCTURA GRIS,S/M
1393,40641651,MESA PUPITRE ESTRUCTURA METALICA Y TABLERO MELAMINA .- DIMENSIONES: 50 CM X 80 CM X 70.5 CM .- COLOR: TABLERO BLANCO Y ESTRUCTURA GRIS,S/M
1394,40641652,MESA PUPITRE ESTRUCTURA METALICA Y TABLERO MELAMINA .- DIMENSIONES: 50 CM X 80 CM X 70.5 CM .- COLOR: TABLERO BLANCO Y ESTRUCTURA GRIS,S/M
1395,40641653,MESA PUPITRE ESTRUCTURA METALICA Y TABLERO MELAMINA .- DIMENSIONES: 50 CM X 80 CM X 70.5 CM .- COLOR: TABLERO BLANCO Y ESTRUCTURA GRIS,S/M
1396,40641654,MESA PUPITRE ESTRUCTURA METALICA Y TABLERO MELAMINA .- DIMENSIONES: 50 CM X 80 CM X 70.5 CM .- COLOR: TABLERO BLANCO Y ESTRUCTURA GRIS,S/M
1397,40641655,MESA PUPITRE ESTRUCTURA METALICA Y TABLERO MELAMINA .- DIMENSIONES: 50 CM X 80 CM X 70.5 CM .- COLOR: TABLERO BLANCO Y ESTRUCTURA GRIS,S/M
1398,40641656,MESA PUPITRE ESTRUCTURA METALICA Y TABLERO MELAMINA .- DIMENSIONES: 50 CM X 80 CM X 70.5 CM .- COLOR: TABLERO BLANCO Y ESTRUCTURA GRIS,S/M
1399,40641657,MESA PUPITRE ESTRUCTURA METALICA Y TABLERO MELAMINA .- DIMENSIONES: 50 CM X 80 CM X 70.5 CM .- COLOR: TABLERO BLANCO Y ESTRUCTURA GRIS,S/M
1400,40641658,MESA PUPITRE ESTRUCTURA METALICA Y TABLERO MELAMINA .- DIMENSIONES: 50 CM X 80 CM X 70.5 CM .- COLOR: TABLERO BLANCO Y ESTRUCTURA GRIS,S/M
1401,40641659,MESA PUPITRE ESTRUCTURA METALICA Y TABLERO MELAMINA .- DIMENSIONES: 50 CM X 80 CM X 70.5 CM .- COLOR: TABLERO BLANCO Y ESTRUCTURA GRIS,S/M
1402,40641660,MESA PUPITRE ESTRUCTURA METALICA Y TABLERO MELAMINA .- DIMENSIONES: 50 CM X 80 CM X 70.5 CM .- COLOR: TABLERO BLANCO Y ESTRUCTURA GRIS,S/M
1403,40641661,MESA PUPITRE ESTRUCTURA METALICA Y TABLERO MELAMINA .- DIMENSIONES: 50 CM X 80 CM X 70.5 CM .- COLOR: TABLERO BLANCO Y ESTRUCTURA GRIS,S/M
1404,40641662,MESA PUPITRE ESTRUCTURA METALICA Y TABLERO MELAMINA .- DIMENSIONES: 50 CM X 80 CM X 70.5 CM .- COLOR: TABLERO BLANCO Y ESTRUCTURA GRIS,S/M
1405,40641663,MESA PUPITRE ESTRUCTURA METALICA Y TABLERO MELAMINA .- DIMENSIONES: 50 CM X 80 CM X 70.5 CM .- COLOR: TABLERO BLANCO Y ESTRUCTURA GRIS,S/M
1406,40641664,MESA PUPITRE ESTRUCTURA METALICA Y TABLERO MELAMINA .- DIMENSIONES: 50 CM X 80 CM X 70.5 CM .- COLOR: TABLERO BLANCO Y ESTRUCTURA GRIS,S/M
1407,40641665,MESA PUPITRE ESTRUCTURA METALICA Y TABLERO MELAMINA .- DIMENSIONES: 50 CM X 80 CM X 70.5 CM .- COLOR: TABLERO BLANCO Y ESTRUCTURA GRIS,S/M
1408,40641666,MESA PUPITRE ESTRUCTURA METALICA Y TABLERO MELAMINA .- DIMENSIONES: 50 CM X 80 CM X 70.5 CM .- COLOR: TABLERO BLANCO Y ESTRUCTURA GRIS,S/M
1409,40785251,GENERADOR DE FUNCIONES / MARCA: SIGLENT/ MODELO: SDG810,SDG810
1410,40785252,GENERADOR DE FUNCIONES / MARCA: SIGLENT/ MODELO: SDG810,SDG810
1411,40785253,GENERADOR DE FUNCIONES / MARCA: SIGLENT/ MODELO: SDG810,SDG810
1412,40785254,GENERADOR DE FUNCIONES / MARCA: SIGLENT/ MODELO: SDG810,SDG810
1413,40785255,INVERSOR DE POTENCIA CON CONTROLADOR DE CARGA / SERIE:PV33T6048MF0S170127/ MODELO:PV3300 / MARCA: MUST,PV3300
1414,40785256,INVERSOR DE POTENCIA CON CONTROLADOR DE CARGA / SERIE:PV33T6048MF0S170130/ MODELO:PV3300 / MARCA: MUST,PV3300
1415,40785257,OSCILOSCOPIO / SERIE: DS1ZE274M0086 / MODELO: DS SERIES / MARCA: RIGOL,DS SERIES
1416,40785258,OSCILOSCOPIO / SERIE: DS1ZA274M00276 / MODELO: DS SERIES / MARCA: RIGOL,DS SERIES
1417,40785259,OSCILOSCOPIO / SERIE: DS1ZA274M00277 / MODELO: DS SERIES / MARCA: RIGOL,DS SERIES
1418,40785260,OSCILOSCOPIO / SERIE: DS1ZA274M00272 / MODELO: DS SERIES / MARCA: RIGOL,DS SERIES
1419,40785261,FUENTE LINEAL DE TRES SALIDAS INDEPENDIENTES / SERIE: 1033741/ MODELO: TP-3003D-3 / MARCA: TEKPOWER,TP-3003D-3
1420,40785262,FUENTE LINEAL DE TRES SALIDAS INDEPENDIENTES / SERIE: 1033709/ MODELO: TP-3003D-3 / MARCA: TEKPOWER,TP-3003D-3
1421,40785263,FUENTE LINEAL DE TRES SALIDAS INDEPENDIENTES / SERIE: 1033738/ MODELO: TP-3003D-3 / MARCA: TEKPOWER,TP-3003D-3
1422,40847702,MEDIDOR DE ESPESORES/ MARCA: POSI TECTOR/ MODELO: 6000/ SERIE:TBF-1003,6000
1423,40847703,CAMARA TERMICA/ MARCA: AEMC/ MODELO 1954/ SERIE: 4XAA/IECLR6,MODEL 1954
1424,41125045,PANTALLA INTERACTIVA DE 86 PULGADAS.-MODELO:DS-D5286A4-1V0S.-MARCA:SEELINKIN.-SERIE:QM202511W029.-INCLUYE CONTROL REMOTO-2 LAPICES -CABLE HDMI-VGA-USB Y SOPORTE,DS-D5286A4-1V0S
1425,41125112,PANTALLA INTERACTIVA DE 86 PULGADAS.-MODELO:DS-D5286A4-1V0S.-MARCA:SEELINKIN.-SERIEQM202511W098.-INCLUYE CONTROL REMOTO-2 LAPICES -CABLE HDMI-VGA-USB Y SOPORTE,DS-D5286A4-1V0S
1426,41125113,PANTALLA INTERACTIVA DE 86 PULGADAS.-MODELO:DS-D5286A4-1V0S.-MARCA:SEELINKIN.-SERIE:QM202511W099.-INCLUYE CONTROL REMOTO-2 LAPICES -CABLE HDMI-VGA-USB Y SOPORTE,DS-D5286A4-1V0S
