code,name,description,category,item_type,track_individual,stock_total,stock_available,status,location
EQ-0001,ALCANCES DE MEDICION.2 DE CADA UNA.VARIAS CARACTERISTICAS.,ALCANCES DE MEDICION.2 DE CADA UNA.VARIAS CARACTERISTICAS. | Modelo: S/M,MEDICION,equipment,TRUE,80,80,active,Laboratorio
EQ-0002,BOTON DE CONTACTO C/W.2 BOTONES DE CONTACTO CON CONTACTO N.C.Y 2 LUCES PILTOS 120V. AC/DC,BOTON DE CONTACTO C/W.2 BOTONES DE CONTACTO CON CONTACTO N.C.Y 2 LUCES PILTOS 120V. AC/DC | Modelo: S/M,BOTON DE CONTACTO C,equipment,TRUE,1,1,active,Laboratorio
EQ-0003,BOTON DE CONTACTO C/W.2 BOTONES DE CONTACTOCON CONTACTO N.C.Y 2 LUCES PILTOS 120V. AC/DC,BOTON DE CONTACTO C/W.2 BOTONES DE CONTACTOCON CONTACTO N.C.Y 2 LUCES PILTOS 120V. AC/DC | Modelo: S/M,BOTON DE CONTACTO C,equipment,TRUE,1,1,active,Laboratorio
EQ-0004,CAJA PARA MEDICION DE POTENCIA.,CAJA PARA MEDICION DE POTENCIA. | Modelo: S/M,MEDICION,equipment,TRUE,2,2,active,Laboratorio
EQ-0005,CAJAS DE CAPACIDADES 06193.00,CAJAS DE CAPACIDADES 06193.00 | Modelo: S/M,BIEN INSTITUCIONAL,equipment,TRUE,2,2,active,Laboratorio
EQ-0006,CAJAS DE RESISTENCIAS 06191.00,CAJAS DE RESISTENCIAS 06191.00 | Modelo: S/M,BIEN INSTITUCIONAL,equipment,TRUE,3,3,active,Laboratorio
EQ-0007,CAPACITOR DE CARGA MODELO CB NO.823210,CAPACITOR DE CARGA MODELO CB NO.823210,BIEN INSTITUCIONAL,equipment,TRUE,1,1,active,Laboratorio
EQ-0008,CAPACITOR DE CARGA MODELO CB NO.866640,CAPACITOR DE CARGA MODELO CB NO.866640,BIEN INSTITUCIONAL,equipment,TRUE,1,1,active,Laboratorio
EQ-0009,CAPACITOR DE CARGA MODELO CB NO.866642,CAPACITOR DE CARGA MODELO CB NO.866642,BIEN INSTITUCIONAL,equipment,TRUE,1,1,active,Laboratorio
EQ-0010,CAPACITOR DE CHOQUE MODELO GS 25 NO.899393,CAPACITOR DE CHOQUE MODELO GS 25 NO.899393,BIEN INSTITUCIONAL,equipment,TRUE,1,1,active,Laboratorio
EQ-0011,CAPACITOR DE CHOQUE MODELO GS 25 NO.899394,CAPACITOR DE CHOQUE MODELO GS 25 NO.899394,BIEN INSTITUCIONAL,equipment,TRUE,1,1,active,Laboratorio
EQ-0012,CAPACITOR DE CHOQUE MODELO GS 25 NO.899396,CAPACITOR DE CHOQUE MODELO GS 25 NO.899396,BIEN INSTITUCIONAL,equipment,TRUE,1,1,active,Laboratorio
EQ-0013,CAPACITOR DE CHOQUE MODELO GS 25 NO.899400,CAPACITOR DE CHOQUE MODELO GS 25 NO.899400,BIEN INSTITUCIONAL,equipment,TRUE,1,1,active,Laboratorio
EQ-0014,CAPACITOR DE CHOQUE MODELO GS 25 NO.899401,CAPACITOR DE CHOQUE MODELO GS 25 NO.899401,BIEN INSTITUCIONAL,equipment,TRUE,1,1,active,Laboratorio
EQ-0015,CAPACITOR DE MEDIDA MODELO CM NO.913308,CAPACITOR DE MEDIDA MODELO CM NO.913308,BIEN INSTITUCIONAL,equipment,TRUE,1,1,active,Laboratorio
EQ-0016,CAPACITOR DE MEDIDA MODELO CM NO.913310,CAPACITOR DE MEDIDA MODELO CM NO.913310,BIEN INSTITUCIONAL,equipment,TRUE,1,1,active,Laboratorio
EQ-0017,CAPACITOR DE MEDIDA MODELO CM NO.913311,CAPACITOR DE MEDIDA MODELO CM NO.913311,BIEN INSTITUCIONAL,equipment,TRUE,1,1,active,Laboratorio
EQ-0018,CHIPKIT BASIC I/O SHIELD,CHIPKIT BASIC I/O SHIELD,CHIPKIT BASIC I,equipment,TRUE,3,3,active,Laboratorio
EQ-0019,CHIPKIT MOTOR SHIELD,CHIPKIT MOTOR SHIELD,BIEN INSTITUCIONAL,equipment,TRUE,5,5,active,Laboratorio
EQ-0020,CHIPKIT UC32,CHIPKIT UC32,BIEN INSTITUCIONAL,equipment,TRUE,6,6,active,Laboratorio
EQ-0021,CHUPADOR DE SOLDADURA,CHUPADOR DE SOLDADURA | Modelo: S/M,BIEN INSTITUCIONAL,equipment,TRUE,1,1,active,Laboratorio
EQ-0022,DECALADOR TRIFASICO O CAMBIADOR TRIFASICO.DL-2023,DECALADOR TRIFASICO O CAMBIADOR TRIFASICO.DL-2023 | Modelo: S/M,BIEN INSTITUCIONAL,equipment,TRUE,1,1,active,Laboratorio
EQ-0023,DEMOSTRADOR DE FRENO ELECTROMAGNETICO NO.28-226,DEMOSTRADOR DE FRENO ELECTROMAGNETICO NO.28-226 | Modelo: 92248,BIEN INSTITUCIONAL,equipment,TRUE,1,1,active,Laboratorio
EQ-0024,DIVISOR DE BAJA TENSION MODELO NTZ NO.859 929,DIVISOR DE BAJA TENSION MODELO NTZ NO.859 929,BIEN INSTITUCIONAL,equipment,TRUE,1,1,active,Laboratorio
EQ-0025,DIVISOR DE BAJA TENSION MODELO NTZ NO.859 930,DIVISOR DE BAJA TENSION MODELO NTZ NO.859 930,BIEN INSTITUCIONAL,equipment,TRUE,1,1,active,Laboratorio
EQ-0026,DIVISOR DE BAJA TENSION MODELO NTZ NO.859 931,DIVISOR DE BAJA TENSION MODELO NTZ NO.859 931,BIEN INSTITUCIONAL,equipment,TRUE,1,1,active,Laboratorio
EQ-0027,DIVISOR DE BAJA TENSION MODELO NTZ NO.859 932,DIVISOR DE BAJA TENSION MODELO NTZ NO.859 932,BIEN INSTITUCIONAL,equipment,TRUE,1,1,active,Laboratorio
EQ-0028,DIVISOR DE BAJA TENSION MODELO NTZ NO.859 933,DIVISOR DE BAJA TENSION MODELO NTZ NO.859 933,BIEN INSTITUCIONAL,equipment,TRUE,1,1,active,Laboratorio
EQ-0029,PICKIT 3,PICKIT 3,BIEN INSTITUCIONAL,equipment,TRUE,6,6,active,Laboratorio
EQ-0030,PIEZA DE BASE PARA APOYO DIRECTO MODELO F (S),PIEZA DE BASE PARA APOYO DIRECTO MODELO F (S),BIEN INSTITUCIONAL,equipment,TRUE,1,1,active,Laboratorio
EQ-0031,PIEZA DE BASE PARA APOYO DIRECTOMODELO F (S),PIEZA DE BASE PARA APOYO DIRECTOMODELO F (S),BIEN INSTITUCIONAL,equipment,TRUE,6,6,active,Laboratorio
EQ-0032,PIEZA DE CONEXI N MODELO V,PIEZA DE CONEXI N MODELO V,BIEN INSTITUCIONAL,equipment,TRUE,1,1,active,Laboratorio
EQ-0033,PIEZA DE CONEXIONMODELO V,PIEZA DE CONEXIONMODELO V,BIEN INSTITUCIONAL,equipment,TRUE,5,5,active,Laboratorio
EQ-0034,PUENTES DE PRECISION WHESTSTONE THOMSON,PUENTES DE PRECISION WHESTSTONE THOMSON | Modelo: S/M,BIEN INSTITUCIONAL,equipment,TRUE,2,2,active,Laboratorio
EQ-0035,RELE DE SOBRECORRIENTE INVERSO TERCO TM 111,RELE DE SOBRECORRIENTE INVERSO TERCO TM 111 | Modelo: ICM2A,BIEN INSTITUCIONAL,equipment,TRUE,1,1,active,Laboratorio
EQ-0036,RELE DE SOBRECORRIENTE TERCO TM 112,RELE DE SOBRECORRIENTE TERCO TM 112 | Modelo: IM3X,BIEN INSTITUCIONAL,equipment,TRUE,1,1,active,Laboratorio
EQ-0037,RELE DE TIEMPO CONSTANTE TERCO TM 114,RELE DE TIEMPO CONSTANTE TERCO TM 114 | Modelo: ISM2,BIEN INSTITUCIONAL,equipment,TRUE,1,1,active,Laboratorio
EQ-0038,RELE DIFERENCIAL TERCO TM 118,RELE DIFERENCIAL TERCO TM 118 | Modelo: D21S3,BIEN INSTITUCIONAL,equipment,TRUE,1,1,active,Laboratorio
EQ-0039,RELE DIRECCIONAL TERCO TM 117,RELE DIRECCIONAL TERCO TM 117 | Modelo: PM2G0,BIEN INSTITUCIONAL,equipment,TRUE,1,1,active,Laboratorio
EQ-0040,RELE MEDIDOR DE TIEMPO TERCO TM 110,RELE MEDIDOR DE TIEMPO TERCO TM 110 | Modelo: S10H,BIEN INSTITUCIONAL,equipment,TRUE,1,1,active,Laboratorio
EQ-0041,REOSTATO DE ARMADURA EN MODULO 0-200 OHMIOS 100W.NO.28-350,REOSTATO DE ARMADURA EN MODULO 0-200 OHMIOS 100W.NO.28-350 | Modelo: S/M,BIEN INSTITUCIONAL,equipment,TRUE,1,1,active,Laboratorio
EQ-0042,REOSTATO DE CAMPO EN SERIE EN MODULO 0-4 OHMIOS 50W.28-351,REOSTATO DE CAMPO EN SERIE EN MODULO 0-4 OHMIOS 50W.28-351 | Modelo: S/M,BIEN INSTITUCIONAL,equipment,TRUE,1,1,active,Laboratorio
EQ-0043,REOSTATOS DE CEPILLO CORREDIZO 21 OHMS 5A-RC5/B,REOSTATOS DE CEPILLO CORREDIZO 21 OHMS 5A-RC5/B | Modelo: S/M,REOSTATOS DE CEPILLO CORREDIZO 21 OHMS 5A-RC5,equipment,TRUE,4,4,active,Laboratorio
EQ-0044,REOSTATOS DE CEPILLO CORREDIZO-145 OHMS.1.6A RC5/B,REOSTATOS DE CEPILLO CORREDIZO-145 OHMS.1.6A RC5/B | Modelo: S/M,REOSTATOS DE CEPILLO CORREDIZO-145 OHMS 1 6A RC5,equipment,TRUE,2,2,active,Laboratorio
EQ-0045,REOSTATOS DE CEPILLO CORREDIZO-2.9 OHMS.13.5A-RC5/D,REOSTATOS DE CEPILLO CORREDIZO-2.9 OHMS.13.5A-RC5/D | Modelo: S/M,REOSTATOS DE CEPILLO CORREDIZO-2 9 OHMS 13 5A-RC5,equipment,TRUE,4,4,active,Laboratorio
EQ-0046,REOSTATOS DE CEPILLO CORREDIZO-7.2 OHMS.3.2A-RC1/B,REOSTATOS DE CEPILLO CORREDIZO-7.2 OHMS.3.2A-RC1/B | Modelo: S/M,REOSTATOS DE CEPILLO CORREDIZO-7 2 OHMS 3 2A-RC1,equipment,TRUE,4,4,active,Laboratorio
EQ-0047,REOSTATOS DE CEPILLO CORREDIZOS-295 OHMS.1.4A-RC5/D,REOSTATOS DE CEPILLO CORREDIZOS-295 OHMS.1.4A-RC5/D | Modelo: S/M,REOSTATOS DE CEPILLO CORREDIZOS-295 OHMS 1 4A-RC5,equipment,TRUE,4,4,active,Laboratorio
EQ-0048,REOSTATOS TV 500/500 TERCO,REOSTATOS TV 500/500 TERCO | Modelo: S/M,REOSTATOS TV 500,equipment,TRUE,3,3,active,Laboratorio
EQ-0049,RESISTENCIA DE CARGA-TB40,RESISTENCIA DE CARGA-TB40 | Modelo: S/M,BIEN INSTITUCIONAL,equipment,TRUE,1,1,active,Laboratorio
EQ-0050,RESISTENSIAS ADICIONALES.3/6/12/30/60/120/200/600V.,RESISTENSIAS ADICIONALES.3/6/12/30/60/120/200/600V. | Modelo: S/M,RESISTENSIAS ADICIONALES 3,equipment,TRUE,1,1,active,Laboratorio
EQ-0051,SHUNT (3 DE C/U).750A. 1500A. 3000A.,SHUNT (3 DE C/U).750A. 1500A. 3000A. | Modelo: S/M,SHUNT (3 DE C,equipment,TRUE,3,3,active,Laboratorio
EQ-0052,SHUNT 0 03-0 06-0 12,SHUNT 0 03-0 06-0 12 | Modelo: S/M,BIEN INSTITUCIONAL,equipment,TRUE,1,1,active,Laboratorio
EQ-0053,SHUNT 0 6/1-2/3-4/12A.,SHUNT 0 6/1-2/3-4/12A. | Modelo: S/M,SHUNT 0 6,equipment,TRUE,1,1,active,Laboratorio
EQ-0054,SHUNT 003-006-012,SHUNT 003-006-012 | Modelo: S/M,BIEN INSTITUCIONAL,equipment,TRUE,2,2,active,Laboratorio
EQ-0055,SHUNT 06/1-2/3-4/12A.,SHUNT 06/1-2/3-4/12A. | Modelo: S/M,SHUNT 06,equipment,TRUE,2,2,active,Laboratorio
EQ-0056,SHUNT 300A.CLASE 0 1,SHUNT 300A.CLASE 0 1 | Modelo: S/M,BIEN INSTITUCIONAL,equipment,TRUE,1,1,active,Laboratorio
EQ-0057,SHUNT 300A.CLASE 01,SHUNT 300A.CLASE 01 | Modelo: S/M,BIEN INSTITUCIONAL,equipment,TRUE,2,2,active,Laboratorio
EQ-0058,TUBO DISTANCIADORMODELO D,TUBO DISTANCIADORMODELO D | Modelo: S/M,BIEN INSTITUCIONAL,equipment,TRUE,1,1,active,Laboratorio
EQ-0059,TUBO DISTANCIADORMODELO D (D) 652 MM.,TUBO DISTANCIADORMODELO D (D) 652 MM. | Modelo: S/M,BIEN INSTITUCIONAL,equipment,TRUE,1,1,active,Laboratorio
EQ-0060,TUBO DISTANCIADORMODELO D (F) 592 MM.,TUBO DISTANCIADORMODELO D (F) 592 MM. | Modelo: S/M,BIEN INSTITUCIONAL,equipment,TRUE,1,1,active,Laboratorio
EQ-0061,ANTENA PORTATIL MARCA MOTOROLA,ANTENA PORTATIL MARCA MOTOROLA | Modelo: 92714,BIENES SUJETOS A CONTROL,equipment,TRUE,1,1,active,Laboratorio
EQ-0062,ANTENA PROFESIONAL MOVIL MARCA HUSTLER,ANTENA PROFESIONAL MOVIL MARCA HUSTLER | Modelo: 92713,BIENES SUJETOS A CONTROL,equipment,TRUE,1,1,active,Laboratorio
EQ-0063,ANTENA YAGUIEN TUBO DE ALUMINIO DE 1/4 5 ELEMENTOS VHF EN TUBO DE ALUMINIO DE 1/2,ANTENA YAGUIEN TUBO DE ALUMINIO DE 1/4 5 ELEMENTOS VHF EN TUBO DE ALUMINIO DE 1/2 | Modelo: 92782,BIENES SUJETOS A CONTROL,equipment,TRUE,1,1,active,Laboratorio
EQ-0064,ANTENA YAGUIEN TUBO DE ALUMINIO DE 1/4 9 ELEMENTOS VHF EN TUBO DE ALUMINIO DE 1/2,ANTENA YAGUIEN TUBO DE ALUMINIO DE 1/4 9 ELEMENTOS VHF EN TUBO DE ALUMINIO DE 1/2 | Modelo: 92783,BIENES SUJETOS A CONTROL,equipment,TRUE,1,1,active,Laboratorio
EQ-0065,CUBIERTA DE MONTAJE NO.28-300,CUBIERTA DE MONTAJE NO.28-300 | Modelo: 92260,BIENES SUJETOS A CONTROL,equipment,TRUE,1,1,active,Laboratorio
EQ-0066,DEMOSTRADOR DE FRENO DINAMICO NO.28-225,DEMOSTRADOR DE FRENO DINAMICO NO.28-225 | Modelo: 92247,BIENES SUJETOS A CONTROL,equipment,TRUE,1,1,active,Laboratorio
EQ-0067,FLEXOMETRO-FXCT150,FLEXOMETRO-FXCT150,BIENES SUJETOS A CONTROL,equipment,TRUE,2,2,active,Laboratorio
EQ-0068,FRENO ELECTROMAGNETICO DE CORRIENTES DE FDUCAULT CON DL2006/,FRENO ELECTROMAGNETICO DE CORRIENTES DE FDUCAULT CON DL2006/ | Modelo: DL2006A,BIENES SUJETOS A CONTROL,equipment,TRUE,1,1,active,Laboratorio
EQ-0069,JUEGOS DE RESISTENCIA DE MEDIDA 06130.10-0 1,JUEGOS DE RESISTENCIA DE MEDIDA 06130.10-0 1 | Modelo: 98889,BIENES SUJETOS A CONTROL,equipment,TRUE,1,1,active,Laboratorio
EQ-0070,JUEGOS DE RESISTENCIA DE MEDIDA 06130.20-0 2OHM.,JUEGOS DE RESISTENCIA DE MEDIDA 06130.20-0 2OHM. | Modelo: 98890,BIENES SUJETOS A CONTROL,equipment,TRUE,1,1,active,Laboratorio
EQ-0071,JUEGOS DE RESISTENCIA DE MEDIDA 06130.50-0 5OHM.,JUEGOS DE RESISTENCIA DE MEDIDA 06130.50-0 5OHM. | Modelo: 98891,BIENES SUJETOS A CONTROL,equipment,TRUE,1,1,active,Laboratorio
EQ-0072,JUEGOS DE RESISTENCIA DE MEDIDA 06131.10-1 OHM.,JUEGOS DE RESISTENCIA DE MEDIDA 06131.10-1 OHM. | Modelo: 98892,BIENES SUJETOS A CONTROL,equipment,TRUE,1,1,active,Laboratorio
EQ-0073,JUEGOS DE RESISTENCIA DE MEDIDA 06131.20-2 OHM.,JUEGOS DE RESISTENCIA DE MEDIDA 06131.20-2 OHM. | Modelo: 98893,BIENES SUJETOS A CONTROL,equipment,TRUE,1,1,active,Laboratorio
EQ-0074,JUEGOS DE RESISTENCIA DE MEDIDA 06131.50-5 OHM.,JUEGOS DE RESISTENCIA DE MEDIDA 06131.50-5 OHM. | Modelo: 98894,BIENES SUJETOS A CONTROL,equipment,TRUE,1,1,active,Laboratorio
EQ-0075,JUEGOS DE RESISTENCIA DE MEDIDA 06132.10 OHM.,JUEGOS DE RESISTENCIA DE MEDIDA 06132.10 OHM. | Modelo: 98895,BIENES SUJETOS A CONTROL,equipment,TRUE,1,1,active,Laboratorio
EQ-0076,JUEGOS DE RESISTENCIA DE MEDIDA 06132.20-20 OHM.,JUEGOS DE RESISTENCIA DE MEDIDA 06132.20-20 OHM. | Modelo: 98896,BIENES SUJETOS A CONTROL,equipment,TRUE,1,1,active,Laboratorio
EQ-0077,JUEGOS DE RESISTENCIA DE MEDIDA 06132.50-50 OHM.,JUEGOS DE RESISTENCIA DE MEDIDA 06132.50-50 OHM. | Modelo: 98897,BIENES SUJETOS A CONTROL,equipment,TRUE,1,1,active,Laboratorio
EQ-0078,JUEGOS DE RESISTENCIA DE MEDIDA 06133.10-100 OHM.,JUEGOS DE RESISTENCIA DE MEDIDA 06133.10-100 OHM. | Modelo: 98898,BIENES SUJETOS A CONTROL,equipment,TRUE,1,1,active,Laboratorio
EQ-0079,JUEGOS DE RESISTENCIA DE MEDIDA 06133.20-200 OHM.,JUEGOS DE RESISTENCIA DE MEDIDA 06133.20-200 OHM. | Modelo: 98899,BIENES SUJETOS A CONTROL,equipment,TRUE,1,1,active,Laboratorio
EQ-0080,JUEGOS DE RESISTENCIA DE MEDIDA 06133.50-500 OHM.,JUEGOS DE RESISTENCIA DE MEDIDA 06133.50-500 OHM. | Modelo: 98900,BIENES SUJETOS A CONTROL,equipment,TRUE,1,1,active,Laboratorio
EQ-0081,JUEGOS DE RESISTENCIA DE MEDIDA 06134.10-1K OHM.,JUEGOS DE RESISTENCIA DE MEDIDA 06134.10-1K OHM. | Modelo: 98901,BIENES SUJETOS A CONTROL,equipment,TRUE,1,1,active,Laboratorio
EQ-0082,JUEGOS DE RESISTENCIA DE MEDIDA 06134.20-2K OHM.,JUEGOS DE RESISTENCIA DE MEDIDA 06134.20-2K OHM. | Modelo: 98902,BIENES SUJETOS A CONTROL,equipment,TRUE,1,1,active,Laboratorio
EQ-0083,JUEGOS DE RESISTENCIA DE MEDIDA 06134.50-5K OHM.,JUEGOS DE RESISTENCIA DE MEDIDA 06134.50-5K OHM. | Modelo: 98903,BIENES SUJETOS A CONTROL,equipment,TRUE,1,1,active,Laboratorio
EQ-0084,JUEGOS DE RESISTENCIA DE MEDIDA 06135.10-10K OHM.,JUEGOS DE RESISTENCIA DE MEDIDA 06135.10-10K OHM. | Modelo: 98904,BIENES SUJETOS A CONTROL,equipment,TRUE,1,1,active,Laboratorio
EQ-0085,JUEGOS DE RESISTENCIA DE MEDIDA 06135.20-20K OHM.,JUEGOS DE RESISTENCIA DE MEDIDA 06135.20-20K OHM. | Modelo: 98905,BIENES SUJETOS A CONTROL,equipment,TRUE,1,1,active,Laboratorio
EQ-0086,JUEGOS DE RESISTENCIA DE MEDIDA 06135.50-50K OHM.,JUEGOS DE RESISTENCIA DE MEDIDA 06135.50-50K OHM. | Modelo: 98906,BIENES SUJETOS A CONTROL,equipment,TRUE,1,1,active,Laboratorio
EQ-0087,RESISTENCIA DE CARGA-TB40,RESISTENCIA DE CARGA-TB40 | Modelo: 92303,BIENES SUJETOS A CONTROL,equipment,TRUE,1,1,active,Laboratorio
EQ-0088,BIENES SUJETOS A CONTROL/ARRANCADOR/ARRANCADOR CD-MANUAL DE 3 Y 4 PUNTOS.NO.28-302,BIENES SUJETOS A CONTROL/ARRANCADOR/ARRANCADOR CD-MANUAL DE 3 Y 4 PUNTOS.NO.28-302 | Modelo: 92261,BIENES SUJETOS A CONTROL,equipment,TRUE,1,1,active,Laboratorio
EQ-0089,BIENES SUJETOS A CONTROL/ARRANCADOR/ARRANCADOR DE 3 POLOS TIRADA SIMPLE NO.28-304,BIENES SUJETOS A CONTROL/ARRANCADOR/ARRANCADOR DE 3 POLOS TIRADA SIMPLE NO.28-304 | Modelo: 92263,BIENES SUJETOS A CONTROL,equipment,TRUE,1,1,active,Laboratorio
EQ-0090,BIENES SUJETOS A CONTROL/ARRANCADOR/ARRANCADOR MAGNETICO TRIFASICO.NO.28-303,BIENES SUJETOS A CONTROL/ARRANCADOR/ARRANCADOR MAGNETICO TRIFASICO.NO.28-303 | Modelo: 92262,BIENES SUJETOS A CONTROL,equipment,TRUE,1,1,active,Laboratorio
EQ-0091,BIENES SUJETOS A CONTROL/BASURERO/PLASTICO/TACHO DE PLASTICO CON BALANCIN,BIENES SUJETOS A CONTROL/BASURERO/PLASTICO/TACHO DE PLASTICO CON BALANCIN | Modelo: 92393,BIENES SUJETOS A CONTROL,equipment,TRUE,1,1,active,Laboratorio
EQ-0092,BOBINA PARA PRUEBA PARA EL FLUXOMETRO-TYPE 1,BOBINA PARA PRUEBA PARA EL FLUXOMETRO-TYPE 1 | Modelo: 92288,BIENES SUJETOS A CONTROL,equipment,TRUE,2,2,active,Laboratorio
EQ-0093,CABLE DE MEDICION COAXIAL MODELO VKD 75 5 M.,CABLE DE MEDICION COAXIAL MODELO VKD 75 5 M. | Modelo: S/M,BIENES SUJETOS A CONTROL,equipment,TRUE,1,1,active,Laboratorio
EQ-0094,BIENES SUJETOS A CONTROL/CARGADOR/CARGA DE INERCIA VARIABLE NO.28-220,BIENES SUJETOS A CONTROL/CARGADOR/CARGA DE INERCIA VARIABLE NO.28-220 | Modelo: 92246,BIENES SUJETOS A CONTROL,equipment,TRUE,1,1,active,Laboratorio
EQ-0095,BIENES SUJETOS A CONTROL/CASCO/CASCO DE PROTECCION DE PLASTICO COLOR BLANCO NORTH,BIENES SUJETOS A CONTROL/CASCO/CASCO DE PROTECCION DE PLASTICO COLOR BLANCO NORTH | Modelo: 102039,BIENES SUJETOS A CONTROL,equipment,TRUE,3,3,active,Laboratorio
EQ-0096,CAUTIN ELECTRICO MANGO DE MADERA 30W 110V.,CAUTIN ELECTRICO MANGO DE MADERA 30W 110V. | Modelo: 451732,BIENES SUJETOS A CONTROL,equipment,TRUE,1,1,active,Laboratorio
EQ-0097,CAUTIN WELLER 100/140W,CAUTIN WELLER 100/140W | Modelo: 453462,BIENES SUJETOS A CONTROL,equipment,TRUE,1,1,active,Laboratorio
EQ-0098,CAUTIN WELLER WP25,CAUTIN WELLER WP25 | Modelo: SI 45,BIENES SUJETOS A CONTROL,equipment,TRUE,1,1,active,Laboratorio
EQ-0099,TECLADO 3,TECLADO 3 | Modelo: 352254,BIENES SUJETOS A CONTROL,equipment,TRUE,1,1,active,Laboratorio
EQ-0100,HUB OFFICE CONNECT FAST ETHERNET DE 4 PUERTOS SERIE 7L9V01FAD7,HUB OFFICE CONNECT FAST ETHERNET DE 4 PUERTOS SERIE 7L9V01FAD7 | Modelo: 3C16723A,BIENES SUJETOS A CONTROL,equipment,TRUE,1,1,active,Laboratorio
EQ-0101,CORTADORA CRESCENT NO 542-7C,CORTADORA CRESCENT NO 542-7C | Modelo: 92208,BIENES SUJETOS A CONTROL,equipment,TRUE,1,1,active,Laboratorio
EQ-0102,PROTECTOR DE EQUIPOS DE 6 TOMAS PANAMAX,PROTECTOR DE EQUIPOS DE 6 TOMAS PANAMAX | Modelo: 102040,BIENES SUJETOS A CONTROL,equipment,TRUE,1,1,active,Laboratorio
EQ-0103,SUPRESOR DE PICOS DE 6 TOMAS APS 13,SUPRESOR DE PICOS DE 6 TOMAS APS 13 | Modelo: 13-414,BIENES SUJETOS A CONTROL,equipment,TRUE,1,1,active,Laboratorio
EQ-0104,SUPRESOR DE PICOS MARCA NIPPON AMERICA MODELO 14-514 DE 6 TOMAS,SUPRESOR DE PICOS MARCA NIPPON AMERICA MODELO 14-514 DE 6 TOMAS,BIENES SUJETOS A CONTROL,equipment,TRUE,11,11,active,Laboratorio
EQ-0105,BIENES SUJETOS A CONTROL/DESTORNILLADOR/DESTORNILLADOR DE ESTRELLA MANGO DE CAUCHO DE 4,BIENES SUJETOS A CONTROL/DESTORNILLADOR/DESTORNILLADOR DE ESTRELLA MANGO DE CAUCHO DE 4 | Modelo: 102133,BIENES SUJETOS A CONTROL,equipment,TRUE,1,1,active,Laboratorio
EQ-0106,ENTENALLA ANTIESTATICA PANAVISE USA,ENTENALLA ANTIESTATICA PANAVISE USA | Modelo: 92838,BIENES SUJETOS A CONTROL,equipment,TRUE,1,1,active,Laboratorio
EQ-0107,ENTENALLA PEQUENA PANAVISE MV89502,ENTENALLA PEQUENA PANAVISE MV89502,BIENES SUJETOS A CONTROL,equipment,TRUE,1,1,active,Laboratorio
EQ-0108,BIENES SUJETOS A CONTROL/ESCRITORIO/MADERA/ESCRITORIO DE 1.45 X 0.80 MTS.REF E 105,BIENES SUJETOS A CONTROL/ESCRITORIO/MADERA/ESCRITORIO DE 1.45 X 0.80 MTS.REF E 105 | Modelo: 92987,BIENES SUJETOS A CONTROL,equipment,TRUE,1,1,active,Laboratorio
EQ-0109,EXTINTOR DE 20 LBS POLVO QUIMICO SECO,EXTINTOR DE 20 LBS POLVO QUIMICO SECO,BIENES SUJETOS A CONTROL,equipment,TRUE,1,1,active,Laboratorio
EQ-0110,FUENTE DE ENERGIA NO 29 215,FUENTE DE ENERGIA NO 29 215 | Modelo: SIN MODELO,BIENES SUJETOS A CONTROL,equipment,TRUE,2,2,active,Laboratorio
EQ-0111,FUENTE DE ENERGIA TRIFASICA NO 28 217,FUENTE DE ENERGIA TRIFASICA NO 28 217 | Modelo: SIN MODELO,BIENES SUJETOS A CONTROL,equipment,TRUE,2,2,active,Laboratorio
EQ-0112,FUENTE LOGO MARCA SIEMENS SERIE Q6TS356841,FUENTE LOGO MARCA SIEMENS SERIE Q6TS356841 | Modelo: SIN MODELO,BIENES SUJETOS A CONTROL,equipment,TRUE,1,1,active,Laboratorio
EQ-0113,BIENES SUJETOS A CONTROL/GENERADOR/GENERADOR DE SENAL MARCA: POTEK MODELO: B8011 N SERIE: 110560067147,BIENES SUJETOS A CONTROL/GENERADOR/GENERADOR DE SENAL MARCA: POTEK MODELO: B8011 N SERIE: 110560067147,BIENES SUJETOS A CONTROL,equipment,TRUE,1,1,active,Laboratorio
EQ-0114,BIENES SUJETOS A CONTROL/GENERADOR/GENERADOR DE SENAL MARCA:GW INSTEK MODELO: GFG-8020H N SERIE: CJ840997,BIENES SUJETOS A CONTROL/GENERADOR/GENERADOR DE SENAL MARCA:GW INSTEK MODELO: GFG-8020H N SERIE: CJ840997,BIENES SUJETOS A CONTROL,equipment,TRUE,1,1,active,Laboratorio
EQ-0115,GENERADOR DE FUNCIONES MODELO ICL8038,GENERADOR DE FUNCIONES MODELO ICL8038,BIENES SUJETOS A CONTROL,equipment,TRUE,7,7,active,Laboratorio
EQ-0116,IMPRESORA LASER MARCA SAMSUNG MODELO ML 2010 XAA SERIE 3A61BKDP310829M,IMPRESORA LASER MARCA SAMSUNG MODELO ML 2010 XAA SERIE 3A61BKDP310829M,BIENES SUJETOS A CONTROL,equipment,TRUE,1,1,active,Laboratorio
EQ-0117,JUEGO DE LLAVES DE BOCA Y CORONA BONEY NO B-80709,JUEGO DE LLAVES DE BOCA Y CORONA BONEY NO B-80709 | Modelo: 92216,BIENES SUJETOS A CONTROL,equipment,TRUE,1,1,active,Laboratorio
EQ-0118,JUEGO DE LLAVES EXAGONALES MILLERS,JUEGO DE LLAVES EXAGONALES MILLERS | Modelo: 92215,BIENES SUJETOS A CONTROL,equipment,TRUE,1,1,active,Laboratorio
EQ-0119,CASSETTE DE VIDEO V H S CONTIENE EL TEMA AMPLIFICADORES OPERACIONALES,CASSETTE DE VIDEO V H S CONTIENE EL TEMA AMPLIFICADORES OPERACIONALES,BIENES SUJETOS A CONTROL,equipment,TRUE,1,1,active,Laboratorio
EQ-0120,CASSETTE DE VIDEO V H S CONTIENE EL TEMA AMPLIFICADORES TRANSISTORIZADOS,CASSETTE DE VIDEO V H S CONTIENE EL TEMA AMPLIFICADORES TRANSISTORIZADOS,BIENES SUJETOS A CONTROL,equipment,TRUE,1,1,active,Laboratorio
EQ-0121,CASSETTE DE VIDEO V H S CONTIENE EL TEMA DIAGRAMA DE CONTROL,CASSETTE DE VIDEO V H S CONTIENE EL TEMA DIAGRAMA DE CONTROL,BIENES SUJETOS A CONTROL,equipment,TRUE,1,1,active,Laboratorio
EQ-0122,CASSETTE DE VIDEO V H S CONTIENE EL TEMA ELECTRONICA BASICA PRIMERA PARTE,CASSETTE DE VIDEO V H S CONTIENE EL TEMA ELECTRONICA BASICA PRIMERA PARTE,BIENES SUJETOS A CONTROL,equipment,TRUE,1,1,active,Laboratorio
EQ-0123,CASSETTE DE VIDEO V H S CONTIENE EL TEMA ELECTRONICA BASICA SEGUNDA PARTE,CASSETTE DE VIDEO V H S CONTIENE EL TEMA ELECTRONICA BASICA SEGUNDA PARTE,BIENES SUJETOS A CONTROL,equipment,TRUE,1,1,active,Laboratorio
EQ-0124,CASSETTE DE VIDEO V H S CONTIENE EL TEMA FUENTES DE ALIMENTACION,CASSETTE DE VIDEO V H S CONTIENE EL TEMA FUENTES DE ALIMENTACION,BIENES SUJETOS A CONTROL,equipment,TRUE,1,1,active,Laboratorio
EQ-0125,CASSETTE DE VIDEO V H S CONTIENE EL TEMA OSCILADORES TRANSISTORIZADOS,CASSETTE DE VIDEO V H S CONTIENE EL TEMA OSCILADORES TRANSISTORIZADOS,BIENES SUJETOS A CONTROL,equipment,TRUE,1,1,active,Laboratorio
EQ-0126,CASSETTE DE VIDEO V H S CONTIENE EL TEMA REPARACION DE TABLEROS DE CIRCUITOS,CASSETTE DE VIDEO V H S CONTIENE EL TEMA REPARACION DE TABLEROS DE CIRCUITOS,BIENES SUJETOS A CONTROL,equipment,TRUE,1,1,active,Laboratorio
EQ-0127,CASSETTE DE VIDEO V H S CONTIENE EL TEMA SISTEMAS DE CONTROL ELECTRONICO PRIMERA PARTE,CASSETTE DE VIDEO V H S CONTIENE EL TEMA SISTEMAS DE CONTROL ELECTRONICO PRIMERA PARTE,BIENES SUJETOS A CONTROL,equipment,TRUE,1,1,active,Laboratorio
EQ-0128,CASSETTE DE VIDEO V H S CONTIENE EL TEMA SISTEMAS DE CONTROL ELECTRONICO SEGUNDA PARTE,CASSETTE DE VIDEO V H S CONTIENE EL TEMA SISTEMAS DE CONTROL ELECTRONICO SEGUNDA PARTE,BIENES SUJETOS A CONTROL,equipment,TRUE,1,1,active,Laboratorio
EQ-0129,CASSETTE DE VIDEO V H S CONTIENE EL TEMA SISTEMAS DE CONTROL ELECTRONICO TERCERA PARTE,CASSETTE DE VIDEO V H S CONTIENE EL TEMA SISTEMAS DE CONTROL ELECTRONICO TERCERA PARTE,BIENES SUJETOS A CONTROL,equipment,TRUE,1,1,active,Laboratorio
EQ-0130,CASSETTE DE VIDEO V H S CONTIENE EL TEMA SISTEMAS ELECTRONICOS ESPECIALIZADOS,CASSETTE DE VIDEO V H S CONTIENE EL TEMA SISTEMAS ELECTRONICOS ESPECIALIZADOS,BIENES SUJETOS A CONTROL,equipment,TRUE,1,1,active,Laboratorio
EQ-0131,CASSETTE DE VIDEO V H S CONTIENE EL TEMA SISTEMAS ELECTRONICOS FUNDAMENTOS DE TRANSISTORES,CASSETTE DE VIDEO V H S CONTIENE EL TEMA SISTEMAS ELECTRONICOS FUNDAMENTOS DE TRANSISTORES,BIENES SUJETOS A CONTROL,equipment,TRUE,1,1,active,Laboratorio
EQ-0132,CASSETTE DE VIDEO V H S CONTIENE EL TEMA TERMINACIONES DE CALBES Y ALAMBRES,CASSETTE DE VIDEO V H S CONTIENE EL TEMA TERMINACIONES DE CALBES Y ALAMBRES,BIENES SUJETOS A CONTROL,equipment,TRUE,1,1,active,Laboratorio
EQ-0133,CASSETTE DE VIDEO V H S CONTIENE EL TEMA TUBOS DE VACIO Y CIRCUITOS,CASSETTE DE VIDEO V H S CONTIENE EL TEMA TUBOS DE VACIO Y CIRCUITOS,BIENES SUJETOS A CONTROL,equipment,TRUE,1,1,active,Laboratorio
EQ-0134,CASSETTE DE VIDEO V H S CONTIENE EL TEMA UTILIZACION DE PRUEBAS DE EQUIPO ELECTRONICO PRIMERA PARTE,CASSETTE DE VIDEO V H S CONTIENE EL TEMA UTILIZACION DE PRUEBAS DE EQUIPO ELECTRONICO PRIMERA PARTE,BIENES SUJETOS A CONTROL,equipment,TRUE,1,1,active,Laboratorio
EQ-0135,CASSETTE DE VIDEO V H S CONTIENE EL TEMA UTILIZACION DE PRUEBAS DE EQUIPO ELECTRONICO SEGUNDA PARTE,CASSETTE DE VIDEO V H S CONTIENE EL TEMA UTILIZACION DE PRUEBAS DE EQUIPO ELECTRONICO SEGUNDA PARTE,BIENES SUJETOS A CONTROL,equipment,TRUE,1,1,active,Laboratorio
EQ-0136,CONVERTIDORES ESTATICOS INTRODUCCION A SU TEORIA Y FUNCIONAMIENTO GOTTFRIED 1986,CONVERTIDORES ESTATICOS INTRODUCCION A SU TEORIA Y FUNCIONAMIENTO GOTTFRIED 1986 | Modelo: S/C,BIENES SUJETOS A CONTROL,equipment,TRUE,1,1,active,Laboratorio
EQ-0137,ENSANANZA PROGRAMADA CURVAS CARACTERISTICAS DEL TIRISTOR NO 26 WOLFGANG WEISKE 1989,ENSANANZA PROGRAMADA CURVAS CARACTERISTICAS DEL TIRISTOR NO 26 WOLFGANG WEISKE 1989,BIENES SUJETOS A CONTROL,equipment,TRUE,1,1,active,Laboratorio
EQ-0138,ENSEANZA PROGRAMADA CORRECCION DEL FACTOR DE POTENCIA DE COS NO 32 HEINZ PAEG 1989,ENSEANZA PROGRAMADA CORRECCION DEL FACTOR DE POTENCIA DE COS NO 32 HEINZ PAEG 1989 | Modelo: S/C,BIENES SUJETOS A CONTROL,equipment,TRUE,1,1,active,Laboratorio
EQ-0139,ENSENANZA PROGRAMADA APLICACIONES DEL TIRISTOR NO 27 WOLFGANG WEISKE 1989,ENSENANZA PROGRAMADA APLICACIONES DEL TIRISTOR NO 27 WOLFGANG WEISKE 1989 | Modelo: S/C,BIENES SUJETOS A CONTROL,equipment,TRUE,1,1,active,Laboratorio
EQ-0140,ENSENANZA PROGRAMADA CORRIENTE TRIFASICA NO 35 WOLFGANG WEISKE 1989,ENSENANZA PROGRAMADA CORRIENTE TRIFASICA NO 35 WOLFGANG WEISKE 1989 | Modelo: S/C,BIENES SUJETOS A CONTROL,equipment,TRUE,1,1,active,Laboratorio
EQ-0141,ENSENANZA PROGRAMADA EL CIRCUITO DE CORRIENTE ALTERNA NO 29 HEINZ RIEGER 1989,ENSENANZA PROGRAMADA EL CIRCUITO DE CORRIENTE ALTERNA NO 29 HEINZ RIEGER 1989 | Modelo: S/C,BIENES SUJETOS A CONTROL,equipment,TRUE,1,1,active,Laboratorio
EQ-0142,ENSENANZA PROGRAMADA EL CONDENSADOR NO 31 HEINZ PAEG 1989,ENSENANZA PROGRAMADA EL CONDENSADOR NO 31 HEINZ PAEG 1989 | Modelo: S/C,BIENES SUJETOS A CONTROL,equipment,TRUE,1,1,active,Laboratorio
EQ-0143,ENSENANZA PROGRAMADA ELEMENTOS MAGNETORRSISTIVOS NO 34 HANS GUNTHER STEIDLE 1989,ENSENANZA PROGRAMADA ELEMENTOS MAGNETORRSISTIVOS NO 34 HANS GUNTHER STEIDLE 1989 | Modelo: S/C,BIENES SUJETOS A CONTROL,equipment,TRUE,1,1,active,Laboratorio
EQ-0144,ENSENANZA PROGRAMADA FUNCIONAMIENTO DEL TIRISTOR NO 25 WOLFGANG WEISKE 1989,ENSENANZA PROGRAMADA FUNCIONAMIENTO DEL TIRISTOR NO 25 WOLFGANG WEISKE 1989 | Modelo: S/C,BIENES SUJETOS A CONTROL,equipment,TRUE,1,1,active,Laboratorio
EQ-0145,ENSENANZA PROGRAMADA FUNCIONAMIENTO DEL TRIAC NO 28 HANSJOCHEN BENDA 1989,ENSENANZA PROGRAMADA FUNCIONAMIENTO DEL TRIAC NO 28 HANSJOCHEN BENDA 1989 | Modelo: S/C,BIENES SUJETOS A CONTROL,equipment,TRUE,1,1,active,Laboratorio
EQ-0146,ENSENANZA PROGRAMADA GENERADORES HALL NO 33 PETER SCHOBER 1989,ENSENANZA PROGRAMADA GENERADORES HALL NO 33 PETER SCHOBER 1989 | Modelo: S/C,BIENES SUJETOS A CONTROL,equipment,TRUE,1,1,active,Laboratorio
EQ-0147,ENSENANZA PROGRAMADA POTENCIA DE LA CORRIENTE TRIFASICA Y SU MEDICION NO 36 HANS JOACHIM GAUS 1989,ENSENANZA PROGRAMADA POTENCIA DE LA CORRIENTE TRIFASICA Y SU MEDICION NO 36 HANS JOACHIM GAUS 1989 | Modelo: S/C,BIENES SUJETOS A CONTROL,equipment,TRUE,1,1,active,Laboratorio
EQ-0148,ENSENANZA PROGRAMADA POTENCIA Y TRABAJO DE LA CORRIENTE ALTERNA NO 30 HEINZ RIEGER 1989,ENSENANZA PROGRAMADA POTENCIA Y TRABAJO DE LA CORRIENTE ALTERNA NO 30 HEINZ RIEGER 1989 | Modelo: S/C,BIENES SUJETOS A CONTROL,equipment,TRUE,1,1,active,Laboratorio
EQ-0149,HIGH VOLTAGE SWITCHEAR NALYSIS AND DESING CHUNIKHIN-ZHAVORONKOV 1989,HIGH VOLTAGE SWITCHEAR NALYSIS AND DESING CHUNIKHIN-ZHAVORONKOV 1989 | Modelo: S/C,BIENES SUJETOS A CONTROL,equipment,TRUE,1,1,active,Laboratorio
EQ-0150,MICROCOMPUTADORES CONCEPTOS BASICOS MODULOS Y CONJUNTOS MODULARES MEDIOS AUXILIARES PARA PLANIFICAR SISTEMAS CONTROLADOS POR MICROCOMPUTADORES HERRAMIENTAS PARA DESARROLLOS HEINRICH KEIL 1988,MICROCOMPUTADORES CONCEPTOS BASICOS MODULOS Y CONJUNTOS MODULARES MEDIOS AUXILIARES PARA PLANIFICAR SISTEMAS CONTROLADOS POR MICROCOMPUTADORES HERRAMIENTAS PARA DESARROLLOS HEINRICH KEIL 1988,BIENES SUJETOS A CONTROL,equipment,TRUE,1,1,active,Laboratorio
EQ-0151,MICROELECTRONIC CIRCUITS ADEL S SEDRA KENNETH C SMITH SECOND EDITION 1987 U S A CBS COLLEGE PUBLISHING,MICROELECTRONIC CIRCUITS ADEL S SEDRA KENNETH C SMITH SECOND EDITION 1987 U S A CBS COLLEGE PUBLISHING,BIENES SUJETOS A CONTROL,equipment,TRUE,2,2,active,Laboratorio
EQ-0152,SISTEMAS DE ALIMENTACION DE ENERGIA PARA LAS TELECOMUNICACIONES PARTE I PRINCIPIOS BASICOS HANS GUMHALTER 1987,SISTEMAS DE ALIMENTACION DE ENERGIA PARA LAS TELECOMUNICACIONES PARTE I PRINCIPIOS BASICOS HANS GUMHALTER 1987 | Modelo: S/C,BIENES SUJETOS A CONTROL,equipment,TRUE,1,1,active,Laboratorio
EQ-0153,TELECOMUNICACION DIGITAL TOMO I INFORMACION BASICA 1988 TOMO II TECNOLOGIA CROSSCONECT Y MULTIPLEXADO 1990 TOMO III EQUIPO DE LINEA PARA SISTEMAS DE TRANSMISION POR FIBRAS OPTICAS 1988,TELECOMUNICACION DIGITAL TOMO I INFORMACION BASICA 1988 TOMO II TECNOLOGIA CROSSCONECT Y MULTIPLEXADO 1990 TOMO III EQUIPO DE LINEA PARA SISTEMAS DE TRANSMISION POR FIBRAS OPTICAS 1988 | Modelo: S/C,BIENES SUJETOS A CONTROL,equipment,TRUE,1,1,active,Laboratorio
EQ-0154,NI SOFTWARE SOLUTIONS DEPARTMENT LICENCE LABVIEWPDS MEANS STUDIO IMAQ VISION LABVIEW RT LABVIEW DSC,NI SOFTWARE SOLUTIONS DEPARTMENT LICENCE LABVIEWPDS MEANS STUDIO IMAQ VISION LABVIEW RT LABVIEW DSC,BIENES SUJETOS A CONTROL,equipment,TRUE,66,66,active,Laboratorio
EQ-0155,MODELO DE LINEA TERCO TM 199,MODELO DE LINEA TERCO TM 199 | Modelo: TM199,BIENES SUJETOS A CONTROL,equipment,TRUE,1,1,active,Laboratorio
EQ-0156,BIENES SUJETOS A CONTROL/MOTORES/MOTOR TRIFASICO/MOTOR TRIFASICO MODELO DE AUTO TRANSFORMADOR DE ARRANQUE 208V 60HZ.28-665,BIENES SUJETOS A CONTROL/MOTORES/MOTOR TRIFASICO/MOTOR TRIFASICO MODELO DE AUTO TRANSFORMADOR DE ARRANQUE 208V 60HZ.28-665 | Modelo: 92232,BIENES SUJETOS A CONTROL,equipment,TRUE,2,2,active,Laboratorio
EQ-0157,MOUSE 1,MOUSE 1 | Modelo: SIN MODELO,BIENES SUJETOS A CONTROL,equipment,TRUE,1,1,active,Laboratorio
EQ-0158,MOUSE 2,MOUSE 2 | Modelo: SIN MODELO,BIENES SUJETOS A CONTROL,equipment,TRUE,1,1,active,Laboratorio
EQ-0159,MOUSE 3,MOUSE 3 | Modelo: SIN MODELO,BIENES SUJETOS A CONTROL,equipment,TRUE,1,1,active,Laboratorio
EQ-0161,MOUSE OPTICO5,MOUSE OPTICO5 | Modelo: SIN MODELO,BIENES SUJETOS A CONTROL,equipment,TRUE,1,1,active,Laboratorio
EQ-0162,"MULTIMETRO DIGITAL MARCA PROSKIT, MODELO MT-5211, SERIE NO. 091261396","MULTIMETRO DIGITAL MARCA PROSKIT, MODELO MT-5211, SERIE NO. 091261396",BIENES SUJETOS A CONTROL,equipment,TRUE,1,1,active,Laboratorio
EQ-0163,"MULTIMETRO DIGITAL MARCA PROSKIT, MODELO MT-5211, SERIE NO. 091261400","MULTIMETRO DIGITAL MARCA PROSKIT, MODELO MT-5211, SERIE NO. 091261400",BIENES SUJETOS A CONTROL,equipment,TRUE,1,1,active,Laboratorio
EQ-0164,"MULTIMETRO DIGITAL MARCA PROSKIT, MODELO MT-5211, SERIE NO. 091261415","MULTIMETRO DIGITAL MARCA PROSKIT, MODELO MT-5211, SERIE NO. 091261415",BIENES SUJETOS A CONTROL,equipment,TRUE,1,1,active,Laboratorio
EQ-0165,"MULTIMETRO DIGITAL MARCA PROSKIT, MODELO MT-5211, SERIE NO. 091261421","MULTIMETRO DIGITAL MARCA PROSKIT, MODELO MT-5211, SERIE NO. 091261421",BIENES SUJETOS A CONTROL,equipment,TRUE,1,1,active,Laboratorio
EQ-0166,MULTIMETRO DIGITAL MARCA PROSKIT RS-232 SERIE 08060013689,MULTIMETRO DIGITAL MARCA PROSKIT RS-232 SERIE 08060013689 | Modelo: 3PK-345,BIENES SUJETOS A CONTROL,equipment,TRUE,1,1,active,Laboratorio
EQ-0167,MULTIMETRO DIGITAL MARCA PROSKIT RS-232 SERIE 08060013691,MULTIMETRO DIGITAL MARCA PROSKIT RS-232 SERIE 08060013691 | Modelo: 3PK-345,BIENES SUJETOS A CONTROL,equipment,TRUE,1,1,active,Laboratorio
EQ-0168,MULTIMETRO DIGITAL MARCA PROSKIT RS-232 SERIE 08060013693,MULTIMETRO DIGITAL MARCA PROSKIT RS-232 SERIE 08060013693 | Modelo: DT-890C,BIENES SUJETOS A CONTROL,equipment,TRUE,1,1,active,Laboratorio
EQ-0169,MULTIMETRO DIGITAL MARCA PROSKIT RS-232 SERIE 08060013694,MULTIMETRO DIGITAL MARCA PROSKIT RS-232 SERIE 08060013694 | Modelo: 3PK-345,BIENES SUJETOS A CONTROL,equipment,TRUE,1,1,active,Laboratorio
EQ-0170,MULTIMETRO DIGITAL MARCA PROSKIT RS-232 SERIE 08060013769,MULTIMETRO DIGITAL MARCA PROSKIT RS-232 SERIE 08060013769 | Modelo: 3PK-345,BIENES SUJETOS A CONTROL,equipment,TRUE,1,1,active,Laboratorio
EQ-0171,MULTIMETRO DIGITAL MARCA PROSKIT RS-232 SERIE 08060013777,MULTIMETRO DIGITAL MARCA PROSKIT RS-232 SERIE 08060013777 | Modelo: DT-5808,BIENES SUJETOS A CONTROL,equipment,TRUE,1,1,active,Laboratorio
EQ-0172,MULTIMETRO DIGITAL MARCA PROSKIT RS-232 SERIE 08060013802,MULTIMETRO DIGITAL MARCA PROSKIT RS-232 SERIE 08060013802 | Modelo: 3PK-345,BIENES SUJETOS A CONTROL,equipment,TRUE,1,1,active,Laboratorio
EQ-0173,MULTIMETRO DIGITAL PROFESIONAL MARCA PROSKIT MT-1860 SERIE 992699135,MULTIMETRO DIGITAL PROFESIONAL MARCA PROSKIT MT-1860 SERIE 992699135,BIENES SUJETOS A CONTROL,equipment,TRUE,1,1,active,Laboratorio
EQ-0174,MULTIMETRO DIGITAL PROFESIONAL MARCA PROSKIT MT-1860 SERIE 992699174,MULTIMETRO DIGITAL PROFESIONAL MARCA PROSKIT MT-1860 SERIE 992699174,BIENES SUJETOS A CONTROL,equipment,TRUE,1,1,active,Laboratorio
EQ-0175,BIENES SUJETOS A CONTROL/PANTALLA PARA PROYECTOR/PANTALLA DE PROYECCION DE 180CM X 180CM,BIENES SUJETOS A CONTROL/PANTALLA PARA PROYECTOR/PANTALLA DE PROYECCION DE 180CM X 180CM | Modelo: 92437,BIENES SUJETOS A CONTROL,equipment,TRUE,2,2,active,Laboratorio
EQ-0176,BIENES SUJETOS A CONTROL/PANTALLA PARA PROYECTOR/PANTALLA PARA PROYECCION DE 180CM X 180CM,BIENES SUJETOS A CONTROL/PANTALLA PARA PROYECTOR/PANTALLA PARA PROYECCION DE 180CM X 180CM | Modelo: 102154,BIENES SUJETOS A CONTROL,equipment,TRUE,1,1,active,Laboratorio
EQ-0177,BIENES SUJETOS A CONTROL/PAPELERA/MADERA/PAPELERA DE CEDRO DE 2 BANDEJAS DE:29X37X35 CM.DE ALTO COLOR CAFE CLARO,BIENES SUJETOS A CONTROL/PAPELERA/MADERA/PAPELERA DE CEDRO DE 2 BANDEJAS DE:29X37X35 CM.DE ALTO COLOR CAFE CLARO | Modelo: 376998,BIENES SUJETOS A CONTROL,equipment,TRUE,2,2,active,Laboratorio
EQ-0178,PARLANTES PARA COMPUTADOR JUEGO DE DOS UNIDADES,PARLANTES PARA COMPUTADOR JUEGO DE DOS UNIDADES | Modelo: SIN MODELO,BIENES SUJETOS A CONTROL,equipment,TRUE,1,1,active,Laboratorio
EQ-0179,PERSIANA PLASTICA VERTICAL COLOR GRIS DE: 620 CM X 270 CM X 210 CM DE ALTO Y DE. 240 CM X 246 CM X 181 CM DE ALTO,PERSIANA PLASTICA VERTICAL COLOR GRIS DE: 620 CM X 270 CM X 210 CM DE ALTO Y DE. 240 CM X 246 CM X 181 CM DE ALTO | Modelo: 93122,BIENES SUJETOS A CONTROL,equipment,TRUE,1,1,active,Laboratorio
EQ-0180,PERSIANA PVC HABANA DE 200X150 CM,PERSIANA PVC HABANA DE 200X150 CM | Modelo: 463445,BIENES SUJETOS A CONTROL,equipment,TRUE,1,1,active,Laboratorio
EQ-0181,PERSIANA PVC VERTICAL CORBET LLANO COLOR: BEIGE MEDIDAS: 1.96X1.49,PERSIANA PVC VERTICAL CORBET LLANO COLOR: BEIGE MEDIDAS: 1.96X1.49 | Modelo: 280162,BIENES SUJETOS A CONTROL,equipment,TRUE,1,1,active,Laboratorio
EQ-0182,PERSIANA PVC VERTICAL CORBET LLANO COLOR: BEIGE MEDIDAS: 4.16X1.52,PERSIANA PVC VERTICAL CORBET LLANO COLOR: BEIGE MEDIDAS: 4.16X1.52 | Modelo: 280161,BIENES SUJETOS A CONTROL,equipment,TRUE,1,1,active,Laboratorio
EQ-0183,PERSIANA VERTICAL PLASTICA COLOR BEIGE DE: 142 CM X 160 CM (5),PERSIANA VERTICAL PLASTICA COLOR BEIGE DE: 142 CM X 160 CM (5) | Modelo: 93119,BIENES SUJETOS A CONTROL,equipment,TRUE,1,1,active,Laboratorio
EQ-0184,PERSIANA VERTICAL PLASTICARIBCORD GRIS DE: 1.40M X 1.55M,PERSIANA VERTICAL PLASTICARIBCORD GRIS DE: 1.40M X 1.55M | Modelo: 102155,BIENES SUJETOS A CONTROL,equipment,TRUE,1,1,active,Laboratorio
EQ-0185,PERSIANA VERTICAL PLASTICARIBCORD GRIS DE: 2M X 1.55M,PERSIANA VERTICAL PLASTICARIBCORD GRIS DE: 2M X 1.55M | Modelo: 102156,BIENES SUJETOS A CONTROL,equipment,TRUE,1,1,active,Laboratorio
EQ-0186,BASES DE RESISTENCIA 06143.00,BASES DE RESISTENCIA 06143.00 | Modelo: 451701,BIENES SUJETOS A CONTROL,equipment,TRUE,19,19,active,Laboratorio
EQ-0187,PINZA PLANA PARA ELECTRICISTA DIAMOND DE 6,PINZA PLANA PARA ELECTRICISTA DIAMOND DE 6 | Modelo: 102135,BIENES SUJETOS A CONTROL,equipment,TRUE,1,1,active,Laboratorio
EQ-0188,BIENES SUJETOS A CONTROL/PIZARRA/PIZARRON PORCELANIZADO PARA TIZA LIQUIDA DE:122X244 CM.,BIENES SUJETOS A CONTROL/PIZARRA/PIZARRON PORCELANIZADO PARA TIZA LIQUIDA DE:122X244 CM. | Modelo: 296146,BIENES SUJETOS A CONTROL,equipment,TRUE,4,4,active,Laboratorio
EQ-0189,BIENES SUJETOS A CONTROL/PIZARRA/PIZARRON PORCELANIZADO PARA TIZA LIQUIDA MARCO DE ALUMINIO CON PORTATIZAS DE 2.355M X 1. 225M,BIENES SUJETOS A CONTROL/PIZARRA/PIZARRON PORCELANIZADO PARA TIZA LIQUIDA MARCO DE ALUMINIO CON PORTATIZAS DE 2.355M X 1. 225M | Modelo: 92424,BIENES SUJETOS A CONTROL,equipment,TRUE,1,1,active,Laboratorio
EQ-0190,PORTA CPU METALICO COLOR PLOMO CON GARRUCHAS,PORTA CPU METALICO COLOR PLOMO CON GARRUCHAS | Modelo: 306429,BIENES SUJETOS A CONTROL,equipment,TRUE,2,2,active,Laboratorio
EQ-0191,BIENES SUJETOS A CONTROL/PROBADOR Y GENERADOR/PROBADOR DE RELES TERCO TM 132,BIENES SUJETOS A CONTROL/PROBADOR Y GENERADOR/PROBADOR DE RELES TERCO TM 132,BIENES SUJETOS A CONTROL,equipment,TRUE,1,1,active,Laboratorio
EQ-0193,"FUENTE DE VOLTAJE MARCA MIYAKO USA, MODELO DVP212S","FUENTE DE VOLTAJE MARCA MIYAKO USA, MODELO DVP212S",BIENES SUJETOS A CONTROL,equipment,TRUE,6,6,active,Laboratorio
EQ-0194,BIENES SUJETOS A CONTROL/REGULADOR DE VOLTAJE/REGULADOR DE VOLTAGE TRIPP LITE DE CUATRO TOMAS MODELO LS-604 600 W.,BIENES SUJETOS A CONTROL/REGULADOR DE VOLTAJE/REGULADOR DE VOLTAGE TRIPP LITE DE CUATRO TOMAS MODELO LS-604 600 W. | Modelo: LS-604.600W,BIENES SUJETOS A CONTROL,equipment,TRUE,1,1,active,Laboratorio
EQ-0195,SILLA APILABLE MODELO MILANO SIN BRAZOS ESTRUCTURA DE TUBO REDONDO ASIENTO Y ESPALDAR TAPIZADO EN YUTE LACRE,SILLA APILABLE MODELO MILANO SIN BRAZOS ESTRUCTURA DE TUBO REDONDO ASIENTO Y ESPALDAR TAPIZADO EN YUTE LACRE | Modelo: 93005,BIENES SUJETOS A CONTROL,equipment,TRUE,28,28,active,Laboratorio
EQ-0196,SILLA ESTRUCTURA METALICA SIN BRAZOS ESPALDAR PLASTICO Y ASIENTO TAPIZADO EN DAMASCO AZUL,SILLA ESTRUCTURA METALICA SIN BRAZOS ESPALDAR PLASTICO Y ASIENTO TAPIZADO EN DAMASCO AZUL | Modelo: 272332,BIENES SUJETOS A CONTROL,equipment,TRUE,18,18,active,Laboratorio
EQ-0197,SILLA MILANO SIN BRAZOS ESTRUCTURA DE TUBO REDONDO ASIENTO Y ESPALDAR TAPIZADO EN YUTE LACRE,SILLA MILANO SIN BRAZOS ESTRUCTURA DE TUBO REDONDO ASIENTO Y ESPALDAR TAPIZADO EN YUTE LACRE | Modelo: 102174,BIENES SUJETOS A CONTROL,equipment,TRUE,4,4,active,Laboratorio
EQ-0198,SILLA SATURNO CON BRAZOS ESTRUCTURA DE TUBO REDONDO ASIENTO Y ESPALDAR TAPIZADO EN YUTE LACRE,SILLA SATURNO CON BRAZOS ESTRUCTURA DE TUBO REDONDO ASIENTO Y ESPALDAR TAPIZADO EN YUTE LACRE | Modelo: 102175,BIENES SUJETOS A CONTROL,equipment,TRUE,2,2,active,Laboratorio
EQ-0199,SILLA GIRATORIA SEMIEJECUTIVA CON BRAZOS,SILLA GIRATORIA SEMIEJECUTIVA CON BRAZOS,BIENES SUJETOS A CONTROL,equipment,TRUE,5,5,active,Laboratorio
EQ-0200,SOPLADOR DE HOJAS Y ASPIRADORA,SOPLADOR DE HOJAS Y ASPIRADORA | Modelo: 463249,BIENES SUJETOS A CONTROL,equipment,TRUE,1,1,active,Laboratorio
EQ-0201,BIENES SUJETOS A CONTROL/SPLITTER/CONTROL DE CARGA 20AMP 12/24V,BIENES SUJETOS A CONTROL/SPLITTER/CONTROL DE CARGA 20AMP 12/24V,BIENES SUJETOS A CONTROL,equipment,TRUE,1,1,active,Laboratorio
EQ-0202,TABURETE ESTRUCTURA METALICA COLOR GRIS ASIENTO TAPIZADO EN CUERINA NEGRA DE: 65 CM DE ALTO,TABURETE ESTRUCTURA METALICA COLOR GRIS ASIENTO TAPIZADO EN CUERINA NEGRA DE: 65 CM DE ALTO | Modelo: 306646,BIENES SUJETOS A CONTROL,equipment,TRUE,12,12,active,Laboratorio
EQ-0203,BIENES SUJETOS A CONTROL/TACOMETRO/COMBINACION DE TACOMETRO 0-8 000RPM FRENO DE CORRIENTE 28-207,BIENES SUJETOS A CONTROL/TACOMETRO/COMBINACION DE TACOMETRO 0-8 000RPM FRENO DE CORRIENTE 28-207 | Modelo: 92243,BIENES SUJETOS A CONTROL,equipment,TRUE,1,1,active,Laboratorio
EQ-0204,TECLADO 1,TECLADO 1 | Modelo: SIN MODELO,BIENES SUJETOS A CONTROL,equipment,TRUE,1,1,active,Laboratorio
EQ-0205,TECLADO 2,TECLADO 2 | Modelo: SIN MODELO,BIENES SUJETOS A CONTROL,equipment,TRUE,1,1,active,Laboratorio
EQ-0206,TECLADO 3,TECLADO 3 | Modelo: KB-0316,BIENES SUJETOS A CONTROL,equipment,TRUE,1,1,active,Laboratorio
EQ-0207,TECLADO 4,TECLADO 4 | Modelo: SIN MODELO,BIENES SUJETOS A CONTROL,equipment,TRUE,1,1,active,Laboratorio
EQ-0208,TECLADO HP,TECLADO HP | Modelo: TECLADO ALFANUMERICO,BIENES SUJETOS A CONTROL,equipment,TRUE,3,3,active,Laboratorio
EQ-0209,TECLADO5,TECLADO5 | Modelo: KB-0316,BIENES SUJETOS A CONTROL,equipment,TRUE,1,1,active,Laboratorio
EQ-0210,UPS 550VA MARCA APC MODELO BE550G L,UPS 550VA MARCA APC MODELO BE550G L | Modelo: BE550G-LM,BIENES SUJETOS A CONTROL,equipment,TRUE,3,3,active,Laboratorio
EQ-0211,UPS 550VA MARCA APC MODELO BE550G LM,UPS 550VA MARCA APC MODELO BE550G LM,BIENES SUJETOS A CONTROL,equipment,TRUE,3,3,active,Laboratorio
EQ-0212,GENERADOR DE SEÑALES SMB100A SERIE:110757-Ky MODELO:SMB100A MARCA:ROHDE&SCHWARZ,GENERADOR DE SEÑALES SMB100A SERIE:110757-Ky MODELO:SMB100A MARCA:ROHDE&SCHWARZ,EQUIPO DE USO GENERAL,equipment,TRUE,1,1,active,Laboratorio
EQ-0213,UNIDAD BASE GENERADORA DE SEÑALES SMC100A SERIE:105969 MODELO:SMC100A MARCA:ROHDE&SCHWARZ,UNIDAD BASE GENERADORA DE SEÑALES SMC100A SERIE:105969 MODELO:SMC100A MARCA:ROHDE&SCHWARZ,EQUIPO DE USO GENERAL,equipment,TRUE,1,1,active,Laboratorio
EQ-0214,TRANSFORMADOR DE PRUEBA PARA TENSIONES MODELO TEO 100/10 NO.88/49598 Y 88/49599,TRANSFORMADOR DE PRUEBA PARA TENSIONES MODELO TEO 100/10 NO.88/49598 Y 88/49599,EQUIPO DE USO GENERAL,equipment,TRUE,1,1,active,Laboratorio
EQ-0215,TRANSFORMADOR DE PRUEBA PARA TENSIONES MODELO TEO 100/10 NO.88/49600,TRANSFORMADOR DE PRUEBA PARA TENSIONES MODELO TEO 100/10 NO.88/49600,EQUIPO DE USO GENERAL,equipment,TRUE,1,1,active,Laboratorio
EQ-0216,TRANSFORMADOR MARCA HAEFELY- SERIE NO. 050894/02- A O 1994- VOLTAJE 196/100000/196- FRECUENCIA 50/60,TRANSFORMADOR MARCA HAEFELY- SERIE NO. 050894/02- A O 1994- VOLTAJE 196/100000/196- FRECUENCIA 50/60 | Modelo: 256068,EQUIPO DE USO GENERAL,equipment,TRUE,1,1,active,Laboratorio
EQ-0217,TRANSFORMADOR MONOFASICO,TRANSFORMADOR MONOFASICO | Modelo: TRANSFORMADOR MONOFASICO DL30103,EQUIPO DE USO GENERAL,equipment,TRUE,3,3,active,Laboratorio
EQ-0218,TRANSFORMADOR MONOFASICO DE AIRE REFRIGERADO-2093,TRANSFORMADOR MONOFASICO DE AIRE REFRIGERADO-2093 | Modelo: 92298,EQUIPO DE USO GENERAL,equipment,TRUE,1,1,active,Laboratorio
EQ-0219,TRANSFORMADOR MONOFASICO MARCA WAGNER SERIE NO.75040 451-NO.EM.3661-DE:6300 V./110-240V.,TRANSFORMADOR MONOFASICO MARCA WAGNER SERIE NO.75040 451-NO.EM.3661-DE:6300 V./110-240V. | Modelo: 102159,EQUIPO DE USO GENERAL,equipment,TRUE,1,1,active,Laboratorio
EQ-0220,TRANSFORMADOR TRIFASICO,TRANSFORMADOR TRIFASICO | Modelo: TRANSFORMADOR TRIFASICO DL30100,EQUIPO DE USO GENERAL,equipment,TRUE,1,1,active,Laboratorio
EQ-0221,EQUIPO ELECTRONICO/COMPUTADOR DE ESCRITORIO/COMPUTADOR CORE 2 DUO 2 93GHZ MOTHERBOARD BIOSTAR 775 MEMORIA DDR2 PC800 2GB DISCO DURO SAMSUNG SATA 320GB 7200RPM DVD WRITER SATA,EQUIPO ELECTRONICO/COMPUTADOR DE ESCRITORIO/COMPUTADOR CORE 2 DUO 2 93GHZ MOTHERBOARD BIOSTAR 775 MEMORIA DDR2 PC800 2GB DISCO DURO SAMSUNG SATA 320GB 7200RPM DVD WRITER SATA | Modelo: GC-1358,EQUIPO ELECTRONICO,equipment,TRUE,1,1,active,Laboratorio
EQ-0222,COMPUTADOR PERSONAL PROCESADOR INTEL CORE I3-370M 3GB RAM DISCO DURO DE 500GB,COMPUTADOR PERSONAL PROCESADOR INTEL CORE I3-370M 3GB RAM DISCO DURO DE 500GB | Modelo: PROBOOK,EQUIPO ELECTRONICO,equipment,TRUE,1,1,active,Laboratorio
EQ-0223,COMPUTADOR PORTATIL MARCA HP 550 CORE 2 DUO DE 1 4 GHZ DISCO DURO DE 250GB 2 GB DE MEMORIA RAM CON UNIDAD DE DVD-WRTIER SERIE CNU83421MB CON MOUSE OPTICO OMEGA DE 2 BOTONES Y MALETIN DE CUERO OMEGA,COMPUTADOR PORTATIL MARCA HP 550 CORE 2 DUO DE 1 4 GHZ DISCO DURO DE 250GB 2 GB DE MEMORIA RAM CON UNIDAD DE DVD-WRTIER SERIE CNU83421MB CON MOUSE OPTICO OMEGA DE 2 BOTONES Y MALETIN DE CUERO OMEGA | Modelo: S/M,EQUIPO ELECTRONICO,equipment,TRUE,1,1,active,Laboratorio
EQ-0224,"EQUIPO CONTROLADOR MARCA BRAIN CHILD, MODELO BTC-9300, SERIE NO. 113523","EQUIPO CONTROLADOR MARCA BRAIN CHILD, MODELO BTC-9300, SERIE NO. 113523",EQUIPO ELECTRONICO,equipment,TRUE,1,1,active,Laboratorio
EQ-0225,"EQUIPO CONTROLADOR MARCA BRAIN CHILD, MODELO BTC-9300, SERIE NO. 200256","EQUIPO CONTROLADOR MARCA BRAIN CHILD, MODELO BTC-9300, SERIE NO. 200256",EQUIPO ELECTRONICO,equipment,TRUE,1,1,active,Laboratorio
EQ-0226,COMPUTADOR CORE 2 DUO 2 93GHZ MOTHERBOARD BIOSTAR 775 MEMORIA DDR2 PC800 2GB DISCO DURO SAMSUNG SATA 320GB 7200RPM DVD WRITER SATA,COMPUTADOR CORE 2 DUO 2 93GHZ MOTHERBOARD BIOSTAR 775 MEMORIA DDR2 PC800 2GB DISCO DURO SAMSUNG SATA 320GB 7200RPM DVD WRITER SATA | Modelo: S/M,EQUIPO ELECTRONICO,equipment,TRUE,3,3,active,Laboratorio
EQ-0227,COMPUTADOR DE ESCRITORIO HP 6300 i7/1TB/8GB,COMPUTADOR DE ESCRITORIO HP 6300 i7/1TB/8GB | Modelo: CPU CORE i7,EQUIPO ELECTRONICO,equipment,TRUE,2,2,active,Laboratorio
EQ-0228,CPU CON PROCESADOR INTEL CORE I3 DE 3 1GHZ 2 GB DE MEMORIA RAM DISCO DURO DE 500GB CON UNIDAD DE DVD WRITER 5,CPU CON PROCESADOR INTEL CORE I3 DE 3 1GHZ 2 GB DE MEMORIA RAM DISCO DURO DE 500GB CON UNIDAD DE DVD WRITER 5 | Modelo: S/M,EQUIPO ELECTRONICO,equipment,TRUE,1,1,active,Laboratorio
EQ-0229,CPU DESKTOP HP 6200 CON PROCESADOR INTEL CORE I5-2400 DISCO DURO DE 500GB 2 GB DE MEMORIA RAM CON UNIDAD DE DVD WRITTER 1,CPU DESKTOP HP 6200 CON PROCESADOR INTEL CORE I5-2400 DISCO DURO DE 500GB 2 GB DE MEMORIA RAM CON UNIDAD DE DVD WRITTER 1 | Modelo: S/M,EQUIPO ELECTRONICO,equipment,TRUE,1,1,active,Laboratorio
EQ-0231,CPU DESKTOP HP 6200 CON PROCESADOR INTEL CORE I5-2400 DISCO DURO DE 500GB 2 GB DE MEMORIA RAM CON UNIDAD DE DVD WRITTER 3,CPU DESKTOP HP 6200 CON PROCESADOR INTEL CORE I5-2400 DISCO DURO DE 500GB 2 GB DE MEMORIA RAM CON UNIDAD DE DVD WRITTER 3 | Modelo: S/M,EQUIPO ELECTRONICO,equipment,TRUE,1,1,active,Laboratorio
EQ-0232,CPU DESKTOP HP 6200 CON PROCESADOR INTEL CORE I5-2400 DISCO DURO DE 500GB 2 GB DE MEMORIA RAM CON UNIDAD DE DVD WRITTER 4,CPU DESKTOP HP 6200 CON PROCESADOR INTEL CORE I5-2400 DISCO DURO DE 500GB 2 GB DE MEMORIA RAM CON UNIDAD DE DVD WRITTER 4 | Modelo: S/M,EQUIPO ELECTRONICO,equipment,TRUE,1,1,active,Laboratorio
EQ-0233,CPU HP i7/500GB/8GB/PRO,CPU HP i7/500GB/8GB/PRO | Modelo: CPU CORE i7,EQUIPO ELECTRONICO,equipment,TRUE,1,1,active,Laboratorio
EQ-0234,DISPOSITIVO ELECTRONICO INTELIGENTE(PAQUETE DE FORMACIÓN LOGO 230RCE)SIEMENS-MODELO:DEMO LOGO- SERIE:6ED1052-1MD08-LOG-03-2020-0001.,DISPOSITIVO ELECTRONICO INTELIGENTE(PAQUETE DE FORMACIÓN LOGO 230RCE)SIEMENS-MODELO:DEMO LOGO- SERIE:6ED1052-1MD08-LOG-03-2020-0001.,EQUIPO ELECTRONICO,equipment,TRUE,1,1,active,Laboratorio
EQ-0235,DISPOSITIVO ELECTRONICO INTELIGENTE(PAQUETE DE FORMACIÓN LOGO 230RCE)SIEMENS-MODELO:DEMO LOGO- SERIE:6ED1052-1MD08-LOG-03-2020-0002.,DISPOSITIVO ELECTRONICO INTELIGENTE(PAQUETE DE FORMACIÓN LOGO 230RCE)SIEMENS-MODELO:DEMO LOGO- SERIE:6ED1052-1MD08-LOG-03-2020-0002.,EQUIPO ELECTRONICO,equipment,TRUE,1,1,active,Laboratorio
EQ-0236,DISPOSITIVO ELECTRONICO INTELIGENTE(PAQUETE DE FORMACIÓN LOGO 230RCE)SIEMENS-MODELO:DEMO LOGO- SERIE:6ED1052-1MD08-LOG-03-2020-0003.,DISPOSITIVO ELECTRONICO INTELIGENTE(PAQUETE DE FORMACIÓN LOGO 230RCE)SIEMENS-MODELO:DEMO LOGO- SERIE:6ED1052-1MD08-LOG-03-2020-0003.,EQUIPO ELECTRONICO,equipment,TRUE,1,1,active,Laboratorio
EQ-0237,DISPOSITIVO ELECTRONICO INTELIGENTE(PAQUETE DE FORMACIÓN LOGO 230RCE)SIEMENS-MODELO:DEMO LOGO- SERIE:6ED1052-1MD08-LOG-03-2020-0004,DISPOSITIVO ELECTRONICO INTELIGENTE(PAQUETE DE FORMACIÓN LOGO 230RCE)SIEMENS-MODELO:DEMO LOGO- SERIE:6ED1052-1MD08-LOG-03-2020-0004,EQUIPO ELECTRONICO,equipment,TRUE,1,1,active,Laboratorio
EQ-0238,"DISPOSITIVO ELECTRONICO INTELIGENTE(PAQUETE DE FORMACIÓN S7/1500,CPU 1512C-1PN)SIEMENS- MODELO:DEMO PLC S7-1500-SERIE:6ES7512-1CK01-0AB0-S71500-03-2020-0001.","DISPOSITIVO ELECTRONICO INTELIGENTE(PAQUETE DE FORMACIÓN S7/1500,CPU 1512C-1PN)SIEMENS- MODELO:DEMO PLC S7-1500-SERIE:6ES7512-1CK01-0AB0-S71500-03-2020-0001.",EQUIPO ELECTRONICO,equipment,TRUE,1,1,active,Laboratorio
EQ-0239,"DISPOSITIVO ELECTRONICO INTELIGENTE(PAQUETE DE FORMACIÓN S7/1500,CPU 1512C-1PN)SIEMENS- MODELO:DEMO PLC S7-1500-SERIE:6ES7512-1CK01-0AB0-S71500-03-2020-0002.","DISPOSITIVO ELECTRONICO INTELIGENTE(PAQUETE DE FORMACIÓN S7/1500,CPU 1512C-1PN)SIEMENS- MODELO:DEMO PLC S7-1500-SERIE:6ES7512-1CK01-0AB0-S71500-03-2020-0002.",EQUIPO ELECTRONICO,equipment,TRUE,1,1,active,Laboratorio
EQ-0240,FUENTE DE PODER MARCA NATIONAL INSTRUMENTS SERIE 5878157,FUENTE DE PODER MARCA NATIONAL INSTRUMENTS SERIE 5878157 | Modelo: 781093-01,EQUIPO ELECTRONICO,equipment,TRUE,1,1,active,Laboratorio
EQ-0241,FUENTE DE PODER MARCA NATIONAL INSTRUMENTS SERIE 5909515,FUENTE DE PODER MARCA NATIONAL INSTRUMENTS SERIE 5909515 | Modelo: 781093-01,EQUIPO ELECTRONICO,equipment,TRUE,1,1,active,Laboratorio
EQ-0242,FUENTE DE PODER MARCA QUAD POWER MODELO XP-581 N SERIE 222505,FUENTE DE PODER MARCA QUAD POWER MODELO XP-581 N SERIE 222505,EQUIPO ELECTRONICO,equipment,TRUE,1,1,active,Laboratorio
EQ-0243,FUENTE DE PODER SIN MARCA SIN MODELO CON N DE SERIE 019667,FUENTE DE PODER SIN MARCA SIN MODELO CON N DE SERIE 019667 | Modelo: S/M,EQUIPO ELECTRONICO,equipment,TRUE,1,1,active,Laboratorio
EQ-0244,FUENTE DIG 2-20V 2A FIJO 5V 3A +-12 1,FUENTE DIG 2-20V 2A FIJO 5V 3A +-12 1 | Modelo: S/M,EQUIPO ELECTRONICO,equipment,TRUE,1,1,active,Laboratorio
EQ-0245,FUENTE DIG 2-20V 2A FIJO 5V 3A +-12 2,FUENTE DIG 2-20V 2A FIJO 5V 3A +-12 2 | Modelo: S/M,EQUIPO ELECTRONICO,equipment,TRUE,1,1,active,Laboratorio
EQ-0246,FUENTE DIG 2-20V 2A FIJO 5V 3A +-12 3,FUENTE DIG 2-20V 2A FIJO 5V 3A +-12 3 | Modelo: S/M,EQUIPO ELECTRONICO,equipment,TRUE,1,1,active,Laboratorio
EQ-0247,FUENTE DIG 2-20V 2A FIJO 5V 3A +-12 4,FUENTE DIG 2-20V 2A FIJO 5V 3A +-12 4 | Modelo: S/M,EQUIPO ELECTRONICO,equipment,TRUE,1,1,active,Laboratorio
EQ-0248,FUENTE DIG 2-20V 2A FIJO 5V 3A +-12 5,FUENTE DIG 2-20V 2A FIJO 5V 3A +-12 5 | Modelo: S/M,EQUIPO ELECTRONICO,equipment,TRUE,1,1,active,Laboratorio
EQ-0249,FUENTE DIG 2-20V 2A FIJO 5V 3A +-12 6,FUENTE DIG 2-20V 2A FIJO 5V 3A +-12 6 | Modelo: S/M,EQUIPO ELECTRONICO,equipment,TRUE,1,1,active,Laboratorio
EQ-0250,FUENTE DIG 2-20V 2A FIJO 5V 3A +-12 7,FUENTE DIG 2-20V 2A FIJO 5V 3A +-12 7 | Modelo: XP-581,EQUIPO ELECTRONICO,equipment,TRUE,1,1,active,Laboratorio
EQ-0251,FUENTE DIG 2-20V 2A FIJO 5V 3A +-12 8,FUENTE DIG 2-20V 2A FIJO 5V 3A +-12 8 | Modelo: XP-581,EQUIPO ELECTRONICO,equipment,TRUE,1,1,active,Laboratorio
EQ-0252,FUENTE HY-3003 0-30V 3A 1,FUENTE HY-3003 0-30V 3A 1 | Modelo: DC POWER SUPPLY HY3003,EQUIPO ELECTRONICO,equipment,TRUE,1,1,active,Laboratorio
EQ-0253,FUENTE HY-3003 0-30V 3A 2,FUENTE HY-3003 0-30V 3A 2 | Modelo: DC POWER SUPPLY HY3003,EQUIPO ELECTRONICO,equipment,TRUE,1,1,active,Laboratorio
EQ-0254,FUENTE HY-3003 0-30V 3A 3,FUENTE HY-3003 0-30V 3A 3 | Modelo: DC POWER SUPPLY HY3003,EQUIPO ELECTRONICO,equipment,TRUE,1,1,active,Laboratorio
EQ-0255,FUENTE HY-3003 0-30V 3A 4,FUENTE HY-3003 0-30V 3A 4 | Modelo: DC POWER SUPPLY HY3003,EQUIPO ELECTRONICO,equipment,TRUE,1,1,active,Laboratorio
EQ-0256,FUENTE HY-3003 0-30V 3A 5,FUENTE HY-3003 0-30V 3A 5 | Modelo: DC POWER SUPPLY HY3003,EQUIPO ELECTRONICO,equipment,TRUE,1,1,active,Laboratorio
EQ-0257,FUENTE HY-3003 0-30V 3A 6,FUENTE HY-3003 0-30V 3A 6 | Modelo: DC POWER SUPPLY HY3003,EQUIPO ELECTRONICO,equipment,TRUE,1,1,active,Laboratorio
EQ-0258,"FUENTE DE PODER MARCA QUAD POWER, MODELO XP-581, SERIE 277339","FUENTE DE PODER MARCA QUAD POWER, MODELO XP-581, SERIE 277339",EQUIPO ELECTRONICO,equipment,TRUE,1,1,active,Laboratorio
EQ-0259,EQUIPO INTERFACE FD/DA,EQUIPO INTERFACE FD/DA | Modelo: S/M,EQUIPO ELECTRONICO,equipment,TRUE,1,1,active,Laboratorio
EQ-0260,INTERFACE DE ADQUISICION DE DATOS Y COMUNICACION,INTERFACE DE ADQUISICION DE DATOS Y COMUNICACION | Modelo: S/M,EQUIPO ELECTRONICO,equipment,TRUE,10,10,active,Laboratorio
EQ-0261,MODULO DE CARGA CAPACITIVA NO 28-255,MODULO DE CARGA CAPACITIVA NO 28-255 | Modelo: S/M,EQUIPO ELECTRONICO,equipment,TRUE,4,4,active,Laboratorio
EQ-0262,MODULO DE CARGA INDUCTIVA NO 28-260,MODULO DE CARGA INDUCTIVA NO 28-260 | Modelo: S/M,EQUIPO ELECTRONICO,equipment,TRUE,1,1,active,Laboratorio
EQ-0263,MODULO DE CARGA RESISTIVA NO 28-250,MODULO DE CARGA RESISTIVA NO 28-250 | Modelo: S/M,EQUIPO ELECTRONICO,equipment,TRUE,4,4,active,Laboratorio
EQ-0264,MODULO DE COMUNICACION PROFIBUS MARCA SIEMENS 6SE6400-1PB00-0AA0 SERIE XAT112-001084,MODULO DE COMUNICACION PROFIBUS MARCA SIEMENS 6SE6400-1PB00-0AA0 SERIE XAT112-001084,EQUIPO ELECTRONICO,equipment,TRUE,1,1,active,Laboratorio
EQ-0269,MODULO INTERRUPTOR DE DOBLE POLO Y DOBLE TIRADA NO 28-306,MODULO INTERRUPTOR DE DOBLE POLO Y DOBLE TIRADA NO 28-306 | Modelo: S/M,EQUIPO ELECTRONICO,equipment,TRUE,1,1,active,Laboratorio
EQ-0270,MODULO MEDIDOR CA NO 28-281,MODULO MEDIDOR CA NO 28-281 | Modelo: S/M,EQUIPO ELECTRONICO,equipment,TRUE,3,3,active,Laboratorio
EQ-0271,MODULO MEDIDOR CA NO 28-287,MODULO MEDIDOR CA NO 28-287 | Modelo: S/M,EQUIPO ELECTRONICO,equipment,TRUE,1,1,active,Laboratorio
EQ-0272,MODULO MEDIDOR CD NO 28-280,MODULO MEDIDOR CD NO 28-280 | Modelo: S/M,EQUIPO ELECTRONICO,equipment,TRUE,3,3,active,Laboratorio
EQ-0273,MODULO MEDIDOR DE CORRIENTE MONOFASICA NO 28-282,MODULO MEDIDOR DE CORRIENTE MONOFASICA NO 28-282 | Modelo: S/M,EQUIPO ELECTRONICO,equipment,TRUE,3,3,active,Laboratorio
EQ-0274,MODULO MEDIDOR TRIFASICO NO 28-286,MODULO MEDIDOR TRIFASICO NO 28-286 | Modelo: S/M,EQUIPO ELECTRONICO,equipment,TRUE,3,3,active,Laboratorio
EQ-0275,MODULO SINCRONIZADOR NO 28-310,MODULO SINCRONIZADOR NO 28-310 | Modelo: S/M,EQUIPO ELECTRONICO,equipment,TRUE,1,1,active,Laboratorio
EQ-0276,MODULO TRANSFORMADOR 28-275,MODULO TRANSFORMADOR 28-275 | Modelo: S/M,EQUIPO ELECTRONICO,equipment,TRUE,1,1,active,Laboratorio
EQ-0277,MODULO TRANSFORMADOR NO 28-275,MODULO TRANSFORMADOR NO 28-275 | Modelo: 28-276,EQUIPO ELECTRONICO,equipment,TRUE,3,3,active,Laboratorio
EQ-0278,MODULO TRANSFORMADOR NO 28-276,MODULO TRANSFORMADOR NO 28-276 | Modelo: S/M,EQUIPO ELECTRONICO,equipment,TRUE,4,4,active,Laboratorio
EQ-0279,MODULO V-35 SERIE NO 8205160003CBAY,MODULO V-35 SERIE NO 8205160003CBAY | Modelo: S/M,EQUIPO ELECTRONICO,equipment,TRUE,1,1,active,Laboratorio
EQ-0280,MONITOR DE 18 5PULGADAS MARCA LG SERIE 908NDFVJ2667,MONITOR DE 18 5PULGADAS MARCA LG SERIE 908NDFVJ2667 | Modelo: W1943CV,EQUIPO ELECTRONICO,equipment,TRUE,1,1,active,Laboratorio
EQ-0281,MONITOR DE 18 5PULGADAS MARCA LG SERIE 910NDAY9R432,MONITOR DE 18 5PULGADAS MARCA LG SERIE 910NDAY9R432 | Modelo: W1943CV,EQUIPO ELECTRONICO,equipment,TRUE,1,1,active,Laboratorio
EQ-0282,MONITOR DE 18 5PULGADAS MARCA LG SERIE 910NDEZ9R404,MONITOR DE 18 5PULGADAS MARCA LG SERIE 910NDEZ9R404 | Modelo: W1943SV,EQUIPO ELECTRONICO,equipment,TRUE,1,1,active,Laboratorio
EQ-0283,MONITOR DE 18 5PULGADAS MARCA LG SERIE 910NDNU9R431,MONITOR DE 18 5PULGADAS MARCA LG SERIE 910NDNU9R431 | Modelo: W1943SV,EQUIPO ELECTRONICO,equipment,TRUE,1,1,active,Laboratorio
EQ-0284,MONITOR DE 18 5PULGADAS MARCA LG SERIE 910NDYG3B738,MONITOR DE 18 5PULGADAS MARCA LG SERIE 910NDYG3B738 | Modelo: W1943SV,EQUIPO ELECTRONICO,equipment,TRUE,1,1,active,Laboratorio
EQ-0285,MONITOR DE 19PULGADAS MARCA HP MODELO LE1901W 1,MONITOR DE 19PULGADAS MARCA HP MODELO LE1901W 1,EQUIPO ELECTRONICO,equipment,TRUE,1,1,active,Laboratorio
EQ-0286,MONITOR DE 19PULGADAS MARCA HP MODELO LE1901W 2,MONITOR DE 19PULGADAS MARCA HP MODELO LE1901W 2,EQUIPO ELECTRONICO,equipment,TRUE,1,1,active,Laboratorio
EQ-0287,MONITOR DE 19PULGADAS MARCA HP MODELO LE1901W 3,MONITOR DE 19PULGADAS MARCA HP MODELO LE1901W 3,EQUIPO ELECTRONICO,equipment,TRUE,1,1,active,Laboratorio
EQ-0289,"MONITOR HP 18.5"" LED LV1911","MONITOR HP 18.5"" LED LV1911 | Modelo: MONITOR 18.5"" LED",EQUIPO ELECTRONICO,equipment,TRUE,3,3,active,Laboratorio
EQ-0290,MONITOR LCD DE 18 5PULGADAS 1,MONITOR LCD DE 18 5PULGADAS 1 | Modelo: S1933,EQUIPO ELECTRONICO,equipment,TRUE,1,1,active,Laboratorio
EQ-0291,SWITCH MARCA HP MODELO PROCURVE 4000M CON 64 PUERTOS FASTETHERNET Y DOS PUERTOS GIGABITETHERNET SERIE NO SG30702537,SWITCH MARCA HP MODELO PROCURVE 4000M CON 64 PUERTOS FASTETHERNET Y DOS PUERTOS GIGABITETHERNET SERIE NO SG30702537,EQUIPO ELECTRONICO,equipment,TRUE,1,1,active,Laboratorio
EQ-0292,TARJETA MARCA ALTERA DES SERIE S0297WF080300030010,TARJETA MARCA ALTERA DES SERIE S0297WF080300030010 | Modelo: S/M,EQUIPO ELECTRONICO,equipment,TRUE,1,1,active,Laboratorio
EQ-0293,TARJETA MARCA ALTERA DES SERIE S0297WF080300030054,TARJETA MARCA ALTERA DES SERIE S0297WF080300030054 | Modelo: S/M,EQUIPO ELECTRONICO,equipment,TRUE,1,1,active,Laboratorio
EQ-0294,TARJETA MARCA ALTERA DES SERIE S0297WF080300030057,TARJETA MARCA ALTERA DES SERIE S0297WF080300030057 | Modelo: S/M,EQUIPO ELECTRONICO,equipment,TRUE,1,1,active,Laboratorio
EQ-0295,TARJETA MARCA ALTERA DES SERIE S0297WF080300030087,TARJETA MARCA ALTERA DES SERIE S0297WF080300030087 | Modelo: S/M,EQUIPO ELECTRONICO,equipment,TRUE,1,1,active,Laboratorio
EQ-0296,TARJETA MARCA ALTERA DES SERIE S0297WF080300030202,TARJETA MARCA ALTERA DES SERIE S0297WF080300030202 | Modelo: S/M,EQUIPO ELECTRONICO,equipment,TRUE,1,1,active,Laboratorio
EQ-0297,TARJETA MARCA ALTERA DES SERIE S0297WF080300030358,TARJETA MARCA ALTERA DES SERIE S0297WF080300030358 | Modelo: S/M,EQUIPO ELECTRONICO,equipment,TRUE,1,1,active,Laboratorio
EQ-0300,TARJETA SITE PLAYER SERIE LF1S022-0035 CON ADAPTADOR MOD 351201002COA,TARJETA SITE PLAYER SERIE LF1S022-0035 CON ADAPTADOR MOD 351201002COA | Modelo: S/M,EQUIPO ELECTRONICO,equipment,TRUE,1,1,active,Laboratorio
EQ-0301,TARJETA SITE PLAYER SERIE LF1S022-0037 CON ADAPTADOR MOD 351201002COA,TARJETA SITE PLAYER SERIE LF1S022-0037 CON ADAPTADOR MOD 351201002COA | Modelo: S/M,EQUIPO ELECTRONICO,equipment,TRUE,1,1,active,Laboratorio
EQ-0305,NI USB-6212 BUS-POWERED M SERIES MULTIFUNCION DAQ DEVIDE NIDA QMX DRIVER SOFTWARE AND LABVIEW SIGNAL EXPRESS LE FOR WINDOWS SERIE 14FDB77,NI USB-6212 BUS-POWERED M SERIES MULTIFUNCION DAQ DEVIDE NIDA QMX DRIVER SOFTWARE AND LABVIEW SIGNAL EXPRESS LE FOR WINDOWS SERIE 14FDB77,EQUIPO ELECTRONICO,equipment,TRUE,1,1,active,Laboratorio
EQ-0306,NI USB-6212 BUS-POWERED M SERIES MULTIFUNCION DAQ DEVIDE NIDA QMX DRIVER SOFTWARE AND LABVIEW SIGNAL EXPRESS LE FOR WINDOWS SERIE 14FDB7B,NI USB-6212 BUS-POWERED M SERIES MULTIFUNCION DAQ DEVIDE NIDA QMX DRIVER SOFTWARE AND LABVIEW SIGNAL EXPRESS LE FOR WINDOWS SERIE 14FDB7B,EQUIPO ELECTRONICO,equipment,TRUE,1,1,active,Laboratorio
EQ-0307,NI USB-6212 BUS-POWERED M SERIES MULTIFUNCION DAQ DEVIDE NIDA QMX DRIVER SOFTWARE AND LABVIEW SIGNAL EXPRESS LE FOR WINDOWS SERIE 14FDB92,NI USB-6212 BUS-POWERED M SERIES MULTIFUNCION DAQ DEVIDE NIDA QMX DRIVER SOFTWARE AND LABVIEW SIGNAL EXPRESS LE FOR WINDOWS SERIE 14FDB92,EQUIPO ELECTRONICO,equipment,TRUE,1,1,active,Laboratorio
EQ-0308,NI USB-6212 BUS-POWERED M SERIES MULTIFUNCION DAQ DEVIDE NIDA QMX DRIVER SOFTWARE AND LABVIEW SIGNAL EXPRESS LE FOR WINDOWS SERIE 14FDBA1,NI USB-6212 BUS-POWERED M SERIES MULTIFUNCION DAQ DEVIDE NIDA QMX DRIVER SOFTWARE AND LABVIEW SIGNAL EXPRESS LE FOR WINDOWS SERIE 14FDBA1,EQUIPO ELECTRONICO,equipment,TRUE,1,1,active,Laboratorio
EQ-0309,TELEFONO CISCO IP PHONE 7911 SERIE FCH1406A756 CON TRANSFORMADOR SAFETY SERIE DTH1348Y9ZG,TELEFONO CISCO IP PHONE 7911 SERIE FCH1406A756 CON TRANSFORMADOR SAFETY SERIE DTH1348Y9ZG | Modelo: CT-7911GV08,EQUIPO ELECTRONICO,equipment,TRUE,1,1,active,Laboratorio
EQ-0310,TELEFONO CP-7911-G CISCO IP PHONE SPARE SERIE NO FCH13399PSU CON ADAPTADOR CP-PWR PHONE POWER,TELEFONO CP-7911-G CISCO IP PHONE SPARE SERIE NO FCH13399PSU CON ADAPTADOR CP-PWR PHONE POWER | Modelo: IP PHONE 7911,EQUIPO ELECTRONICO,equipment,TRUE,1,1,active,Laboratorio
EQ-0311,USB-6009 MARCA NATIONAL INSTRUMENTS SERIE 1507CF7 AND LABVIEW STUDENT EDITION FOR WINDOWS,USB-6009 MARCA NATIONAL INSTRUMENTS SERIE 1507CF7 AND LABVIEW STUDENT EDITION FOR WINDOWS | Modelo: S/M,EQUIPO ELECTRONICO,equipment,TRUE,1,1,active,Laboratorio
EQ-0312,USB-6009 MARCA NATIONAL INSTRUMENTS SERIE 1507E92 AND LABVIEW STUDENT EDITION FOR WINDOWS,USB-6009 MARCA NATIONAL INSTRUMENTS SERIE 1507E92 AND LABVIEW STUDENT EDITION FOR WINDOWS | Modelo: S/M,EQUIPO ELECTRONICO,equipment,TRUE,1,1,active,Laboratorio
EQ-0313,"ANALIZADOR VECTORIAL DE REDES 400MHZ TO 6GHZ 2/3 MARCA MEGIQ, MODELO VNA0460E, SERIE NO. 00002641. INCLUYE KIT DE CALIBRACION","ANALIZADOR VECTORIAL DE REDES 400MHZ TO 6GHZ 2/3 MARCA MEGIQ, MODELO VNA0460E, SERIE NO. 00002641. INCLUYE KIT DE CALIBRACION",EQUIPOS DE LABORATORIO CIENCIA OBSERVACION Y COMPROBACION,equipment,TRUE,1,1,active,Laboratorio
EQ-0314,"ANALIZADOR DE BATERIA MARCA FLUKE, MODELO BT521, SERIE 40930127WS","ANALIZADOR DE BATERIA MARCA FLUKE, MODELO BT521, SERIE 40930127WS",EQUIPOS DE LABORATORIO CIENCIA OBSERVACION Y COMPROBACION,equipment,TRUE,1,1,active,Laboratorio
EQ-0315,BANCO DE PRUBA PARA TRANSFORMADORES COMPLET.1TURRET-1TRANSFO,BANCO DE PRUBA PARA TRANSFORMADORES COMPLET.1TURRET-1TRANSFO | Modelo: DL2080,EQUIPOS DE LABORATORIO CIENCIA OBSERVACION Y COMPROBACION,equipment,TRUE,1,1,active,Laboratorio
EQ-0316,BANCO DE PRUEBA PARA MOTOR DC Y JG.DE GENERADOR DC DL 2012,BANCO DE PRUEBA PARA MOTOR DC Y JG.DE GENERADOR DC DL 2012 | Modelo: 92283,EQUIPOS DE LABORATORIO CIENCIA OBSERVACION Y COMPROBACION,equipment,TRUE,1,1,active,Laboratorio
EQ-0317,BANCO DE PRUEBA PARA MOTORES DE INDUCCION CON MEDIDA TORQUE,BANCO DE PRUEBA PARA MOTORES DE INDUCCION CON MEDIDA TORQUE | Modelo: 92284,EQUIPOS DE LABORATORIO CIENCIA OBSERVACION Y COMPROBACION,equipment,TRUE,1,1,active,Laboratorio
EQ-0318,BANCO DE PRUEBAS PARA ALTERNADORES Y MOTORES DC DL 2011 Y,BANCO DE PRUEBAS PARA ALTERNADORES Y MOTORES DC DL 2011 Y | Modelo: DL2011,EQUIPOS DE LABORATORIO CIENCIA OBSERVACION Y COMPROBACION,equipment,TRUE,2,2,active,Laboratorio
EQ-0319,EQUIPO DE AUTOMATIZACION CON MODULOS ANALOGICOS DE ENTRADA Y SALIDA- FUENTE DE ALIMENTACION MARCA SIEMENS SIMATIC- MODELO S7-300- SERIE C-T2C16471,EQUIPO DE AUTOMATIZACION CON MODULOS ANALOGICOS DE ENTRADA Y SALIDA- FUENTE DE ALIMENTACION MARCA SIEMENS SIMATIC- MODELO S7-300- SERIE C-T2C16471,EQUIPOS DE LABORATORIO CIENCIA OBSERVACION Y COMPROBACION,equipment,TRUE,1,1,active,Laboratorio
EQ-0320,"OSCILOSCOPIO PORTATIL MACA AIIOSUN, MODELO EM125, SERIE 16257221","OSCILOSCOPIO PORTATIL MACA AIIOSUN, MODELO EM125, SERIE 16257221",EQUIPOS DE LABORATORIO CIENCIA OBSERVACION Y COMPROBACION,equipment,TRUE,1,1,active,Laboratorio
EQ-0321,OSCILOSCOPIO ANALOGICO DIGITAL-MARCA TECKTRONIX-MODELO TDS-210-SERIE B022626 Y B022627.INCLUYE 1 MANUAL-2 PUNTAS DE PRUEBA-CABLE DE ALIMENTACION-CERTIFICADO DE CALIBRACION NIST,OSCILOSCOPIO ANALOGICO DIGITAL-MARCA TECKTRONIX-MODELO TDS-210-SERIE B022626 Y B022627.INCLUYE 1 MANUAL-2 PUNTAS DE PRUEBA-CABLE DE ALIMENTACION-CERTIFICADO DE CALIBRACION NIST,EQUIPOS DE LABORATORIO CIENCIA OBSERVACION Y COMPROBACION,equipment,TRUE,2,2,active,Laboratorio
EQ-0322,OSCILOSCOPIO DE FOSFORO DIGITAL DE 4 CANALES 1 GHZ MARCA TEKTRONIX- MODELO DP04104- SERIE NO.C021530- INCLUYE 4 PUNTAS DE PRUEBA P6139A- CUBIERTA FRONTAL Y SOFTWARE OPEN CHOISE PARA COMUNICACION A PC,OSCILOSCOPIO DE FOSFORO DIGITAL DE 4 CANALES 1 GHZ MARCA TEKTRONIX- MODELO DP04104- SERIE NO.C021530- INCLUYE 4 PUNTAS DE PRUEBA P6139A- CUBIERTA FRONTAL Y SOFTWARE OPEN CHOISE PARA COMUNICACION A PC | Modelo: DPO4104,EQUIPOS DE LABORATORIO CIENCIA OBSERVACION Y COMPROBACION,equipment,TRUE,1,1,active,Laboratorio
EQ-0323,OSCILOSCOPIO DIGITAL DE DOS CANALES-100MHZ- A COLOR- MARCA TEKTRONIX 1,OSCILOSCOPIO DIGITAL DE DOS CANALES-100MHZ- A COLOR- MARCA TEKTRONIX 1 | Modelo: 352768,EQUIPOS DE LABORATORIO CIENCIA OBSERVACION Y COMPROBACION,equipment,TRUE,1,1,active,Laboratorio
EQ-0324,OSCILOSCOPIO DIGITAL DE DOS CANALES-100MHZ- A COLOR- MARCA TEKTRONIX 2,OSCILOSCOPIO DIGITAL DE DOS CANALES-100MHZ- A COLOR- MARCA TEKTRONIX 2 | Modelo: 352769,EQUIPOS DE LABORATORIO CIENCIA OBSERVACION Y COMPROBACION,equipment,TRUE,1,1,active,Laboratorio
EQ-0325,OSCILOSCOPIO DIGITAL- DE BANCO- DOS CANALES- MONOCROMATICO- ANCHO DE BANDA 60MHZ- MARCA TEKTRONIX- SERIE NO. C105561- INCLUYE UNA PUNTA PASIVA P2220 200MHZ Y SOFTWARE (TDS1002B),OSCILOSCOPIO DIGITAL- DE BANCO- DOS CANALES- MONOCROMATICO- ANCHO DE BANDA 60MHZ- MARCA TEKTRONIX- SERIE NO. C105561- INCLUYE UNA PUNTA PASIVA P2220 200MHZ Y SOFTWARE (TDS1002B) | Modelo: TDS 1002B,EQUIPOS DE LABORATORIO CIENCIA OBSERVACION Y COMPROBACION,equipment,TRUE,1,1,active,Laboratorio
EQ-0326,OSCILOSCOPIO DIGITAL- DE BANCO- DOS CANALES- MONOCROMATICO- ANCHO DE BANDA 60MHZ- MARCA TEKTRONIX- SERIE NO. C105563- INCLUYE UNA PUNTA PASIVA P2220 200MHZ Y SOFTWARE (TDS1002B),OSCILOSCOPIO DIGITAL- DE BANCO- DOS CANALES- MONOCROMATICO- ANCHO DE BANDA 60MHZ- MARCA TEKTRONIX- SERIE NO. C105563- INCLUYE UNA PUNTA PASIVA P2220 200MHZ Y SOFTWARE (TDS1002B) | Modelo: TDS 1002B,EQUIPOS DE LABORATORIO CIENCIA OBSERVACION Y COMPROBACION,equipment,TRUE,1,1,active,Laboratorio
EQ-0327,OSCILOSCOPIO DIGITAL- DE BANCO- DOS CANALES- MONOCROMATICO- ANCHO DE BANDA 60MHZ- MARCA TEKTRONIX- SERIE NO. C105564- INCLUYE UNA PUNTA PASIVA P2220 200MHZ Y SOFTWARE (TDS1002B),OSCILOSCOPIO DIGITAL- DE BANCO- DOS CANALES- MONOCROMATICO- ANCHO DE BANDA 60MHZ- MARCA TEKTRONIX- SERIE NO. C105564- INCLUYE UNA PUNTA PASIVA P2220 200MHZ Y SOFTWARE (TDS1002B) | Modelo: TDS 1002B,EQUIPOS DE LABORATORIO CIENCIA OBSERVACION Y COMPROBACION,equipment,TRUE,1,1,active,Laboratorio
EQ-0328,OSCILOSCOPIO DIGITAL- DE BANCO- DOS CANALES- MONOCROMATICO- ANCHO DE BANDA 60MHZ- MARCA TEKTRONIX- SERIE NO. C105565- INCLUYE UNA PUNTA PASIVA P2220 200MHZ Y SOFTWARE (TDS1002B),OSCILOSCOPIO DIGITAL- DE BANCO- DOS CANALES- MONOCROMATICO- ANCHO DE BANDA 60MHZ- MARCA TEKTRONIX- SERIE NO. C105565- INCLUYE UNA PUNTA PASIVA P2220 200MHZ Y SOFTWARE (TDS1002B) | Modelo: TDS 1002B,EQUIPOS DE LABORATORIO CIENCIA OBSERVACION Y COMPROBACION,equipment,TRUE,1,1,active,Laboratorio
EQ-0329,OSCILOSCOPIO MARCA TEKTRONIX-MODELO TDS-210-SERIE B042767 INCLUYE MANUAL DEL USUARIO,OSCILOSCOPIO MARCA TEKTRONIX-MODELO TDS-210-SERIE B042767 INCLUYE MANUAL DEL USUARIO,EQUIPOS DE LABORATORIO CIENCIA OBSERVACION Y COMPROBACION,equipment,TRUE,1,1,active,Laboratorio
EQ-0330,OSCILOSCOPIO MARCA TEKTRONIX-MODELO TDS-210-SERIE B042777 INCLUYE MANUAL DEL USUARIO,OSCILOSCOPIO MARCA TEKTRONIX-MODELO TDS-210-SERIE B042777 INCLUYE MANUAL DEL USUARIO,EQUIPOS DE LABORATORIO CIENCIA OBSERVACION Y COMPROBACION,equipment,TRUE,1,1,active,Laboratorio
EQ-0331,OSCILOSCOPIO PROTEK 6020R 1,OSCILOSCOPIO PROTEK 6020R 1,EQUIPOS DE LABORATORIO CIENCIA OBSERVACION Y COMPROBACION,equipment,TRUE,1,1,active,Laboratorio
EQ-0332,OSCILOSCOPIO PROTEK 6020R 2,OSCILOSCOPIO PROTEK 6020R 2,EQUIPOS DE LABORATORIO CIENCIA OBSERVACION Y COMPROBACION,equipment,TRUE,1,1,active,Laboratorio
EQ-0333,OSCILOSCOPIO PROTEK 6020R 3,OSCILOSCOPIO PROTEK 6020R 3,EQUIPOS DE LABORATORIO CIENCIA OBSERVACION Y COMPROBACION,equipment,TRUE,1,1,active,Laboratorio
EQ-0334,OSCILOSCOPIO PROTEK 6020R 4,OSCILOSCOPIO PROTEK 6020R 4,EQUIPOS DE LABORATORIO CIENCIA OBSERVACION Y COMPROBACION,equipment,TRUE,1,1,active,Laboratorio
EQ-0335,OSCILOSCOPIO PROTEK 6020R 5,OSCILOSCOPIO PROTEK 6020R 5,EQUIPOS DE LABORATORIO CIENCIA OBSERVACION Y COMPROBACION,equipment,TRUE,1,1,active,Laboratorio
EQ-0336,OSCILOSCOPIO PROTEK 6020R 6,OSCILOSCOPIO PROTEK 6020R 6,EQUIPOS DE LABORATORIO CIENCIA OBSERVACION Y COMPROBACION,equipment,TRUE,1,1,active,Laboratorio
EQ-0337,CILINDRO DE NITROGENO 6M3,CILINDRO DE NITROGENO 6M3,EQUIPOS DE LABORATORIO CIENCIA OBSERVACION Y COMPROBACION,equipment,TRUE,1,1,active,Laboratorio
EQ-0338,BATERIA ACUMULADORA PARA PANEL SOLAR,BATERIA ACUMULADORA PARA PANEL SOLAR,ACUMULADOR,equipment,TRUE,1,1,active,Laboratorio
EQ-0339,EQUIPOS DE LABORATORIO; CIENCIA; OBSERVACION Y COMPROBACION/AMPERIMETRO/AMPERIMETRO DE TENAZA AMPERCLAMP ITALIANO ICE-ESCALA DE 2.5 A 500-EN ESTUCHE DE PLASTICO,EQUIPOS DE LABORATORIO; CIENCIA; OBSERVACION Y COMPROBACION/AMPERIMETRO/AMPERIMETRO DE TENAZA AMPERCLAMP ITALIANO ICE-ESCALA DE 2.5 A 500-EN ESTUCHE DE PLASTICO,AMPERIMETRO,equipment,TRUE,2,2,active,Laboratorio
EQ-0340,EQUIPOS DE LABORATORIO; CIENCIA; OBSERVACION Y COMPROBACION/AMPERIMETRO/INSTRUMENTO DE MEDIDA A BOBINA MOVIL-GOSEEN P244,EQUIPOS DE LABORATORIO; CIENCIA; OBSERVACION Y COMPROBACION/AMPERIMETRO/INSTRUMENTO DE MEDIDA A BOBINA MOVIL-GOSEEN P244,AMPERIMETRO,equipment,TRUE,6,6,active,Laboratorio
EQ-0341,EQUIPOS DE LABORATORIO; CIENCIA; OBSERVACION Y COMPROBACION/AMPERIMETRO/INSTRUMENTO DE PRECISION A BOBINA MOVIL-PARA MEDIR LA CORRIENTE-GOSSEN P144,EQUIPOS DE LABORATORIO; CIENCIA; OBSERVACION Y COMPROBACION/AMPERIMETRO/INSTRUMENTO DE PRECISION A BOBINA MOVIL-PARA MEDIR LA CORRIENTE-GOSSEN P144,AMPERIMETRO,equipment,TRUE,1,1,active,Laboratorio
EQ-0342,EQUIPOS DE LABORATORIO; CIENCIA; OBSERVACION Y COMPROBACION/AMPERIMETRO/INSTRUMENTO DE PRECISION A BOBINA MOVIL-PARA MEDIR LA CORRIENTE-GOSSEN P145,EQUIPOS DE LABORATORIO; CIENCIA; OBSERVACION Y COMPROBACION/AMPERIMETRO/INSTRUMENTO DE PRECISION A BOBINA MOVIL-PARA MEDIR LA CORRIENTE-GOSSEN P145,AMPERIMETRO,equipment,TRUE,2,2,active,Laboratorio
EQ-0343,EQUIPOS DE LABORATORIO; CIENCIA; OBSERVACION Y COMPROBACION/AMPERIMETRO/INSTRUMENTO DE PRECISION-A BOBINA MOVIL-PARA MEDIR LA CORRIENTE-GOSSEN P140,EQUIPOS DE LABORATORIO; CIENCIA; OBSERVACION Y COMPROBACION/AMPERIMETRO/INSTRUMENTO DE PRECISION-A BOBINA MOVIL-PARA MEDIR LA CORRIENTE-GOSSEN P140,AMPERIMETRO,equipment,TRUE,1,1,active,Laboratorio
EQ-0344,EQUIPOS DE LABORATORIO; CIENCIA; OBSERVACION Y COMPROBACION/AMPERIMETRO/INSTRUMENTO DE PRECISION-BOBINA MOVIL-PARA MEDIR LA TENSION-GOSSEN P243,EQUIPOS DE LABORATORIO; CIENCIA; OBSERVACION Y COMPROBACION/AMPERIMETRO/INSTRUMENTO DE PRECISION-BOBINA MOVIL-PARA MEDIR LA TENSION-GOSSEN P243,AMPERIMETRO,equipment,TRUE,2,2,active,Laboratorio
EQ-0345,"COMPRESOR 2 HP, 25LTS/115PSI/110V MARCA BP, MODELO CB-25D, SERIE 2017060429","COMPRESOR 2 HP, 25LTS/115PSI/110V MARCA BP, MODELO CB-25D, SERIE 2017060429",COMPRESOR LABORATORIO,equipment,TRUE,1,1,active,Laboratorio
EQ-0346,MINI PLC LOGO 230RC 8 ENTRADAS DIGITALES- 4 SALIDAS DIGITALES MARCA SIEMENS SERIE C-R7K52368 CON DABLE PARA COMUNICACION ENTRE LOGO Y PC,MINI PLC LOGO 230RC 8 ENTRADAS DIGITALES- 4 SALIDAS DIGITALES MARCA SIEMENS SERIE C-R7K52368 CON DABLE PARA COMUNICACION ENTRE LOGO Y PC | Modelo: 240233,CONTROLADOR LOGICO PROGRAMABLE,equipment,TRUE,1,1,active,Laboratorio
EQ-0347,ACCIONAMIENTO DIDACTICO 1 KW DE PUENTE MONOFASICO TOTALMENTE CONTROLADO,ACCIONAMIENTO DIDACTICO 1 KW DE PUENTE MONOFASICO TOTALMENTE CONTROLADO | Modelo: ACCIONAMIENTO DIDACTICO 1 KW DE PUENTE MONOFASICO TOTALMENTE CONTROLADO DL2308A,DISPOSITIVOS,equipment,TRUE,1,1,active,Laboratorio
EQ-0348,ACCIONAMIENTO PUENTE MONOFASICO Y SEMICONTROLADO,ACCIONAMIENTO PUENTE MONOFASICO Y SEMICONTROLADO | Modelo: ACCIONAMIENTO PUENTE MONOFASICO Y SEMICONTROLADO DL3315,DISPOSITIVOS,equipment,TRUE,1,1,active,Laboratorio
EQ-0349,ALIMENTADOR MOVIL,ALIMENTADOR MOVIL | Modelo: ALIMENTADOR MOVIL DL1059,DISPOSITIVOS,equipment,TRUE,2,2,active,Laboratorio
EQ-0350,ALIMENTADOR PARA FRENOS,ALIMENTADOR PARA FRENOS | Modelo: ALIMENTADOR PARA FRENOS DL1054,DISPOSITIVOS,equipment,TRUE,1,1,active,Laboratorio
EQ-0351,ALTERNADOR MOTOR ASINCRONO,ALTERNADOR MOTOR ASINCRONO | Modelo: ALTERNADOR MOTOR ASINCRONO DL2066A,DISPOSITIVOS,equipment,TRUE,1,1,active,Laboratorio
EQ-0352,BANCO PARA LABORATORIO DE MEDIDAS ELECTRICAS-CON LOS SIGUIENTES ELEM:5 FUENTES DE CORRIENTE:ALTERNA TRIFASICA FIJA-VARIABLE POR FASES-ALTERNA MONOFASICA FIJA-ALTERNA MONOFASICA VARIABLE-CONTINUA VARIABLE Y UNA MESA DE TRABAJO CON DOS BANCOS,BANCO PARA LABORATORIO DE MEDIDAS ELECTRICAS-CON LOS SIGUIENTES ELEM:5 FUENTES DE CORRIENTE:ALTERNA TRIFASICA FIJA-VARIABLE POR FASES-ALTERNA MONOFASICA FIJA-ALTERNA MONOFASICA VARIABLE-CONTINUA VARIABLE Y UNA MESA DE TRABAJO CON DOS BANCOS | Modelo: 98912,DISPOSITIVOS,equipment,TRUE,2,2,active,Laboratorio
EQ-0353,BARRA DE DESCARGA-MODELO EST-100 OHM,BARRA DE DESCARGA-MODELO EST-100 OHM,DISPOSITIVOS,equipment,TRUE,1,1,active,Laboratorio
EQ-0354,BASAMENTO UNIVERSAL,BASAMENTO UNIVERSAL | Modelo: BASAMENTO UNIVERSAL DL10400,DISPOSITIVOS,equipment,TRUE,2,2,active,Laboratorio
EQ-0355,BASE UNIVERSAL,BASE UNIVERSAL | Modelo: BASE UNIVERSAL DL1158,DISPOSITIVOS,equipment,TRUE,1,1,active,Laboratorio
EQ-0356,CARRO ESTRUCTURA METALICA-DE:120X80 CM.CON CUATRO RUEDAS GIRATORIAS DE 6,CARRO ESTRUCTURA METALICA-DE:120X80 CM.CON CUATRO RUEDAS GIRATORIAS DE 6 | Modelo: 102164,DISPOSITIVOS,equipment,TRUE,1,1,active,Laboratorio
EQ-0358,CONTROL DE VELOCIDAD DE LOS MOTORES C.A.,CONTROL DE VELOCIDAD DE LOS MOTORES C.A. | Modelo: CONTROL DE VELOCIDAD DE LOS MOTORES C.A. DL3309,DISPOSITIVOS,equipment,TRUE,2,2,active,Laboratorio
EQ-0359,CONTROLADOR AUTOMATICO PROGRAMABLE DE TIEMPO QUE INCLUYE ETHERNET NETWORK MODULE- SERIAL PORT 12 BITS ANALOGICO INPUT MODULE (M.A.V.) 8 CHANNEL 1 16,CONTROLADOR AUTOMATICO PROGRAMABLE DE TIEMPO QUE INCLUYE ETHERNET NETWORK MODULE- SERIAL PORT 12 BITS ANALOGICO INPUT MODULE (M.A.V.) 8 CHANNEL 1 16 | Modelo: SCXI-1001,DISPOSITIVOS,equipment,TRUE,1,1,active,Laboratorio
EQ-0360,ELECTRODO-DIAMETRO 800 MM.Y 300 MM.DE ALTURA.,ELECTRODO-DIAMETRO 800 MM.Y 300 MM.DE ALTURA. | Modelo: 102137,DISPOSITIVOS,equipment,TRUE,1,1,active,Laboratorio
EQ-0361,ELECTRODO-MODELO EL-25,ELECTRODO-MODELO EL-25,DISPOSITIVOS,equipment,TRUE,5,5,active,Laboratorio
EQ-0362,ELECTRODOS ESFERAS 0 250 MM.,ELECTRODOS ESFERAS 0 250 MM. | Modelo: 102119,DISPOSITIVOS,equipment,TRUE,3,3,active,Laboratorio
EQ-0363,ELEMENTO DE APOYO AISLANTE MODELO IS,ELEMENTO DE APOYO AISLANTE MODELO IS,DISPOSITIVOS,equipment,TRUE,4,4,active,Laboratorio
EQ-0364,ELEMENTO DE APOYO AISLANTE MODELO-IS,ELEMENTO DE APOYO AISLANTE MODELO-IS,DISPOSITIVOS,equipment,TRUE,1,1,active,Laboratorio
EQ-0365,ELEMENTO DE APOYO AISLANTE-MODELO IS,ELEMENTO DE APOYO AISLANTE-MODELO IS,DISPOSITIVOS,equipment,TRUE,7,7,active,Laboratorio
EQ-0366,ENREJADO DE PROTECCION CON 3 ELEMENTOS DE ENREJADO 1 PUERTA DE ACCESO,ENREJADO DE PROTECCION CON 3 ELEMENTOS DE ENREJADO 1 PUERTA DE ACCESO | Modelo: 102126,DISPOSITIVOS,equipment,TRUE,1,1,active,Laboratorio
EQ-0367,ENTRENADOR PARA EL APRENDIZAJE DE LA PROGRAMACION DE MICROPROCESADOR 6800 MARCA HEATHKIT-MODELO ET-3400A-SERIE NO.09-52168,ENTRENADOR PARA EL APRENDIZAJE DE LA PROGRAMACION DE MICROPROCESADOR 6800 MARCA HEATHKIT-MODELO ET-3400A-SERIE NO.09-52168 | Modelo: ET-3400-A,DISPOSITIVOS,equipment,TRUE,1,1,active,Laboratorio
EQ-0368,EQUIPO MARCA ELVIS-MODELO NI ELVIS NATIONAL INSTRUMENTS- SERIE NO. 11B194E- LABORATORIO EDUCACIONAL VIRTUAL QUE INCLUYE INSTRUMENTOSW- FUENTES DE VOLTAJE- GENERADORES DE FUCNIONES Y TARJETA DE ADQUISICION,EQUIPO MARCA ELVIS-MODELO NI ELVIS NATIONAL INSTRUMENTS- SERIE NO. 11B194E- LABORATORIO EDUCACIONAL VIRTUAL QUE INCLUYE INSTRUMENTOSW- FUENTES DE VOLTAJE- GENERADORES DE FUCNIONES Y TARJETA DE ADQUISICION,DISPOSITIVOS,equipment,TRUE,1,1,active,Laboratorio
EQ-0370,FILTROS ACTIVOS,FILTROS ACTIVOS | Modelo: FILTROS ACTIVOS DL2155FIL,DISPOSITIVOS,equipment,TRUE,1,1,active,Laboratorio
EQ-0371,FRENO CON CORRIENTE PARÀSITAS,FRENO CON CORRIENTE PARÀSITAS | Modelo: FRENO CON CORRIENTE PARÀSITAS DL30300,DISPOSITIVOS,equipment,TRUE,1,1,active,Laboratorio
EQ-0372,FRENO ELECTROMAGNETICO,FRENO ELECTROMAGNETICO | Modelo: FRENO ELECTROMAGNETICO DL 2006UM,DISPOSITIVOS,equipment,TRUE,1,1,active,Laboratorio
EQ-0373,GRABADOR UNIVERSAL MARCA EETOOLS- SERIE TMC-5297,GRABADOR UNIVERSAL MARCA EETOOLS- SERIE TMC-5297 | Modelo: TOPMAX,DISPOSITIVOS,equipment,TRUE,1,1,active,Laboratorio
EQ-0374,INSTRUMENTO COMPROBADOR DE ACEITE-MODELO.OP,INSTRUMENTO COMPROBADOR DE ACEITE-MODELO.OP,DISPOSITIVOS,equipment,TRUE,1,1,active,Laboratorio
EQ-0375,ANALIZADOR TRIFASICO Y DE CALIDAD DE LA ENERGIA ELECTRICA SERIE:29583135 MARCA:FLUKE MODELO 435 SERIES II,ANALIZADOR TRIFASICO Y DE CALIDAD DE LA ENERGIA ELECTRICA SERIE:29583135 MARCA:FLUKE MODELO 435 SERIES II,DISPOSITIVOS,equipment,TRUE,1,1,active,Laboratorio
EQ-0376,ANALIZADOR TRIFASICO Y DE CALIDAD DE LA ENERGIA ELECTRICA SERIE:29593108 MARCA:FLUKE MODELO 435 SERIES II,ANALIZADOR TRIFASICO Y DE CALIDAD DE LA ENERGIA ELECTRICA SERIE:29593108 MARCA:FLUKE MODELO 435 SERIES II,DISPOSITIVOS,equipment,TRUE,1,1,active,Laboratorio
EQ-0377,ANENOMETRO SERIE:14100250 MARCA:METREL MODELO:MI6401,ANENOMETRO SERIE:14100250 MARCA:METREL MODELO:MI6401,DISPOSITIVOS,equipment,TRUE,1,1,active,Laboratorio
EQ-0378,CAMARA TERMOGRAFICA SERIE:B130068Y MARCA:GUIDE INFRARED MODELO:BRITIR B1,CAMARA TERMOGRAFICA SERIE:B130068Y MARCA:GUIDE INFRARED MODELO:BRITIR B1,DISPOSITIVOS,equipment,TRUE,1,1,active,Laboratorio
EQ-0379,KIT COMPROBADOR AVANZADO DE RESISTENCIA DE TIERRA GEO SERIE:152905NADV MARCA:AEMC MODELO:6472 KIT 300FT,KIT COMPROBADOR AVANZADO DE RESISTENCIA DE TIERRA GEO SERIE:152905NADV MARCA:AEMC MODELO:6472 KIT 300FT,DISPOSITIVOS,equipment,TRUE,1,1,active,Laboratorio
EQ-0380,OSCILOSCOPIO SERIE:122443LDDV MARCA:AEMC MODELO:OX5042,OSCILOSCOPIO SERIE:122443LDDV MARCA:AEMC MODELO:OX5042,DISPOSITIVOS,equipment,TRUE,1,1,active,Laboratorio
EQ-0381,OSCILOSCOPIO SERIE:122444LDDV MARCA:AEMC MODELO:OX5042,OSCILOSCOPIO SERIE:122444LDDV MARCA:AEMC MODELO:OX5042,DISPOSITIVOS,equipment,TRUE,1,1,active,Laboratorio
EQ-0382,PROBADOR DE AISLAMENTO DE 10KV SERIE:14080879 MARCA:METREL SI MODELO:MI 3210,PROBADOR DE AISLAMENTO DE 10KV SERIE:14080879 MARCA:METREL SI MODELO:MI 3210,DISPOSITIVOS,equipment,TRUE,1,1,active,Laboratorio
EQ-0383,KIT SIMATIC BASIC PANEL- COMPUESTO DE 6 MODULOS SWITCH- 6 PANELES DE COLOR PN 5-7,KIT SIMATIC BASIC PANEL- COMPUESTO DE 6 MODULOS SWITCH- 6 PANELES DE COLOR PN 5-7 | Modelo: 304030,DISPOSITIVOS,equipment,TRUE,1,1,active,Laboratorio
EQ-0384,KIT SIMATIC S7-1200 AC/DC/RLY- COMPUESTO DE 6 COMPONENTES CPU 1214C- 6 SALIDAS ANALOGICAS SB1232- 6 MODULOS DE SIMULACION- 6 SOFTWARE STEP 7 BASIC V10.5,KIT SIMATIC S7-1200 AC/DC/RLY- COMPUESTO DE 6 COMPONENTES CPU 1214C- 6 SALIDAS ANALOGICAS SB1232- 6 MODULOS DE SIMULACION- 6 SOFTWARE STEP 7 BASIC V10.5 | Modelo: 304029,DISPOSITIVOS,equipment,TRUE,1,1,active,Laboratorio
EQ-0385,KIT SINAMICS- COMPUESTO 3UNIDADES CONTROL CU2405- 2MODULOS POTENCIA G120- 2FILTROS MOD 4MV- 2BOBINAS CHOQUE- 1MODULO FSA- 1MODULO OPERADOR G110/G120- 2MEMORIAS ALMACENAMIENTO PARAMETROS- 2 KIT CONEXION INVERSOR- 2SOFTW. MAN- 3 SOFTW. CONFIG,KIT SINAMICS- COMPUESTO 3UNIDADES CONTROL CU2405- 2MODULOS POTENCIA G120- 2FILTROS MOD 4MV- 2BOBINAS CHOQUE- 1MODULO FSA- 1MODULO OPERADOR G110/G120- 2MEMORIAS ALMACENAMIENTO PARAMETROS- 2 KIT CONEXION INVERSOR- 2SOFTW. MAN- 3 SOFTW. CONFIG | Modelo: 304033,DISPOSITIVOS,equipment,TRUE,2,2,active,Laboratorio
EQ-0386,"LABORATORIO NEW ENERGY LAB MODELO 880 INCL. 3 TANQUES DE ALMACENAMIENTO DE HIDROGENO CELDA DE COMBUSTIBLE, GENERADOR DE HIDROGENO, CARGA ELECTRONICA, COMPUTADOR COMPLETO OTROS COMPONENTES CON SERIES 026121 / 026122 / 031640","LABORATORIO NEW ENERGY LAB MODELO 880 INCL. 3 TANQUES DE ALMACENAMIENTO DE HIDROGENO CELDA DE COMBUSTIBLE, GENERADOR DE HIDROGENO, CARGA ELECTRONICA, COMPUTADOR COMPLETO OTROS COMPONENTES CON SERIES 026121 / 026122 / 031640",DISPOSITIVOS,equipment,TRUE,1,1,active,Laboratorio
EQ-0387,LINEAS DE TRANSMISION,LINEAS DE TRANSMISION | Modelo: LINEAS DE TRANSMISION DL2597,DISPOSITIVOS,equipment,TRUE,1,1,active,Laboratorio
EQ-0388,MANUFACTURA CON PC INTEGRADO-VICION C,MANUFACTURA CON PC INTEGRADO-VICION C | Modelo: MANUFACTURA CON PC INTEGRADO-VICION C DL CIM C,DISPOSITIVOS,equipment,TRUE,1,1,active,Laboratorio
EQ-0389,MEDIDOR DE FLUJO POLETA ROTATIVA MARCA KOBOLD- SERIE NO. 209375,MEDIDOR DE FLUJO POLETA ROTATIVA MARCA KOBOLD- SERIE NO. 209375 | Modelo: 268447,DISPOSITIVOS,equipment,TRUE,1,1,active,Laboratorio
EQ-0390,MEDIDOR DE TIERRA MARCA NORMA SERIE NO.0045734,MEDIDOR DE TIERRA MARCA NORMA SERIE NO.0045734 | Modelo: 102146,DISPOSITIVOS,equipment,TRUE,1,1,active,Laboratorio
EQ-0391,MEDIDOR MODULO CA NO.28-284,MEDIDOR MODULO CA NO.28-284 | Modelo: 92257,DISPOSITIVOS,equipment,TRUE,3,3,active,Laboratorio
EQ-0392,MESA DE MANDO Y REGULACION PREPARADA DE CHOQUE NO.865 289,MESA DE MANDO Y REGULACION PREPARADA DE CHOQUE NO.865 289 | Modelo: 102116,DISPOSITIVOS,equipment,TRUE,1,1,active,Laboratorio
EQ-0400,MODULO DE ALIMENTACION CC +/-5V Y +/-15 V 1A,MODULO DE ALIMENTACION CC +/-5V Y +/-15 V 1A | Modelo: MODULO DE ALIMENTACION CC +/-5V Y +/-15 V 1A DL2555ALG,DISPOSITIVOS,equipment,TRUE,2,2,active,Laboratorio
EQ-0401,MODULO DE ALIMENTACION EN CC,MODULO DE ALIMENTACION EN CC | Modelo: MODULO DE ALIMENTACION EN CC DL2555ALE,DISPOSITIVOS,equipment,TRUE,2,2,active,Laboratorio
EQ-0408,MOTOR ASINCRONO TRIFASICO A JAULA,MOTOR ASINCRONO TRIFASICO A JAULA | Modelo: MOTOR ASINCRONO TRIFASICO A JAULA DL30115,DISPOSITIVOS,equipment,TRUE,1,1,active,Laboratorio
EQ-0409,MOTOR CC,MOTOR CC | Modelo: MOTOR CC DL30200,DISPOSITIVOS,equipment,TRUE,1,1,active,Laboratorio
EQ-0410,MOTOR DE ANILLOS,MOTOR DE ANILLOS | Modelo: MOTOR DE ANILLOS DL2053A,DISPOSITIVOS,equipment,TRUE,1,1,active,Laboratorio
EQ-0411,MOTOR DE VELOCIDADES,MOTOR DE VELOCIDADES | Modelo: MOTOR DE VELOCIDADES DL2051,DISPOSITIVOS,equipment,TRUE,2,2,active,Laboratorio
EQ-0412,MOTOR SCHRAGE,MOTOR SCHRAGE | Modelo: MOTOR SCHRAGE DL2131,DISPOSITIVOS,equipment,TRUE,1,1,active,Laboratorio
EQ-0413,MOTOR TRIFASICO MARCA SIEMENS DE 5 HP 220-440V 1720RPM IP55,MOTOR TRIFASICO MARCA SIEMENS DE 5 HP 220-440V 1720RPM IP55 | Modelo: 93009,DISPOSITIVOS,equipment,TRUE,1,1,active,Laboratorio
EQ-0414,MPLAG ICD3,MPLAG ICD3,DISPOSITIVOS,equipment,TRUE,6,6,active,Laboratorio
EQ-0418,OSCILADORES DE CUARZO,OSCILADORES DE CUARZO | Modelo: OSCILADORES DE CUARZO DL2155OSX,DISPOSITIVOS,equipment,TRUE,1,1,active,Laboratorio
EQ-0419,OSCILADORES EN ALTA FRECUENCIA,OSCILADORES EN ALTA FRECUENCIA | Modelo: OSCILADORES EN ALTA FRECUENCIA DL2155OSA,DISPOSITIVOS,equipment,TRUE,1,1,active,Laboratorio
EQ-0422,POLOS 3 UNIDADES-10 MODULOS DE INTERRUPTOR AUTOMATICO A-AC/DC.LUZ PILOTO C/W-28-605,POLOS 3 UNIDADES-10 MODULOS DE INTERRUPTOR AUTOMATICO A-AC/DC.LUZ PILOTO C/W-28-605,DISPOSITIVOS,equipment,TRUE,2,2,active,Laboratorio
EQ-0423,PROBADOR DE LIQUIDOS DIELECTRICOS 2KVA 50KV-PARA 110V.,PROBADOR DE LIQUIDOS DIELECTRICOS 2KVA 50KV-PARA 110V. | Modelo: 102147,DISPOSITIVOS,equipment,TRUE,1,1,active,Laboratorio
EQ-0424,PROGRAMADOR UNIVERSAL SUPERPRO M,PROGRAMADOR UNIVERSAL SUPERPRO M,DISPOSITIVOS,equipment,TRUE,2,2,active,Laboratorio
EQ-0425,PROTOBOARTH GL48 CON 4 PUNTAS,PROTOBOARTH GL48 CON 4 PUNTAS | Modelo: 446373,DISPOSITIVOS,equipment,TRUE,5,5,active,Laboratorio
EQ-0426,PUPITRE DE MANDO TRANSPORTABLES PHYWE 07422093-220-221-222,PUPITRE DE MANDO TRANSPORTABLES PHYWE 07422093-220-221-222 | Modelo: 98918,DISPOSITIVOS,equipment,TRUE,3,3,active,Laboratorio
EQ-0427,RECIPIENTE DE PRESION Y VACIO-MODELO DKU-NO.256 + ACCESORIOS,RECIPIENTE DE PRESION Y VACIO-MODELO DKU-NO.256 + ACCESORIOS,DISPOSITIVOS,equipment,TRUE,1,1,active,Laboratorio
EQ-0428,REDUCTORES DE PRESION-2 MANOMETROS (PRINCIPIOS/USO EN CILINDRO),REDUCTORES DE PRESION-2 MANOMETROS (PRINCIPIOS/USO EN CILINDRO) | Modelo: 2--89,DISPOSITIVOS,equipment,TRUE,2,2,active,Laboratorio
EQ-0429,SIMATIC TOUCH PANEL- SIEMENS- MODELO OP177B- SERIE S C-A7U66788,SIMATIC TOUCH PANEL- SIEMENS- MODELO OP177B- SERIE S C-A7U66788,DISPOSITIVOS,equipment,TRUE,1,1,active,Laboratorio
EQ-0432,SISTEMA ACCIONADOR DE CHISPOMETRO CON EJE AISLANTE MODELO AKF,SISTEMA ACCIONADOR DE CHISPOMETRO CON EJE AISLANTE MODELO AKF,DISPOSITIVOS,equipment,TRUE,1,1,active,Laboratorio
EQ-0433,SISTEMA DE COMPONENTES PARA EXPERIMENTOS CON AT-TRES ETAPAS-COMPUESTO DE:COMBINACIONES TIPICAS PARA TENSIONES ALTERNAS-MODELO TOEK 300/10-LOS MISMOS QUE SE DETALLAN EN LOS ITEMS DEL 1 AL 83-90 Y 91,SISTEMA DE COMPONENTES PARA EXPERIMENTOS CON AT-TRES ETAPAS-COMPUESTO DE:COMBINACIONES TIPICAS PARA TENSIONES ALTERNAS-MODELO TOEK 300/10-LOS MISMOS QUE SE DETALLAN EN LOS ITEMS DEL 1 AL 83-90 Y 91 | Modelo: 102044,DISPOSITIVOS,equipment,TRUE,1,1,active,Laboratorio
EQ-0434,SISTEMA DE ENSEÑANZA PARA ELECTRONICA DE POTENCIA CONTIENE VARIOS COMPENENTES QUE SE ENCUENTRAN DETALLADOS EN LA ACTA ENTREGA RECEPCION CON FECHA 25 DE NOVIEMBRE DEL 2014,SISTEMA DE ENSEÑANZA PARA ELECTRONICA DE POTENCIA CONTIENE VARIOS COMPENENTES QUE SE ENCUENTRAN DETALLADOS EN LA ACTA ENTREGA RECEPCION CON FECHA 25 DE NOVIEMBRE DEL 2014 | Modelo: SISTEMA DE ENSEÑANZA PARA ELECTRONICA DE POTENCIA PE-5000,DISPOSITIVOS,equipment,TRUE,1,1,active,Laboratorio
EQ-0441,TACOMETRO 0-2.500 RPM NO.28-200,TACOMETRO 0-2.500 RPM NO.28-200 | Modelo: 92240,DISPOSITIVOS,equipment,TRUE,1,1,active,Laboratorio
EQ-0442,TACOMETRO 0-8.000 RPM NO.28-201,TACOMETRO 0-8.000 RPM NO.28-201 | Modelo: 92241,DISPOSITIVOS,equipment,TRUE,1,1,active,Laboratorio
EQ-0443,TACOMETRO DIGITAL HASTA 20000 RPM-MARCA EXTECH-SERIE NO.302672 INCLUYE ESTUCHE PLASTICO.,TACOMETRO DIGITAL HASTA 20000 RPM-MARCA EXTECH-SERIE NO.302672 INCLUYE ESTUCHE PLASTICO. | Modelo: 92650,DISPOSITIVOS,equipment,TRUE,1,1,active,Laboratorio
EQ-0444,TACOMETRO DIGITAL HASTA 20000 RPM-MARCA EXTECH-SERIE NO.302681 INCLUYE ESTUCHE PLASTICO,TACOMETRO DIGITAL HASTA 20000 RPM-MARCA EXTECH-SERIE NO.302681 INCLUYE ESTUCHE PLASTICO | Modelo: 92649,DISPOSITIVOS,equipment,TRUE,1,1,active,Laboratorio
EQ-0445,TRAMPA DE DESCARGAS DE CORONA-MODELO KR,TRAMPA DE DESCARGAS DE CORONA-MODELO KR,DISPOSITIVOS,equipment,TRUE,1,1,active,Laboratorio
EQ-0446,UNIDAD DE PRUEBA DE MAQUINA ROTANTE ELECTRICO 3G-3M-DL-2007,UNIDAD DE PRUEBA DE MAQUINA ROTANTE ELECTRICO 3G-3M-DL-2007 | Modelo: 92301,DISPOSITIVOS,equipment,TRUE,1,1,active,Laboratorio
EQ-0447,VOLANTE,VOLANTE | Modelo: VOLANTE DL10410,DISPOSITIVOS,equipment,TRUE,1,1,active,Laboratorio
EQ-0448,CHISPOMETRO DE ACCIONAMIENTO ELECTRICO MODELO KF 14487,CHISPOMETRO DE ACCIONAMIENTO ELECTRICO MODELO KF 14487,BIEN INSTITUCIONAL,equipment,TRUE,1,1,active,Laboratorio
EQ-0449,CHISPOMETRO DE ACCIONAMIENTO ELECTRICO MODELO KF- NO.15287,CHISPOMETRO DE ACCIONAMIENTO ELECTRICO MODELO KF- NO.15287,BIEN INSTITUCIONAL,equipment,TRUE,1,1,active,Laboratorio
EQ-0450,CHISPOMETRO DE ACCIONAMIENTO ELECTRICO MODELO KF-NO. 14787,CHISPOMETRO DE ACCIONAMIENTO ELECTRICO MODELO KF-NO. 14787,BIEN INSTITUCIONAL,equipment,TRUE,1,1,active,Laboratorio
EQ-0451,CHISPOMETRO DE MEDICION DE ACCION-ELECTRICO MODELO MF (DOS ESTUCHES),CHISPOMETRO DE MEDICION DE ACCION-ELECTRICO MODELO MF (DOS ESTUCHES),MEDICION,equipment,TRUE,1,1,active,Laboratorio
EQ-0452,CONMUTADOR DE PUESTA A TIERRA CON ACCIONAMIENTO EL. NO.87140,CONMUTADOR DE PUESTA A TIERRA CON ACCIONAMIENTO EL. NO.87140 | Modelo: Z85994/1,BIEN INSTITUCIONAL,equipment,TRUE,1,1,active,Laboratorio
EQ-0453,CONTACTOR 6A-220V.CON BOBINA DE 120V.3 CONTACTORES NA Y 3NC-CON CAJA METALICA DE:12X10X14 CM.18 BORNES CONEXION EXTERNA.,CONTACTOR 6A-220V.CON BOBINA DE 120V.3 CONTACTORES NA Y 3NC-CON CAJA METALICA DE:12X10X14 CM.18 BORNES CONEXION EXTERNA. | Modelo: 92455,BIEN INSTITUCIONAL,equipment,TRUE,4,4,active,Laboratorio
EQ-0454,ELEMENTO DE ENLACE PARA AT-MODELO HSV 300 NO.829 493,ELEMENTO DE ENLACE PARA AT-MODELO HSV 300 NO.829 493,BIEN INSTITUCIONAL,equipment,TRUE,1,1,active,Laboratorio
EQ-0455,ELEMENTO DE INTERCONEXION-MODELO K,ELEMENTO DE INTERCONEXION-MODELO K,BIEN INSTITUCIONAL,equipment,TRUE,20,20,active,Laboratorio
EQ-0456,EQUIPO ELECTRONICO DIDACTICO PARA EL CONTROL DE VELOCIDAD DE UN MOTOR DE INDUCCION BASADO EN EL SISTEMA RECUPERADOR DE ENERGIA DE DESLIZAMIENTO-COMPUESTO DE 9 MODULOS,EQUIPO ELECTRONICO DIDACTICO PARA EL CONTROL DE VELOCIDAD DE UN MOTOR DE INDUCCION BASADO EN EL SISTEMA RECUPERADOR DE ENERGIA DE DESLIZAMIENTO-COMPUESTO DE 9 MODULOS | Modelo: 92615,BIEN INSTITUCIONAL,equipment,TRUE,1,1,active,Laboratorio
EQ-0457,MODULO ALTERNADOR SINCRONICO.28-101,MODULO ALTERNADOR SINCRONICO.28-101 | Modelo: 92274,BIEN INSTITUCIONAL,equipment,TRUE,1,1,active,Laboratorio
EQ-0458,MODULO CONTACTOR DC-C/W5NC Y MC-CONTACTOS DE 120V.DC-28-631,MODULO CONTACTOR DC-C/W5NC Y MC-CONTACTOS DE 120V.DC-28-631 | Modelo: 92225,MODULO CONTACTOR DC-C,equipment,TRUE,2,2,active,Laboratorio
EQ-0459,MODULO CONTACTOR MAGNETICO AC-120V-ACC/W4N0Y4 NC CONTACTORES,MODULO CONTACTOR MAGNETICO AC-120V-ACC/W4N0Y4 NC CONTACTORES | Modelo: 92228,MODULO CONTACTOR MAGNETICO AC-120V-ACC,equipment,TRUE,2,2,active,Laboratorio
EQ-0460,MODULO CRONOGRAFO RECICULAR 120 AC C/W NO-NC-CONTACTOS 28-664,MODULO CRONOGRAFO RECICULAR 120 AC C/W NO-NC-CONTACTOS 28-664 | Modelo: 92231,MODULO CRONOGRAFO RECICULAR 120 AC C,equipment,TRUE,2,2,active,Laboratorio
EQ-0461,MODULO DE MOTOR DE ARRANQUE POR CAPACITOR.NO.28-130,MODULO DE MOTOR DE ARRANQUE POR CAPACITOR.NO.28-130 | Modelo: 92236,BIEN INSTITUCIONAL,equipment,TRUE,2,2,active,Laboratorio
EQ-0462,MODULO DE MOTOR DE FASE PARTIDA N.28-125,MODULO DE MOTOR DE FASE PARTIDA N.28-125 | Modelo: 92235,BIEN INSTITUCIONAL,equipment,TRUE,1,1,active,Laboratorio
EQ-0463,MODULO DE MOTOR DE FASE PARTIDA PERMANENTE N.28-135,MODULO DE MOTOR DE FASE PARTIDA PERMANENTE N.28-135 | Modelo: 92237,BIEN INSTITUCIONAL,equipment,TRUE,2,2,active,Laboratorio
EQ-0464,MODULO DE MOTOR DEVANADO-DE ARDILLA 28-105,MODULO DE MOTOR DEVANADO-DE ARDILLA 28-105 | Modelo: 92234,BIEN INSTITUCIONAL,equipment,TRUE,2,2,active,Laboratorio
EQ-0465,MODULO DE MOTOR UNIVERSAL N.28-140,MODULO DE MOTOR UNIVERSAL N.28-140 | Modelo: 92238,BIEN INSTITUCIONAL,equipment,TRUE,2,2,active,Laboratorio
EQ-0466,MODULO DE RELE DE FALLA DE CAMPO DE DERIVACION 28-633,MODULO DE RELE DE FALLA DE CAMPO DE DERIVACION 28-633 | Modelo: 92227,BIEN INSTITUCIONAL,equipment,TRUE,2,2,active,Laboratorio
EQ-0467,MODULO DE SOBRECARGA AC/DC 28-613,MODULO DE SOBRECARGA AC/DC 28-613 | Modelo: 92221,MODULO DE SOBRECARGA AC,equipment,TRUE,2,2,active,Laboratorio
EQ-0468,MODULO DE SWITCHE DE PALANCA SELECTORA C/W.2 SWITCHE SELECTORES Y 2 PALANCAS DE SWITCHE 120V.AC/DC 28-602,MODULO DE SWITCHE DE PALANCA SELECTORA C/W.2 SWITCHE SELECTORES Y 2 PALANCAS DE SWITCHE 120V.AC/DC 28-602 | Modelo: 92219,MODULO DE SWITCHE DE PALANCA SELECTORA C,equipment,TRUE,2,2,active,Laboratorio
EQ-0469,MODULO DE TIEMPO DEFINIDO DE RELE RETARDADOR C/W.2 RELES DE TIEMPOS RETARDADOR 120V.-AC/DC 28-619,MODULO DE TIEMPO DEFINIDO DE RELE RETARDADOR C/W.2 RELES DE TIEMPOS RETARDADOR 120V.-AC/DC 28-619 | Modelo: 92222,MODULO DE TIEMPO DEFINIDO DE RELE RETARDADOR C,equipment,TRUE,2,2,active,Laboratorio
EQ-0470,MODULO FRENO PRONY DE LA CORRIENTE EDDY.NO.28-205,MODULO FRENO PRONY DE LA CORRIENTE EDDY.NO.28-205 | Modelo: 92242,BIEN INSTITUCIONAL,equipment,TRUE,2,2,active,Laboratorio
EQ-0471,MODULO MOTOR DE ROTOR DEVANADO 28-110,MODULO MOTOR DE ROTOR DEVANADO 28-110 | Modelo: 92276,BIEN INSTITUCIONAL,equipment,TRUE,2,2,active,Laboratorio
EQ-0472,MODULO MOTOR SINCRONICO N.28-100,MODULO MOTOR SINCRONICO N.28-100 | Modelo: 92233,BIEN INSTITUCIONAL,equipment,TRUE,1,1,active,Laboratorio
EQ-0473,MODULO RELE AC C/W RELE-DMDT 120V AC 28-662,MODULO RELE AC C/W RELE-DMDT 120V AC 28-662 | Modelo: 92229,MODULO RELE AC C,equipment,TRUE,2,2,active,Laboratorio
EQ-0474,MODULO RELE CEMF.120V-CONTACTO DC.28-632,MODULO RELE CEMF.120V-CONTACTO DC.28-632 | Modelo: 92226,BIEN INSTITUCIONAL,equipment,TRUE,2,2,active,Laboratorio
EQ-0475,MODULO RELE DC C/W 2 DPDT RELES 120 V-DC 28-630,MODULO RELE DC C/W 2 DPDT RELES 120 V-DC 28-630 | Modelo: 92224,MODULO RELE DC C,equipment,TRUE,2,2,active,Laboratorio
EQ-0476,MODULO RELE DC C/W 2 DPDT RELES 120V-DC NO.28-630,MODULO RELE DC C/W 2 DPDT RELES 120V-DC NO.28-630 | Modelo: 92279,MODULO RELE DC C,equipment,TRUE,1,1,active,Laboratorio
EQ-0477,MODULO RELE DE TIEMPO AJUSTABLE C/W CONTACTOR DPDT.BOBINA 28-663,MODULO RELE DE TIEMPO AJUSTABLE C/W CONTACTOR DPDT.BOBINA 28-663 | Modelo: 92230,MODULO RELE DE TIEMPO AJUSTABLE C,equipment,TRUE,2,2,active,Laboratorio
EQ-0478,MODULOS OTOR ALTERNADOR SINCRONICOS.28-102,MODULOS OTOR ALTERNADOR SINCRONICOS.28-102 | Modelo: 92275,BIEN INSTITUCIONAL,equipment,TRUE,2,2,active,Laboratorio
EQ-0479,MOTOR GENERADOR DE CD.N.28-150,MOTOR GENERADOR DE CD.N.28-150 | Modelo: 92239,EQUIPO ELECTRONICO,equipment,TRUE,2,2,active,Laboratorio
EQ-0480,PANEL PARA VARIADOR DE VELOCIDAD MARCA SIEMENS MICROMATES 4- SERIE NO. XAU222-002851,PANEL PARA VARIADOR DE VELOCIDAD MARCA SIEMENS MICROMATES 4- SERIE NO. XAU222-002851 | Modelo: 243120,BIEN INSTITUCIONAL,equipment,TRUE,1,1,active,Laboratorio
EQ-0481,SUPERVISOR DE VOLTAJE DIGITAL TRIFASICO MARCA ICM- MODELO ICM-450 DE 190-360 VAC 50-60HZ,SUPERVISOR DE VOLTAJE DIGITAL TRIFASICO MARCA ICM- MODELO ICM-450 DE 190-360 VAC 50-60HZ | Modelo: ICM450C,BIEN INSTITUCIONAL,equipment,TRUE,1,1,active,Laboratorio
EQ-0482,TAMBOR DE MODULO CONTROLADOR 28-620,TAMBOR DE MODULO CONTROLADOR 28-620 | Modelo: 92223,BIEN INSTITUCIONAL,equipment,TRUE,2,2,active,Laboratorio
EQ-0483,LABORATORIO DE ELECTRONICA MARCA NATIONAL INSTRUMENTS NI ELVIS-SERIE NO.128DD30,LABORATORIO DE ELECTRONICA MARCA NATIONAL INSTRUMENTS NI ELVIS-SERIE NO.128DD30,EQUIPO PARA ENSENANZA DE ELECTRONICA,equipment,TRUE,1,1,active,Laboratorio
EQ-0484,LABORATORIO DE ELECTRONICA MARCA NATIONAL INSTRUMENTS NI ELVIS-SERIE NO.12A5AE2,LABORATORIO DE ELECTRONICA MARCA NATIONAL INSTRUMENTS NI ELVIS-SERIE NO.12A5AE2,EQUIPO PARA ENSENANZA DE ELECTRONICA,equipment,TRUE,1,1,active,Laboratorio
EQ-0485,LABORATORIO DE ELECTRONICA MARCA NATIONAL INSTRUMENTS NI ELVIS-SERIE NO.12AC8E9,LABORATORIO DE ELECTRONICA MARCA NATIONAL INSTRUMENTS NI ELVIS-SERIE NO.12AC8E9,EQUIPO PARA ENSENANZA DE ELECTRONICA,equipment,TRUE,1,1,active,Laboratorio
EQ-0486,LABORATORIO DE ELECTRONICA MARCA NATIONAL INSTRUMENTS NI ELVIS-SERIE NO.12F2530,LABORATORIO DE ELECTRONICA MARCA NATIONAL INSTRUMENTS NI ELVIS-SERIE NO.12F2530,EQUIPO PARA ENSENANZA DE ELECTRONICA,equipment,TRUE,1,1,active,Laboratorio
EQ-0487,LABORATORIO DE ELECTRONICA MARCA NATIONAL INSTRUMENTS NI ELVIS-SERIE NO.12F2535,LABORATORIO DE ELECTRONICA MARCA NATIONAL INSTRUMENTS NI ELVIS-SERIE NO.12F2535,EQUIPO PARA ENSENANZA DE ELECTRONICA,equipment,TRUE,1,1,active,Laboratorio
EQ-0488,LABORATORIO DE MICROPROCESADORES- COMPUESTO DE:MODULO ADC- DAC- TECLADO MATRICIAL-MEMORIA PARALELA-DISPLAY-LCD DE CARACTER-LCD DE GRAFICO-LEDS-MEMORIA SERIAL-MATRIZ-TRANSMISION-POTENCIA-RELES-MOTORES-DAC DE RED-ACOPLE DE LINEA- VARIOS,LABORATORIO DE MICROPROCESADORES- COMPUESTO DE:MODULO ADC- DAC- TECLADO MATRICIAL-MEMORIA PARALELA-DISPLAY-LCD DE CARACTER-LCD DE GRAFICO-LEDS-MEMORIA SERIAL-MATRIZ-TRANSMISION-POTENCIA-RELES-MOTORES-DAC DE RED-ACOPLE DE LINEA- VARIOS | Modelo: 285291,EQUIPO PARA ENSENANZA DE ELECTRONICA,equipment,TRUE,1,1,active,Laboratorio
EQ-0490,LABVIEW ROBOTICS SBRIO 9632 STARTER KIT,LABVIEW ROBOTICS SBRIO 9632 STARTER KIT | Modelo: NI ELVIS,EQUIPO PARA ENSENANZA DE ELECTRONICA,equipment,TRUE,1,1,active,Laboratorio
EQ-0491,GALVANOMETRO PARA CORRIENTE CONTINUA-GOSSEN P-390.,GALVANOMETRO PARA CORRIENTE CONTINUA-GOSSEN P-390.,GALVANOMETRO,equipment,TRUE,2,2,active,Laboratorio
EQ-0492,GALVANOMETRO PARA CORRIENTE CONTINUA-GOSSEN P-391,GALVANOMETRO PARA CORRIENTE CONTINUA-GOSSEN P-391,GALVANOMETRO,equipment,TRUE,3,3,active,Laboratorio
EQ-0493,EQUIPOS DE LABORATORIO; CIENCIA; OBSERVACION Y COMPROBACION/GENERADOR DE FUNCIONES/GENERADOR DE FUNCIONES ARBITRARIAS DE 2 CANALES 1 UHZ A 100 MHZ MARCA TEKTRONIX MODELO AFG 3102- SERIE NO.C022325 CON SOFTWARE,EQUIPOS DE LABORATORIO; CIENCIA; OBSERVACION Y COMPROBACION/GENERADOR DE FUNCIONES/GENERADOR DE FUNCIONES ARBITRARIAS DE 2 CANALES 1 UHZ A 100 MHZ MARCA TEKTRONIX MODELO AFG 3102- SERIE NO.C022325 CON SOFTWARE | Modelo: AFG3102,SOFTWARE,equipment,TRUE,1,1,active,Laboratorio
EQ-0494,EQUIPOS DE LABORATORIO; CIENCIA; OBSERVACION Y COMPROBACION/GENERADOR DE FUNCIONES/GENERADOR DE FUNCIONES CON RANGO DE FRECUENCIA-DE O.2HZ A 2MHZ-MARCA BK PRECISION-MODELO 3011B-SERIE 147-29483,EQUIPOS DE LABORATORIO; CIENCIA; OBSERVACION Y COMPROBACION/GENERADOR DE FUNCIONES/GENERADOR DE FUNCIONES CON RANGO DE FRECUENCIA-DE O.2HZ A 2MHZ-MARCA BK PRECISION-MODELO 3011B-SERIE 147-29483,EQUIPO ELECTRONICO,equipment,TRUE,1,1,active,Laboratorio
EQ-0495,EQUIPOS DE LABORATORIO; CIENCIA; OBSERVACION Y COMPROBACION/GENERADOR DE FUNCIONES/GENERADOR DE FUNCIONES HUNG CHUNG.HC-G205.SERIE NO.G01598,EQUIPOS DE LABORATORIO; CIENCIA; OBSERVACION Y COMPROBACION/GENERADOR DE FUNCIONES/GENERADOR DE FUNCIONES HUNG CHUNG.HC-G205.SERIE NO.G01598,EQUIPO ELECTRONICO,equipment,TRUE,1,1,active,Laboratorio
EQ-0496,EQUIPOS DE LABORATORIO; CIENCIA; OBSERVACION Y COMPROBACION/GENERADOR DE FUNCIONES/GENERADOR DE FUNCIONES MARCA TEKTRONICS- SERIE NO.C035453,EQUIPOS DE LABORATORIO; CIENCIA; OBSERVACION Y COMPROBACION/GENERADOR DE FUNCIONES/GENERADOR DE FUNCIONES MARCA TEKTRONICS- SERIE NO.C035453 | Modelo: AFG 3021B,EQUIPO ELECTRONICO,equipment,TRUE,1,1,active,Laboratorio
EQ-0497,EQUIPOS DE LABORATORIO; CIENCIA; OBSERVACION Y COMPROBACION/GENERADOR DE FUNCIONES/GENERADOR DE FUNCIONES MARCA TEKTRONICS- SERIE NO.C035454,EQUIPOS DE LABORATORIO; CIENCIA; OBSERVACION Y COMPROBACION/GENERADOR DE FUNCIONES/GENERADOR DE FUNCIONES MARCA TEKTRONICS- SERIE NO.C035454 | Modelo: AFG 3021B,EQUIPO ELECTRONICO,equipment,TRUE,1,1,active,Laboratorio
EQ-0498,GENERADOR DE FUNCIONES ARBITRARIAS 25MHZ SERIE:SN 024060782 MODELO:HMF2525 MARCA:ROHDE&SCHWARZ,GENERADOR DE FUNCIONES ARBITRARIAS 25MHZ SERIE:SN 024060782 MODELO:HMF2525 MARCA:ROHDE&SCHWARZ,EQUIPO ELECTRONICO,equipment,TRUE,1,1,active,Laboratorio
EQ-0499,GENERADOR DE FUNCIONES ARBITRARIAS 25MHZ SERIE:SN 024060783 MODELO:HMF2525 MARCA:ROHDE&SCHWARZ,GENERADOR DE FUNCIONES ARBITRARIAS 25MHZ SERIE:SN 024060783 MODELO:HMF2525 MARCA:ROHDE&SCHWARZ,EQUIPO ELECTRONICO,equipment,TRUE,1,1,active,Laboratorio
EQ-0500,GENERADOR DE FUNCIONES ARBITRARIAS 25MHZ SERIE:SN 024060784 MODELO:HMF2525 MARCA:ROHDE&SCHWARZ,GENERADOR DE FUNCIONES ARBITRARIAS 25MHZ SERIE:SN 024060784 MODELO:HMF2525 MARCA:ROHDE&SCHWARZ,EQUIPO ELECTRONICO,equipment,TRUE,1,1,active,Laboratorio
EQ-0501,INSTRUMENTO DE MEDICION DE TENSIONES CONTINUAS MOD.GM NO.860736,INSTRUMENTO DE MEDICION DE TENSIONES CONTINUAS MOD.GM NO.860736,MULTIMETRO,equipment,TRUE,1,1,active,Laboratorio
EQ-0502,INSTRUMENTO DE MEDICION DE TENSIONES DE CHOQUE NO.872 986 M.STM,INSTRUMENTO DE MEDICION DE TENSIONES DE CHOQUE NO.872 986 M.STM,MULTIMETRO,equipment,TRUE,1,1,active,Laboratorio
EQ-0503,INSTRUMENTO DE MEDIDA DE FACTOR POTENCIAL-GOSSEN D-KP-182,INSTRUMENTO DE MEDIDA DE FACTOR POTENCIAL-GOSSEN D-KP-182,MULTIMETRO,equipment,TRUE,1,1,active,Laboratorio
EQ-0504,INSTRUMENTO DE MEDIDA FACTOR POTENCIAL-CORRIENTE TRIFASICA-GOSSEN,INSTRUMENTO DE MEDIDA FACTOR POTENCIAL-CORRIENTE TRIFASICA-GOSSEN | Modelo: 98937,MULTIMETRO,equipment,TRUE,1,1,active,Laboratorio
EQ-0505,INSTRUMENTO DE PRECISION PARA MEDIR LA CORRIENTE CONTINUA Y CORREITNE ALTERNA-GOSSEN 142,INSTRUMENTO DE PRECISION PARA MEDIR LA CORRIENTE CONTINUA Y CORREITNE ALTERNA-GOSSEN 142,MULTIMETRO,equipment,TRUE,2,2,active,Laboratorio
EQ-0506,INSTRUMENTO DE PRECISION PARA MEDIR LA CORRIENTE CONTINUA Y CORRIENTE ALTERNA-GOSSEN 143,INSTRUMENTO DE PRECISION PARA MEDIR LA CORRIENTE CONTINUA Y CORRIENTE ALTERNA-GOSSEN 143,MULTIMETRO,equipment,TRUE,2,2,active,Laboratorio
EQ-0507,INSTRUMENTO DE PRECISION PARA MEDIR LA TENSION PARA CORRIENTE CONTINUA Y ALTERNA-GOSSEN A-240,INSTRUMENTO DE PRECISION PARA MEDIR LA TENSION PARA CORRIENTE CONTINUA Y ALTERNA-GOSSEN A-240,MULTIMETRO,equipment,TRUE,2,2,active,Laboratorio
EQ-0508,INSTRUMENTO DE PRECISION PARA MEDIR TENSION-CORRIENTE CONTINUA ALTERNA GOSSEN A-242,INSTRUMENTO DE PRECISION PARA MEDIR TENSION-CORRIENTE CONTINUA ALTERNA GOSSEN A-242,MULTIMETRO,equipment,TRUE,1,1,active,Laboratorio
EQ-0509,INSTRUMENTO DE PRECISION PARA MEDIR TENSION-CORRIENTE CONTINUA ALTERNA GOSSEN A-243,INSTRUMENTO DE PRECISION PARA MEDIR TENSION-CORRIENTE CONTINUA ALTERNA GOSSEN A-243,MULTIMETRO,equipment,TRUE,2,2,active,Laboratorio
EQ-0510,INSTRUMENTO DE PRECISION-PARA MEDIR LA CORRIENTE CONTINUA Y CORRIENTE ALTERNA-GOSSEN 141,INSTRUMENTO DE PRECISION-PARA MEDIR LA CORRIENTE CONTINUA Y CORRIENTE ALTERNA-GOSSEN 141,MULTIMETRO,equipment,TRUE,2,2,active,Laboratorio
EQ-0511,INSTRUMENTO PARA MEDIR CON LUZ-LA CORRIENTE Y LA TENSION NORMA,INSTRUMENTO PARA MEDIR CON LUZ-LA CORRIENTE Y LA TENSION NORMA | Modelo: 98924,MULTIMETRO,equipment,TRUE,2,2,active,Laboratorio
EQ-0512,INSTRUMENTO PARA MEDIR TENSIONES DE CRESTA MODELO NO.SM NO.872 361,INSTRUMENTO PARA MEDIR TENSIONES DE CRESTA MODELO NO.SM NO.872 361,MULTIMETRO,equipment,TRUE,1,1,active,Laboratorio
EQ-0513,MULTIMETRO DIGITAL SERIE:124450149 MARCA:METREL MODELO:MD 9060,MULTIMETRO DIGITAL SERIE:124450149 MARCA:METREL MODELO:MD 9060,MULTIMETRO,equipment,TRUE,1,1,active,Laboratorio
EQ-0514,MULTIMETRO DIGITAL SERIE:124450151 MARCA:METREL MODELO:MD 9060,MULTIMETRO DIGITAL SERIE:124450151 MARCA:METREL MODELO:MD 9060,MULTIMETRO,equipment,TRUE,1,1,active,Laboratorio
EQ-0515,MULTIMETRO DIGITAL SERIE:124450156 MARCA:METREL MODELO:MD 9060,MULTIMETRO DIGITAL SERIE:124450156 MARCA:METREL MODELO:MD 9060,MULTIMETRO,equipment,TRUE,1,1,active,Laboratorio
EQ-0516,MULTIMETRO DIGITAL SERIE:124450158 MARCA:METREL MODELO:MD 9060,MULTIMETRO DIGITAL SERIE:124450158 MARCA:METREL MODELO:MD 9060,MULTIMETRO,equipment,TRUE,1,1,active,Laboratorio
EQ-0517,MULTIMETRO DIGITAL SERIE:124450160 MARCA:METREL MODELO:MD 9060,MULTIMETRO DIGITAL SERIE:124450160 MARCA:METREL MODELO:MD 9060,MULTIMETRO,equipment,TRUE,1,1,active,Laboratorio
EQ-0518,MULTIMETRO DIGITAL SERIE:124450196 MARCA:METREL MODELO:MD 9060,MULTIMETRO DIGITAL SERIE:124450196 MARCA:METREL MODELO:MD 9060,MULTIMETRO,equipment,TRUE,1,1,active,Laboratorio
EQ-0519,MULTIMETRO DIGITAL SERIE:27690162WS MARCA: FLUKE MODELO:381,MULTIMETRO DIGITAL SERIE:27690162WS MARCA: FLUKE MODELO:381,MULTIMETRO,equipment,TRUE,1,1,active,Laboratorio
EQ-0520,MULTIMETRO ANALOGICO DE AGUJA.ST-360 TR.,MULTIMETRO ANALOGICO DE AGUJA.ST-360 TR.,MULTIMETRO,equipment,TRUE,1,1,active,Laboratorio
EQ-0521,"MEDIDOR DE RESISTENCIA DE CONTACTOS (MICRO-OHMIMETRO) MARCA AEMC, MODELO 6292, SERIE NO. 100047QLTH","MEDIDOR DE RESISTENCIA DE CONTACTOS (MICRO-OHMIMETRO) MARCA AEMC, MODELO 6292, SERIE NO. 100047QLTH",OHMETRO,equipment,TRUE,1,1,active,Laboratorio
EQ-0522,PANEL SOLAR POLICRISTAL,PANEL SOLAR POLICRISTAL,PANEL SOLAR,equipment,TRUE,1,1,active,Laboratorio
EQ-0523,INDUCTOR DE CARGA-TB41,INDUCTOR DE CARGA-TB41 | Modelo: S/M,REACTOR,equipment,TRUE,1,1,active,Laboratorio
EQ-0524,EQUIPOS DE LABORATORIO; CIENCIA; OBSERVACION Y COMPROBACION/SEÑALADOR O INDICADOR/INDICADOR DE NIVEL TROLADOR SOBRE CADENA REED MARCA KOBOLD- SERIE NO. NO156563-03192008,EQUIPOS DE LABORATORIO; CIENCIA; OBSERVACION Y COMPROBACION/SEÑALADOR O INDICADOR/INDICADOR DE NIVEL TROLADOR SOBRE CADENA REED MARCA KOBOLD- SERIE NO. NO156563-03192008 | Modelo: NM-31OR5RM0,SENALADOR O INDICADOR,equipment,TRUE,1,1,active,Laboratorio
EQ-0525,EQUIPOS DE LABORATORIO; CIENCIA; OBSERVACION Y COMPROBACION/SEÑALADOR O INDICADOR/INDICADOR DE SECUENCIA DE FASE-SL100SF,EQUIPOS DE LABORATORIO; CIENCIA; OBSERVACION Y COMPROBACION/SEÑALADOR O INDICADOR/INDICADOR DE SECUENCIA DE FASE-SL100SF | Modelo: 803123,SENALADOR O INDICADOR,equipment,TRUE,2,2,active,Laboratorio
EQ-0526,EQUIPOS DE LABORATORIO; CIENCIA; OBSERVACION Y COMPROBACION/SEÑALADOR O INDICADOR/INDICADOR DE SECUENCIA DE FASE-SL100SF,EQUIPOS DE LABORATORIO; CIENCIA; OBSERVACION Y COMPROBACION/SEÑALADOR O INDICADOR/INDICADOR DE SECUENCIA DE FASE-SL100SF | Modelo: 803123,CSENALADOR O INDICADOR,equipment,TRUE,1,1,active,Laboratorio
EQ-0527,TERMOMETRO BIMETALICO MARCA KOBOLD- SERIE NO. 0138821651,TERMOMETRO BIMETALICO MARCA KOBOLD- SERIE NO. 0138821651 | Modelo: 268445,TERMOMETRO,equipment,TRUE,1,1,active,Laboratorio
EQ-0528,TERMOMETRO DIGITAL PORTATIL MARCA KOBOLD- SERIE NO. 203240,TERMOMETRO DIGITAL PORTATIL MARCA KOBOLD- SERIE NO. 203240 | Modelo: MP2000,TERMOMETRO,equipment,TRUE,1,1,active,Laboratorio
EQ-0529,BOLA DE ENCENDIDO ELECTRONICO-MODELO EZK NO.909 745,BOLA DE ENCENDIDO ELECTRONICO-MODELO EZK NO.909 745,UNIDAD ENCENDIDO ELECTRICO,equipment,TRUE,1,1,active,Laboratorio
EQ-0530,BOLA DE ENCENDIDO ELECTRONICO-MODELO EZK NO.911 644,BOLA DE ENCENDIDO ELECTRONICO-MODELO EZK NO.911 644,UNIDAD ENCENDIDO ELECTRICO,equipment,TRUE,1,1,active,Laboratorio
EQ-0531,DISPOSITIVO DE DISPARO DE ENCENDIDO-MODELO ZAG NO.909 748,DISPOSITIVO DE DISPARO DE ENCENDIDO-MODELO ZAG NO.909 748,UNIDAD ENCENDIDO ELECTRICO,equipment,TRUE,1,1,active,Laboratorio
EQ-0532,EQUIPOS DE LABORATORIO; CIENCIA; OBSERVACION Y COMPROBACION/VATIMETRO/VATIMETRO CON HIERRO-CERRADO SISTEMA DE MEDIDA-GOSSEN D-141,EQUIPOS DE LABORATORIO; CIENCIA; OBSERVACION Y COMPROBACION/VATIMETRO/VATIMETRO CON HIERRO-CERRADO SISTEMA DE MEDIDA-GOSSEN D-141,VATIMETRO,equipment,TRUE,1,1,active,Laboratorio
EQ-0533,EQUIPOS DE LABORATORIO; CIENCIA; OBSERVACION Y COMPROBACION/VATIMETRO/VATIMETRO CON HIERRO-CERRADO SISTEMA-GOSSEN D-145,EQUIPOS DE LABORATORIO; CIENCIA; OBSERVACION Y COMPROBACION/VATIMETRO/VATIMETRO CON HIERRO-CERRADO SISTEMA-GOSSEN D-145,VATIMETRO,equipment,TRUE,1,1,active,Laboratorio
EQ-0535,VOLTIMETRO DIGITAL PARA PICOS SERIE:331 MODELO:HV9150 MARCA:TERCO,VOLTIMETRO DIGITAL PARA PICOS SERIE:331 MODELO:HV9150 MARCA:TERCO,VOLTIMETRO,equipment,TRUE,1,1,active,Laboratorio
EQ-0536,PROYECTOR EPSON POWERLITE S18+,PROYECTOR EPSON POWERLITE S18+,EQUIPOS DE OFICINA Y ADMINISTRACION,equipment,TRUE,1,1,active,Laboratorio
EQ-0537,PROYECTOR DE DATOS Y VIDEO INFOCUS LP 540- SERIE ALSN43900595- CON CONTROL REMOTO RM-PJ2- EN MALETIN NEGRO DE NYLON,PROYECTOR DE DATOS Y VIDEO INFOCUS LP 540- SERIE ALSN43900595- CON CONTROL REMOTO RM-PJ2- EN MALETIN NEGRO DE NYLON | Modelo: LP540,EQUIPOS DE OFICINA Y ADMINISTRACION,equipment,TRUE,1,1,active,Laboratorio
EQ-0538,PROYECTOR DE DATOS Y VIDEO INFOCUS X1- SERIE AHHC40802572- CONTROL REMOTO INFOCUS- EN MALETIN NEGRO DE TELA,PROYECTOR DE DATOS Y VIDEO INFOCUS X1- SERIE AHHC40802572- CONTROL REMOTO INFOCUS- EN MALETIN NEGRO DE TELA,EQUIPOS DE OFICINA Y ADMINISTRACION,equipment,TRUE,1,1,active,Laboratorio
EQ-0539,PROYECTOR DE DATOS Y VIDEOS INFOCUS X2- SERIE AMMC43501482- CONTROL REMOTO- EN MALETIN NEGRO DE NYLON,PROYECTOR DE DATOS Y VIDEOS INFOCUS X2- SERIE AMMC43501482- CONTROL REMOTO- EN MALETIN NEGRO DE NYLON,EQUIPOS DE OFICINA Y ADMINISTRACION,equipment,TRUE,1,1,active,Laboratorio
EQ-0540,PROYECTOR DE VIDEO Y DATOS MARCA LG- DLP- MODELO DS125- SERIE 708DTQZ00404,PROYECTOR DE VIDEO Y DATOS MARCA LG- DLP- MODELO DS125- SERIE 708DTQZ00404,EQUIPOS DE OFICINA Y ADMINISTRACION,equipment,TRUE,1,1,active,Laboratorio
EQ-0541,PROYECTOR MARCA EPSON POWERLITE S8- SERIE M4SF9Y8485L,PROYECTOR MARCA EPSON POWERLITE S8- SERIE M4SF9Y8485L | Modelo: H309A,EQUIPOS DE OFICINA Y ADMINISTRACION,equipment,TRUE,1,1,active,Laboratorio
EQ-0542,PROYECTOR SONY- MODELO VPL-CS6- SERIE 44706- CONTROL REMOTO MARCA SONY- MODELO RM-PJM12- EN MALETIN NEGRO DE TELA,PROYECTOR SONY- MODELO VPL-CS6- SERIE 44706- CONTROL REMOTO MARCA SONY- MODELO RM-PJM12- EN MALETIN NEGRO DE TELA,EQUIPOS DE OFICINA Y ADMINISTRACION,equipment,TRUE,1,1,active,Laboratorio
EQ-0543,EQUIPOS DE OFICINA Y ADMINISTRACION/SECADOR DE MANOS/SECADOR AUTOMATICO DE MANOS- CON BOTON- MARCA TEW- MODELO TCD-1500ES- SERIE 0209215,EQUIPOS DE OFICINA Y ADMINISTRACION/SECADOR DE MANOS/SECADOR AUTOMATICO DE MANOS- CON BOTON- MARCA TEW- MODELO TCD-1500ES- SERIE 0209215 | Modelo: TCO-1500ES,EQUIPOS DE OFICINA Y ADMINISTRACION,equipment,TRUE,1,1,active,Laboratorio
EQ-0544,EQUIPOS DE OFICINA Y ADMINISTRACION/SECADOR DE MANOS/SECADOR MANUAL DE MANOS MARCA TEW- MODELO TCO-1500ES- SERIE KYWI-0307127,EQUIPOS DE OFICINA Y ADMINISTRACION/SECADOR DE MANOS/SECADOR MANUAL DE MANOS MARCA TEW- MODELO TCO-1500ES- SERIE KYWI-0307127,EQUIPOS DE OFICINA Y ADMINISTRACION,equipment,TRUE,1,1,active,Laboratorio
EQ-0545,"EQUIPOS DE PRENSA, RADIO Y TELEVISION/RADIO BASE DE COMUNICACION/RADIO MOTOROLA MODELO M336MC20D2AA SERIE NO.159TUE6284","EQUIPOS DE PRENSA, RADIO Y TELEVISION/RADIO BASE DE COMUNICACION/RADIO MOTOROLA MODELO M336MC20D2AA SERIE NO.159TUE6284",EQUIPOS DE PRENSA RADIO Y TELEVISION,equipment,TRUE,1,1,active,Laboratorio
EQ-0548,EQUIPOS DE PRENSA; RADIO Y TELEVISION/RADIOS/RADIO TRANSMISOR - RECEPTOR/RECEPTOR FM ESTEREO,EQUIPOS DE PRENSA; RADIO Y TELEVISION/RADIOS/RADIO TRANSMISOR - RECEPTOR/RECEPTOR FM ESTEREO | Modelo: RECEPTOR FM ESTEREO DL2512A,EQUIPOS DE PRENSA RADIO Y TELEVISION,equipment,TRUE,1,1,active,Laboratorio
EQ-0553,RETROPROYECTOR MARCA DA-LITE-MODELO G-100-LT-SERIE NO.D214310,RETROPROYECTOR MARCA DA-LITE-MODELO G-100-LT-SERIE NO.D214310,EQUIPOS DE PRENSA RADIO Y TELEVISION,equipment,TRUE,1,1,active,Laboratorio
EQ-0554,RETROPROYECTOR MARCA DALITE-MODELO G200-SERIE D 07102,RETROPROYECTOR MARCA DALITE-MODELO G200-SERIE D 07102,EQUIPOS DE PRENSA RADIO Y TELEVISION,equipment,TRUE,1,1,active,Laboratorio
EQ-0555,EQUIPOS DE SEGURIDAD; VIGILANCIA Y CONTROL/EXTINTOR/EXTINTOR DE INCENDIOS DE 20 LBS.DE P.Q.S.-NO.EP9P-MARCA SFEME,EQUIPOS DE SEGURIDAD; VIGILANCIA Y CONTROL/EXTINTOR/EXTINTOR DE INCENDIOS DE 20 LBS.DE P.Q.S.-NO.EP9P-MARCA SFEME | Modelo: 102130,EQUIPOS DE SEGURIDAD VIGILANCIA Y CONTROL,equipment,TRUE,1,1,active,Laboratorio
EQ-0556,SINTETIZADOR DE RADIO FRECUENCIA 1HZ-1.2GHZ SERIE:SN 023051190 MODELO:HM8134 -3X MARCA:ROHDE&SCHWARZ,SINTETIZADOR DE RADIO FRECUENCIA 1HZ-1.2GHZ SERIE:SN 023051190 MODELO:HM8134 -3X MARCA:ROHDE&SCHWARZ,EQUIPOS E INSTRUMENTOS MUSICALES,equipment,TRUE,1,1,active,Laboratorio
EQ-0557,SINTETIZADOR DE RADIO FRECUENCIA 1HZ-1.2GHZ SERIE:SN 023768642 MODELO:HM8134 -3X MARCA:ROHDE&SCHWARZ,SINTETIZADOR DE RADIO FRECUENCIA 1HZ-1.2GHZ SERIE:SN 023768642 MODELO:HM8134 -3X MARCA:ROHDE&SCHWARZ,EQUIPOS E INSTRUMENTOS MUSICALES,equipment,TRUE,1,1,active,Laboratorio
EQ-0558,OSILOSCOPIO DIGITAL 100MHZ SERIE:SN 023506907 MODELO:HMO 1202 SERIES MARCA:ROHDE&SCHWARZ,OSILOSCOPIO DIGITAL 100MHZ SERIE:SN 023506907 MODELO:HMO 1202 SERIES MARCA:ROHDE&SCHWARZ,EQUIPOS MEDICO QUIRURGICOS,equipment,TRUE,1,1,active,Laboratorio
EQ-0559,OSILOSCOPIO DIGITAL 100MHZ SERIE:SN 023506908 MODELO:HMO 1202 SERIES MARCA:ROHDE&SCHWARZ,OSILOSCOPIO DIGITAL 100MHZ SERIE:SN 023506908 MODELO:HMO 1202 SERIES MARCA:ROHDE&SCHWARZ,EQUIPOS MEDICO QUIRURGICOS,equipment,TRUE,1,1,active,Laboratorio
EQ-0560,OSILOSCOPIO DIGITAL 100MHZ SERIE:SN 023506909 MODELO:HMO 1202 SERIES MARCA:ROHDE&SCHWARZ,OSILOSCOPIO DIGITAL 100MHZ SERIE:SN 023506909 MODELO:HMO 1202 SERIES MARCA:ROHDE&SCHWARZ,EQUIPOS MEDICO QUIRURGICOS,equipment,TRUE,1,1,active,Laboratorio
EQ-0561,OSILOSCOPIO DIGITAL 100MHZ SERIE:SN 023506910 MODELO:HMO 1202 SERIES MARCA:ROHDE&SCHWARZ,OSILOSCOPIO DIGITAL 100MHZ SERIE:SN 023506910 MODELO:HMO 1202 SERIES MARCA:ROHDE&SCHWARZ,EQUIPOS MEDICO QUIRURGICOS,equipment,TRUE,1,1,active,Laboratorio
EQ-0562,OSILOSCOPIO DIGITAL 100MHZ SERIE:SN 023506911 MODELO:HMO 1202 SERIES MARCA:ROHDE&SCHWARZ,OSILOSCOPIO DIGITAL 100MHZ SERIE:SN 023506911 MODELO:HMO 1202 SERIES MARCA:ROHDE&SCHWARZ,EQUIPOS MEDICO QUIRURGICOS,equipment,TRUE,1,1,active,Laboratorio
EQ-0563,OSILOSCOPIO DIGITAL 100MHZ SERIE:SN 023506912 MODELO:HMO 1202 SERIES MARCA:ROHDE&SCHWARZ,OSILOSCOPIO DIGITAL 100MHZ SERIE:SN 023506912 MODELO:HMO 1202 SERIES MARCA:ROHDE&SCHWARZ,EQUIPOS MEDICO QUIRURGICOS,equipment,TRUE,1,1,active,Laboratorio
EQ-0564,EQUIPOS MEDICO QUIRURGICOS/OSCILOSCOPIO/OSCILOSCOPIO HUNG CHUNG.HC-5502.SERIE NO.205374,EQUIPOS MEDICO QUIRURGICOS/OSCILOSCOPIO/OSCILOSCOPIO HUNG CHUNG.HC-5502.SERIE NO.205374,EQUIPOS MEDICO QUIRURGICOS,equipment,TRUE,1,1,active,Laboratorio
EQ-0565,EQUIPOS MEDICO QUIRURGICOS/OSCILOSCOPIO/OSCILOSCOPIO HUNG CHUNG.HC-5502.SERIE NO.205542,EQUIPOS MEDICO QUIRURGICOS/OSCILOSCOPIO/OSCILOSCOPIO HUNG CHUNG.HC-5502.SERIE NO.205542,EQUIPOS MEDICO QUIRURGICOS,equipment,TRUE,1,1,active,Laboratorio
EQ-0567,CABLE DE MEDICION COAXIAL MODELO VKD 75 5 M.,CABLE DE MEDICION COAXIAL MODELO VKD 75 5 M. | Modelo: S/M,KIT DE HERRAMIENTAS,equipment,TRUE,3,3,active,Laboratorio
EQ-0568,"KIT DE HERRAMIENTAS, MARCA FLUKE, MODELO 117, SERIE 43523451WS","KIT DE HERRAMIENTAS, MARCA FLUKE, MODELO 117, SERIE 43523451WS",KIT DE HERRAMIENTAS,equipment,TRUE,1,1,active,Laboratorio
EQ-0569,MALETA DE HERRAMIENTAS MANHATTAN PARA REDES LAN DE ALUMINIO (19 PIEZAS),MALETA DE HERRAMIENTAS MANHATTAN PARA REDES LAN DE ALUMINIO (19 PIEZAS) | Modelo: 463250,KIT DE HERRAMIENTAS,equipment,TRUE,1,1,active,Laboratorio
EQ-0570,TUBO DISTANCIADOR MODELO D,TUBO DISTANCIADOR MODELO D | Modelo: S/M,KIT DE HERRAMIENTAS,equipment,TRUE,7,7,active,Laboratorio
EQ-0571,LAMPARA DE SENALIZACION COLOR ROJO 120V.CON CAJA METALICA DE:10X8X7 CM.CON DOS BORNES DE CONEXION.,LAMPARA DE SENALIZACION COLOR ROJO 120V.CON CAJA METALICA DE:10X8X7 CM.CON DOS BORNES DE CONEXION. | Modelo: S/M,KIT PARA INSTALACION DE COMUNICACIONES,equipment,TRUE,3,3,active,Laboratorio
EQ-0572,LAMPARA DE SENALIZACION COLOR VERDE 120V.CON CAJA METALICA DE:10X8X7 CM.CON DOS BORNES DE CONEXION.,LAMPARA DE SENALIZACION COLOR VERDE 120V.CON CAJA METALICA DE:10X8X7 CM.CON DOS BORNES DE CONEXION. | Modelo: S/M,KIT PARA INSTALACION DE COMUNICACIONES,equipment,TRUE,3,3,active,Laboratorio
EQ-0573,"MEDIDOR DE AISLAMIENTO MEGOHMETRO MARCA AEMC INSTRUMENTS, MODELO 6550 10KV, SERIE NO. 193870QKDV","MEDIDOR DE AISLAMIENTO MEGOHMETRO MARCA AEMC INSTRUMENTS, MODELO 6550 10KV, SERIE NO. 193870QKDV",MEDIDORES,equipment,TRUE,1,1,active,Laboratorio
EQ-0574,MEGAHOMETRO DE MANIVELA PARA 5000V GOSSEN TIPO JK5000N Y CAB,MEGAHOMETRO DE MANIVELA PARA 5000V GOSSEN TIPO JK5000N Y CAB | Modelo: 102145,MEDIDORES,equipment,TRUE,1,1,active,Laboratorio
EQ-0575,"MULTIMETRO DIGITAL, MARCA FLUKE, MODELO 116, SERIE 42530885WS","MULTIMETRO DIGITAL, MARCA FLUKE, MODELO 116, SERIE 42530885WS",MULTIMETRO,equipment,TRUE,1,1,active,Laboratorio
EQ-0576,MULTIMETRO DIGITAL AUTORANGO FRECUENCIA 20 KHZ MARCA FLUKE MODELO 76 SERIE 67310883,MULTIMETRO DIGITAL AUTORANGO FRECUENCIA 20 KHZ MARCA FLUKE MODELO 76 SERIE 67310883,MULTIMETRO,equipment,TRUE,1,1,active,Laboratorio
EQ-0577,MULTIMETRO DIGITAL DE 3-1/2 DIGITOS RANGOS DE VOLTAJE 1000 VDC 750 VAC CORRIENTE 10 A AC/DC RESISTENCIA DE 200 MARCA BKTOOLKIT MODELO 2707 SERIE NO.263000846,MULTIMETRO DIGITAL DE 3-1/2 DIGITOS RANGOS DE VOLTAJE 1000 VDC 750 VAC CORRIENTE 10 A AC/DC RESISTENCIA DE 200 MARCA BKTOOLKIT MODELO 2707 SERIE NO.263000846 | Modelo: 2707AG,MULTIMETRO,equipment,TRUE,1,1,active,Laboratorio
EQ-0578,MULTIMETRO DIGITAL HUNG CHANG MODELO HC5010-C,MULTIMETRO DIGITAL HUNG CHANG MODELO HC5010-C,MULTIMETRO,equipment,TRUE,2,2,active,Laboratorio
EQ-0579,HERRAMIENTAS DE USO ESPECIALIZADO/MULTIPROBADOR/PROBADOR INTELLINET GENERADOR DE TONO,HERRAMIENTAS DE USO ESPECIALIZADO/MULTIPROBADOR/PROBADOR INTELLINET GENERADOR DE TONO | Modelo: 463240,MULTIPROBADOR,equipment,TRUE,1,1,active,Laboratorio
EQ-0580,HERRAMIENTAS MENORES/CONDENSADOR/CONDENSADOR AJUSTABLE MONOFASICO-TRIFASICO-DL-2021,HERRAMIENTAS MENORES/CONDENSADOR/CONDENSADOR AJUSTABLE MONOFASICO-TRIFASICO-DL-2021,HERRAMIENTAS MENORES,equipment,TRUE,1,1,active,Laboratorio
EQ-0581,TABLERO DE CONTROL INDUSTRIAL SIEMENS PARA LOGO 230RCE,TABLERO DE CONTROL INDUSTRIAL SIEMENS PARA LOGO 230RCE | Modelo: SIN/MODELO,MAQUINARIA Y EQUIPO PARA LA CONSTRUCCION INDUSTRIA Y MINERIA,equipment,TRUE,4,4,active,Laboratorio
EQ-0582,TABLERO DE CONTROL INDUSTRIAL SIEMENS PARA S7/1500CPU 1512C-1 PN,TABLERO DE CONTROL INDUSTRIAL SIEMENS PARA S7/1500CPU 1512C-1 PN | Modelo: SIN/MODELO,MAQUINARIA Y EQUIPO PARA LA CONSTRUCCION INDUSTRIA Y MINERIA,equipment,TRUE,2,2,active,Laboratorio
EQ-0583,MAQUINARIA Y EQUIPO PARA LA CONSTRUCCION; INDUSTRIA Y MINERIA/FOTOTACOMETRO/OPTOTACOMETRO DIGITAL TACHO-MODELO DT-2234A-SERIE NO.L 092914-EN ESTRUCHE DE PLASTICO COLOR NEGRO.,MAQUINARIA Y EQUIPO PARA LA CONSTRUCCION; INDUSTRIA Y MINERIA/FOTOTACOMETRO/OPTOTACOMETRO DIGITAL TACHO-MODELO DT-2234A-SERIE NO.L 092914-EN ESTRUCHE DE PLASTICO COLOR NEGRO.,MAQUINARIA Y EQUIPO PARA LA CONSTRUCCION INDUSTRIA Y MINERIA,equipment,TRUE,1,1,active,Laboratorio
EQ-0584,"FUENTE DE PODER REGULABLE MARCA HYELEC, MODELO HY3003, SERIE 310655","FUENTE DE PODER REGULABLE MARCA HYELEC, MODELO HY3003, SERIE 310655",MAQUINARIA Y EQUIPO PARA LA CONSTRUCCION INDUSTRIA Y MINERIA,equipment,TRUE,1,1,active,Laboratorio
EQ-0585,"FUENTE DE PODER REGULABLE MARCA HYELEC, MODELO HY3003, SERIE 310661","FUENTE DE PODER REGULABLE MARCA HYELEC, MODELO HY3003, SERIE 310661",MAQUINARIA Y EQUIPO PARA LA CONSTRUCCION INDUSTRIA Y MINERIA,equipment,TRUE,1,1,active,Laboratorio
EQ-0586,"FUENTE DE PODER REGULABLE MARCA HYELEC, MODELO HY3003, SERIE 310665","FUENTE DE PODER REGULABLE MARCA HYELEC, MODELO HY3003, SERIE 310665",MAQUINARIA Y EQUIPO PARA LA CONSTRUCCION INDUSTRIA Y MINERIA,equipment,TRUE,1,1,active,Laboratorio
EQ-0587,"FUENTE DE PODER REGULABLE MARCA HYELEC, MODELO HY3003, SERIE 310669","FUENTE DE PODER REGULABLE MARCA HYELEC, MODELO HY3003, SERIE 310669",MAQUINARIA Y EQUIPO PARA LA CONSTRUCCION INDUSTRIA Y MINERIA,equipment,TRUE,1,1,active,Laboratorio
EQ-0588,"FUENTE DE PODER REGULABLE MARCA HYELEC, MODELO HY3003, SERIE 310670","FUENTE DE PODER REGULABLE MARCA HYELEC, MODELO HY3003, SERIE 310670",MAQUINARIA Y EQUIPO PARA LA CONSTRUCCION INDUSTRIA Y MINERIA,equipment,TRUE,1,1,active,Laboratorio
EQ-0589,"FUENTE DE PODER REGULABLE MARCA LONG WEI, MODELO PS-305DM, SERIE 170803800","FUENTE DE PODER REGULABLE MARCA LONG WEI, MODELO PS-305DM, SERIE 170803800",MAQUINARIA Y EQUIPO PARA LA CONSTRUCCION INDUSTRIA Y MINERIA,equipment,TRUE,1,1,active,Laboratorio
EQ-0590,"FUENTE DE PODER REGULABLE MARCA LONG WEI, MODELO PS-305DM, SERIE 170804173","FUENTE DE PODER REGULABLE MARCA LONG WEI, MODELO PS-305DM, SERIE 170804173",MAQUINARIA Y EQUIPO PARA LA CONSTRUCCION INDUSTRIA Y MINERIA,equipment,TRUE,1,1,active,Laboratorio
EQ-0591,"FUENTE DE PODER REGULABLE MARCA LONG WEI, MODELO PS-305DM, SERIE 170804264","FUENTE DE PODER REGULABLE MARCA LONG WEI, MODELO PS-305DM, SERIE 170804264",MAQUINARIA Y EQUIPO PARA LA CONSTRUCCION INDUSTRIA Y MINERIA,equipment,TRUE,1,1,active,Laboratorio
EQ-0592,FUENTE DE PODER REGULABLE MODELO 305D,FUENTE DE PODER REGULABLE MODELO 305D,MAQUINARIA Y EQUIPO PARA LA CONSTRUCCION INDUSTRIA Y MINERIA,equipment,TRUE,1,1,active,Laboratorio
EQ-0593,MEDIDOR DE RESISTENCIA DE TIERRA-NOS.DQ68 Y DQ69-TIPO MTA2,MEDIDOR DE RESISTENCIA DE TIERRA-NOS.DQ68 Y DQ69-TIPO MTA2 | Modelo: 102144,MAQUINARIA Y EQUIPO PARA LA CONSTRUCCION INDUSTRIA Y MINERIA,equipment,TRUE,2,2,active,Laboratorio
EQ-0594,MAQUINARIA Y EQUIPO PARA LA CONSTRUCCION; INDUSTRIA Y MINERIA/PINZA AMPERIMETRICA/PINZA AMPERIMETRICA SERIE:145353MGDV MARCA:AEMC MODELO:SR 182 ADICIONAL UNA PINZA AMPERIMETRICA SERIE:145348MGDV,MAQUINARIA Y EQUIPO PARA LA CONSTRUCCION; INDUSTRIA Y MINERIA/PINZA AMPERIMETRICA/PINZA AMPERIMETRICA SERIE:145353MGDV MARCA:AEMC MODELO:SR 182 ADICIONAL UNA PINZA AMPERIMETRICA SERIE:145348MGDV,MAQUINARIA Y EQUIPO PARA LA CONSTRUCCION INDUSTRIA Y MINERIA,equipment,TRUE,1,1,active,Laboratorio
EQ-0595,MAQUINARIA Y EQUIPO PARA LA CONSTRUCCION; INDUSTRIA Y MINERIA/PINZA AMPERIMETRICA/PINZA AMPEROMETRICA Y ANALIZADOR DE POTENCIA MARCA EXTECH- MODELO 38GD75,MAQUINARIA Y EQUIPO PARA LA CONSTRUCCION; INDUSTRIA Y MINERIA/PINZA AMPERIMETRICA/PINZA AMPEROMETRICA Y ANALIZADOR DE POTENCIA MARCA EXTECH- MODELO 38GD75,MAQUINARIA Y EQUIPO PARA LA CONSTRUCCION INDUSTRIA Y MINERIA,equipment,TRUE,1,1,active,Laboratorio
EQ-0596,"TESTER (PINZA DE RESISTENCIA DE TIERRA) MARCA AEMC, MODELO 6417, SERIE 108752RLDV","TESTER (PINZA DE RESISTENCIA DE TIERRA) MARCA AEMC, MODELO 6417, SERIE 108752RLDV",MAQUINARIA Y EQUIPO PARA LA CONSTRUCCION INDUSTRIA Y MINERIA,equipment,TRUE,1,1,active,Laboratorio
EQ-0597,MAQUINARIA Y EQUIPO PARA LA CONSTRUCCION; INDUSTRIA Y MINERIA/TRANSDUCTOR/TRANSDUCTOR DE PRESION ABSOLUTA PIEZO ELECTRICO MARCA KOBOLD- SERIE NO. V242153,MAQUINARIA Y EQUIPO PARA LA CONSTRUCCION; INDUSTRIA Y MINERIA/TRANSDUCTOR/TRANSDUCTOR DE PRESION ABSOLUTA PIEZO ELECTRICO MARCA KOBOLD- SERIE NO. V242153 | Modelo: 268449,MAQUINARIA Y EQUIPO PARA LA CONSTRUCCION INDUSTRIA Y MINERIA,equipment,TRUE,1,1,active,Laboratorio
EQ-0598,"VOLTAMPERIMETRO MONOFASICO MARCA ETCR, MODELO ETCR 4200A AUTO DOUBLE CLAMP DIGITAL PHASE VA METER, SERIE 42240001","VOLTAMPERIMETRO MONOFASICO MARCA ETCR, MODELO ETCR 4200A AUTO DOUBLE CLAMP DIGITAL PHASE VA METER, SERIE 42240001",MAQUINARIA Y EQUIPO PARA LA CONSTRUCCION INDUSTRIA Y MINERIA,equipment,TRUE,1,1,active,Laboratorio
EQ-0599,"VOLTAMPERIMETRO MONOFASICO MARCA ETCR, MODELO ETCR 4200A AUTO DOUBLE CLAMP DIGITAL PHASE VA METER, SERIE 42240002","VOLTAMPERIMETRO MONOFASICO MARCA ETCR, MODELO ETCR 4200A AUTO DOUBLE CLAMP DIGITAL PHASE VA METER, SERIE 42240002",MAQUINARIA Y EQUIPO PARA LA CONSTRUCCION INDUSTRIA Y MINERIA,equipment,TRUE,1,1,active,Laboratorio
EQ-0600,"VOLTAMPERIMETRO MONOFASICO MARCA ETCR, MODELO ETCR 4200A AUTO DOUBLE CLAMP DIGITAL PHASE VA METER, SERIE 42240004","VOLTAMPERIMETRO MONOFASICO MARCA ETCR, MODELO ETCR 4200A AUTO DOUBLE CLAMP DIGITAL PHASE VA METER, SERIE 42240004",MAQUINARIA Y EQUIPO PARA LA CONSTRUCCION INDUSTRIA Y MINERIA,equipment,TRUE,1,1,active,Laboratorio
EQ-0601,"VOLTAMPERIMETRO MONOFASICO MARCA ETCR, MODELO ETCR 4200A AUTO DOUBLE CLAMP DIGITAL PHASE VA METER, SERIE 42240005","VOLTAMPERIMETRO MONOFASICO MARCA ETCR, MODELO ETCR 4200A AUTO DOUBLE CLAMP DIGITAL PHASE VA METER, SERIE 42240005",MAQUINARIA Y EQUIPO PARA LA CONSTRUCCION INDUSTRIA Y MINERIA,equipment,TRUE,1,1,active,Laboratorio
EQ-0602,"VOLTAMPERIMETRO MONOFASICO MARCA ETCR, MODELO ETCR 4200A AUTO DOUBLE CLAMP DIGITAL PHASE VA METER, SERIE 42240006","VOLTAMPERIMETRO MONOFASICO MARCA ETCR, MODELO ETCR 4200A AUTO DOUBLE CLAMP DIGITAL PHASE VA METER, SERIE 42240006",MAQUINARIA Y EQUIPO PARA LA CONSTRUCCION INDUSTRIA Y MINERIA,equipment,TRUE,1,1,active,Laboratorio
EQ-0603,"VOLTAMPERIMETRO TRIFASICO MARCA ETCR, MODELO ETCR 4700 AUTO THREE PHASE DIGITAL PHASE VA METER SERIE 47150019","VOLTAMPERIMETRO TRIFASICO MARCA ETCR, MODELO ETCR 4700 AUTO THREE PHASE DIGITAL PHASE VA METER SERIE 47150019",MAQUINARIA Y EQUIPO PARA LA CONSTRUCCION INDUSTRIA Y MINERIA,equipment,TRUE,1,1,active,Laboratorio
EQ-0604,"VOLTAMPERIMETRO TRIFASICO MARCA ETCR, MODELO ETCR 4700 AUTO THREE PHASE DIGITAL PHASE VA METER, SERIE 47150015","VOLTAMPERIMETRO TRIFASICO MARCA ETCR, MODELO ETCR 4700 AUTO THREE PHASE DIGITAL PHASE VA METER, SERIE 47150015",MAQUINARIA Y EQUIPO PARA LA CONSTRUCCION INDUSTRIA Y MINERIA,equipment,TRUE,1,1,active,Laboratorio
EQ-0605,"VOLTAMPERIMETRO TRIFASICO MARCA ETCR, MODELO ETCR 4700 AUTO THREE PHASE DIGITAL PHASE VA METER, SERIE 47150016","VOLTAMPERIMETRO TRIFASICO MARCA ETCR, MODELO ETCR 4700 AUTO THREE PHASE DIGITAL PHASE VA METER, SERIE 47150016",MAQUINARIA Y EQUIPO PARA LA CONSTRUCCION INDUSTRIA Y MINERIA,equipment,TRUE,1,1,active,Laboratorio
EQ-0606,"VOLTAMPERIMETRO TRIFASICO MARCA ETCR, MODELO ETCR 4700 AUTO THREE PHASE DIGITAL PHASE VA METER, SERIE 47150017","VOLTAMPERIMETRO TRIFASICO MARCA ETCR, MODELO ETCR 4700 AUTO THREE PHASE DIGITAL PHASE VA METER, SERIE 47150017",MAQUINARIA Y EQUIPO PARA LA CONSTRUCCION INDUSTRIA Y MINERIA,equipment,TRUE,1,1,active,Laboratorio
EQ-0607,"VOLTAMPERIMETRO TRIFASICO MARCA ETCR, MODELO ETCR 4700 AUTO THREE PHASE DIGITAL PHASE VA METER, SERIE 47150018","VOLTAMPERIMETRO TRIFASICO MARCA ETCR, MODELO ETCR 4700 AUTO THREE PHASE DIGITAL PHASE VA METER, SERIE 47150018",MAQUINARIA Y EQUIPO PARA LA CONSTRUCCION INDUSTRIA Y MINERIA,equipment,TRUE,1,1,active,Laboratorio
EQ-0608,BIBLIOTECA DE 5 ESPACIOS DE 90CM DE LONGITUD X 60CM DE FONDO Y 210CM DE ALTO CON DOS PUERTAS DE MELAMINA Y 2 PUERTAS DE VIDRIO CON SEGURIDAD 1,BIBLIOTECA DE 5 ESPACIOS DE 90CM DE LONGITUD X 60CM DE FONDO Y 210CM DE ALTO CON DOS PUERTAS DE MELAMINA Y 2 PUERTAS DE VIDRIO CON SEGURIDAD 1 | Modelo: 356034,MUEBLES DE BIBLIOTECA,equipment,TRUE,1,1,active,Laboratorio
EQ-0609,BIBLIOTECA DE 5 ESPACIOS DE 90CM DE LONGITUD X 60CM DE FONDO Y 210CM DE ALTO CON DOS PUERTAS DE MELAMINA Y 2 PUERTAS DE VIDRIO CON SEGURIDAD 10,BIBLIOTECA DE 5 ESPACIOS DE 90CM DE LONGITUD X 60CM DE FONDO Y 210CM DE ALTO CON DOS PUERTAS DE MELAMINA Y 2 PUERTAS DE VIDRIO CON SEGURIDAD 10 | Modelo: 356043,MUEBLES DE BIBLIOTECA,equipment,TRUE,1,1,active,Laboratorio
EQ-0610,BIBLIOTECA DE 5 ESPACIOS DE 90CM DE LONGITUD X 60CM DE FONDO Y 210CM DE ALTO CON DOS PUERTAS DE MELAMINA Y 2 PUERTAS DE VIDRIO CON SEGURIDAD 2,BIBLIOTECA DE 5 ESPACIOS DE 90CM DE LONGITUD X 60CM DE FONDO Y 210CM DE ALTO CON DOS PUERTAS DE MELAMINA Y 2 PUERTAS DE VIDRIO CON SEGURIDAD 2 | Modelo: 356035,MUEBLES DE BIBLIOTECA,equipment,TRUE,1,1,active,Laboratorio
EQ-0611,BIBLIOTECA DE 5 ESPACIOS DE 90CM DE LONGITUD X 60CM DE FONDO Y 210CM DE ALTO CON DOS PUERTAS DE MELAMINA Y 2 PUERTAS DE VIDRIO CON SEGURIDAD 3,BIBLIOTECA DE 5 ESPACIOS DE 90CM DE LONGITUD X 60CM DE FONDO Y 210CM DE ALTO CON DOS PUERTAS DE MELAMINA Y 2 PUERTAS DE VIDRIO CON SEGURIDAD 3 | Modelo: 356036,MUEBLES DE BIBLIOTECA,equipment,TRUE,1,1,active,Laboratorio
EQ-0612,BIBLIOTECA DE 5 ESPACIOS DE 90CM DE LONGITUD X 60CM DE FONDO Y 210CM DE ALTO CON DOS PUERTAS DE MELAMINA Y 2 PUERTAS DE VIDRIO CON SEGURIDAD 4,BIBLIOTECA DE 5 ESPACIOS DE 90CM DE LONGITUD X 60CM DE FONDO Y 210CM DE ALTO CON DOS PUERTAS DE MELAMINA Y 2 PUERTAS DE VIDRIO CON SEGURIDAD 4 | Modelo: 356037,MUEBLES DE BIBLIOTECA,equipment,TRUE,1,1,active,Laboratorio
EQ-0613,BIBLIOTECA DE 5 ESPACIOS DE 90CM DE LONGITUD X 60CM DE FONDO Y 210CM DE ALTO CON DOS PUERTAS DE MELAMINA Y 2 PUERTAS DE VIDRIO CON SEGURIDAD 5,BIBLIOTECA DE 5 ESPACIOS DE 90CM DE LONGITUD X 60CM DE FONDO Y 210CM DE ALTO CON DOS PUERTAS DE MELAMINA Y 2 PUERTAS DE VIDRIO CON SEGURIDAD 5 | Modelo: 356038,MUEBLES DE BIBLIOTECA,equipment,TRUE,1,1,active,Laboratorio
EQ-0614,BIBLIOTECA DE 5 ESPACIOS DE 90CM DE LONGITUD X 60CM DE FONDO Y 210CM DE ALTO CON DOS PUERTAS DE MELAMINA Y 2 PUERTAS DE VIDRIO CON SEGURIDAD 6,BIBLIOTECA DE 5 ESPACIOS DE 90CM DE LONGITUD X 60CM DE FONDO Y 210CM DE ALTO CON DOS PUERTAS DE MELAMINA Y 2 PUERTAS DE VIDRIO CON SEGURIDAD 6 | Modelo: 356039,MUEBLES DE BIBLIOTECA,equipment,TRUE,1,1,active,Laboratorio
EQ-0615,BIBLIOTECA DE 5 ESPACIOS DE 90CM DE LONGITUD X 60CM DE FONDO Y 210CM DE ALTO CON DOS PUERTAS DE MELAMINA Y 2 PUERTAS DE VIDRIO CON SEGURIDAD 7,BIBLIOTECA DE 5 ESPACIOS DE 90CM DE LONGITUD X 60CM DE FONDO Y 210CM DE ALTO CON DOS PUERTAS DE MELAMINA Y 2 PUERTAS DE VIDRIO CON SEGURIDAD 7 | Modelo: 356040,MUEBLES DE BIBLIOTECA,equipment,TRUE,1,1,active,Laboratorio
EQ-0616,BIBLIOTECA DE 5 ESPACIOS DE 90CM DE LONGITUD X 60CM DE FONDO Y 210CM DE ALTO CON DOS PUERTAS DE MELAMINA Y 2 PUERTAS DE VIDRIO CON SEGURIDAD 8,BIBLIOTECA DE 5 ESPACIOS DE 90CM DE LONGITUD X 60CM DE FONDO Y 210CM DE ALTO CON DOS PUERTAS DE MELAMINA Y 2 PUERTAS DE VIDRIO CON SEGURIDAD 8 | Modelo: 356041,MUEBLES DE BIBLIOTECA,equipment,TRUE,1,1,active,Laboratorio
EQ-0617,BIBLIOTECA DE 5 ESPACIOS DE 90CM DE LONGITUD X 60CM DE FONDO Y 210CM DE ALTO CON DOS PUERTAS DE MELAMINA Y 2 PUERTAS DE VIDRIO CON SEGURIDAD 9,BIBLIOTECA DE 5 ESPACIOS DE 90CM DE LONGITUD X 60CM DE FONDO Y 210CM DE ALTO CON DOS PUERTAS DE MELAMINA Y 2 PUERTAS DE VIDRIO CON SEGURIDAD 9 | Modelo: 356042,MUEBLES DE BIBLIOTECA,equipment,TRUE,1,1,active,Laboratorio
EQ-0618,ESCRITORIO DE TABLERO FORMICADO COLOR GRIS CON TABLERO PARA TECLADO PASACABLES DE: 125CM X 61CM X 75CM,ESCRITORIO DE TABLERO FORMICADO COLOR GRIS CON TABLERO PARA TECLADO PASACABLES DE: 125CM X 61CM X 75CM | Modelo: 93006,MUEBLES DE OFICINA,equipment,TRUE,1,1,active,Laboratorio
EQ-0619,ESCRITORIO ESTRUCTURA DE HIERRO TABLERO DE MADERA FORRADO CON COROSIL NEGRO TIPO SECRETARIA,ESCRITORIO ESTRUCTURA DE HIERRO TABLERO DE MADERA FORRADO CON COROSIL NEGRO TIPO SECRETARIA | Modelo: 92318,MUEBLES DE OFICINA,equipment,TRUE,1,1,active,Laboratorio
EQ-0620,ESCRITORIO ESTRUCTURA DE TUBO CUADRADO DE 1 TABLERO DE MADERA FORRADO CON COROSIL NEGRO DE: 119X59X66 CM.,ESCRITORIO ESTRUCTURA DE TUBO CUADRADO DE 1 TABLERO DE MADERA FORRADO CON COROSIL NEGRO DE: 119X59X66 CM. | Modelo: 245157,MUEBLES DE OFICINA,equipment,TRUE,1,1,active,Laboratorio
EQ-0621,ESTACION DE TRABAJO MELAMINICO 150x150x60,ESTACION DE TRABAJO MELAMINICO 150x150x60,MUEBLES DE OFICINA,equipment,TRUE,2,2,active,Laboratorio
EQ-0622,MUEBLES DE OFICINA/ESTACION DE TRABAJO/MIXTO/ESTACION DE TRABAJO DE 150X150X60CM CON PEDESTALES TUBULARES FALDON Y CAJONERA METALICA DE DOS GAVETAS Y UN ARCHIVO CON SEGURIDAD SUPERFICIE DE MADERA DE 25MM CON SISTEMA PASACABLES Y PORTATECLADO CORREDIZO 19,MUEBLES DE OFICINA/ESTACION DE TRABAJO/MIXTO/ESTACION DE TRABAJO DE 150X150X60CM CON PEDESTALES TUBULARES FALDON Y CAJONERA METALICA DE DOS GAVETAS Y UN ARCHIVO CON SEGURIDAD SUPERFICIE DE MADERA DE 25MM CON SISTEMA PASACABLES Y PORTATECLADO CORREDIZO 19 | Modelo: 462785,MUEBLES DE OFICINA,equipment,TRUE,1,1,active,Laboratorio
EQ-0623,MUEBLES DE OFICINA/ESTACION DE TRABAJO/MIXTO/ESTACION DE TRABAJO TABLERO MELAMINICO COLOR GRIS DE: 18OCM X 170CM TABLERO CORREDIZO PARA TECLADO 2 GAVETAS Y ARCHIVADOR,MUEBLES DE OFICINA/ESTACION DE TRABAJO/MIXTO/ESTACION DE TRABAJO TABLERO MELAMINICO COLOR GRIS DE: 18OCM X 170CM TABLERO CORREDIZO PARA TECLADO 2 GAVETAS Y ARCHIVADOR | Modelo: 102177,MUEBLES DE OFICINA,equipment,TRUE,1,1,active,Laboratorio
EQ-0624,MUEBLES DE OFICINA/ESTANTERIA/MADERA/ESTANTE DE MADERA CONTRACHAPADA DE DOS CUERPOS 184 CM.ALTO 177CM X 55CM,MUEBLES DE OFICINA/ESTANTERIA/MADERA/ESTANTE DE MADERA CONTRACHAPADA DE DOS CUERPOS 184 CM.ALTO 177CM X 55CM | Modelo: 102141,MUEBLES DE OFICINA,equipment,TRUE,1,1,active,Laboratorio
EQ-0625,ESTANTE MELAMINICO 3 ESPACIOS CON PUERTA EN LA PARTE INFERIOR DE: 198CM X 90CM X 40CM,ESTANTE MELAMINICO 3 ESPACIOS CON PUERTA EN LA PARTE INFERIOR DE: 198CM X 90CM X 40CM | Modelo: 102179,MUEBLES DE OFICINA,equipment,TRUE,3,3,active,Laboratorio
EQ-0626,MUEBLES DE OFICINA/ESTANTERIA/MIXTO/ESTANTE DE TABLERO AGLOMERADO FORRADO CON MELAMINE DOCE ESPACIOS CON CUATRO PUERTAS CORREDIZAS DE VIDRIO DE 200X222X43 CM.,MUEBLES DE OFICINA/ESTANTERIA/MIXTO/ESTANTE DE TABLERO AGLOMERADO FORRADO CON MELAMINE DOCE ESPACIOS CON CUATRO PUERTAS CORREDIZAS DE VIDRIO DE 200X222X43 CM. | Modelo: 446132,MUEBLES DE OFICINA,equipment,TRUE,1,1,active,Laboratorio
EQ-0627,MUEBLES DE OFICINA/FRANELOGRAFO/FRANELOGRAFO EN MADERA CONTRACHAPADA DE 9 MM. FORRADO CON PANO COLOR VERDE DE:150X80 CM.,MUEBLES DE OFICINA/FRANELOGRAFO/FRANELOGRAFO EN MADERA CONTRACHAPADA DE 9 MM. FORRADO CON PANO COLOR VERDE DE:150X80 CM. | Modelo: 102172,MUEBLES DE OFICINA,equipment,TRUE,1,1,active,Laboratorio
EQ-0628,MUEBLES DE OFICINA/LAMPARA/DE EXTERIORES/LAMPARA DE SENALIZACION COLOR ROJO 120V.CON CAJA METALICA DE:10X8X7 CM.CON DOS BORNES DE CONEXION.,MUEBLES DE OFICINA/LAMPARA/DE EXTERIORES/LAMPARA DE SENALIZACION COLOR ROJO 120V.CON CAJA METALICA DE:10X8X7 CM.CON DOS BORNES DE CONEXION. | Modelo: S/M,MUEBLES DE OFICINA,equipment,TRUE,1,1,active,Laboratorio
EQ-0629,MUEBLES DE OFICINA/LAMPARA/DE EXTERIORES/LAMPARA DE SENALIZACION COLOR VERDE 120V.CON CAJA METALICA DE:10X8X7 CM.CON DOS BORNES DE CONEXION.,MUEBLES DE OFICINA/LAMPARA/DE EXTERIORES/LAMPARA DE SENALIZACION COLOR VERDE 120V.CON CAJA METALICA DE:10X8X7 CM.CON DOS BORNES DE CONEXION. | Modelo: S/M,MUEBLES DE OFICINA,equipment,TRUE,1,1,active,Laboratorio
EQ-0630,MESAS ESPECIALES PARA COMPUTADORA TABLERO FORMICADO COLOR GRIS CON 2 TABLEROS PARA TECLADO 2 BASES DE C.P.U. 3 PASACABLES DE 230 CM X 60CM X 74CM,MESAS ESPECIALES PARA COMPUTADORA TABLERO FORMICADO COLOR GRIS CON 2 TABLEROS PARA TECLADO 2 BASES DE C.P.U. 3 PASACABLES DE 230 CM X 60CM X 74CM | Modelo: 93004,MUEBLES DE OFICINA,equipment,TRUE,9,9,active,Laboratorio
EQ-0631,MUEBLES DE OFICINA/MESA DE REUNION/MELAMINICO/MESA DE REUNIONES TABLERO MELAMINICO COLOR GRIS DE 160CM X 90CM,MUEBLES DE OFICINA/MESA DE REUNION/MELAMINICO/MESA DE REUNIONES TABLERO MELAMINICO COLOR GRIS DE 160CM X 90CM | Modelo: 102178,MUEBLES DE OFICINA,equipment,TRUE,1,1,active,Laboratorio
EQ-0632,MUEBLES DE OFICINA/MESA DE TRABAJO/MADERA/MESA DE MADERA DE PINO LACADO AL NATURAL DE:150X80X75 CM.,MUEBLES DE OFICINA/MESA DE TRABAJO/MADERA/MESA DE MADERA DE PINO LACADO AL NATURAL DE:150X80X75 CM. | Modelo: 102151,MUEBLES DE OFICINA,equipment,TRUE,1,1,active,Laboratorio
EQ-0633,MODULO PARA COMPUTADOR ESTRUCTURA DE TUBO CUADRADO DE 3/4 X 1-1/2 TABLERO DE MADERA CONTRACHAPADA DE 15MM CON UNA GAVETA TABLERO PARA TECLADO Y TABLERO INTERMEDIO PARA PAPEL DE:120 CM X 70 CM X 71.5 CM DE ALTO,MODULO PARA COMPUTADOR ESTRUCTURA DE TUBO CUADRADO DE 3/4 X 1-1/2 TABLERO DE MADERA CONTRACHAPADA DE 15MM CON UNA GAVETA TABLERO PARA TECLADO Y TABLERO INTERMEDIO PARA PAPEL DE:120 CM X 70 CM X 71.5 CM DE ALTO | Modelo: 92885,MUEBLES DE OFICINA,equipment,TRUE,1,1,active,Laboratorio
EQ-0634,MUEBLES DE OFICINA/MESA RECTANGULAR/MADERA/MESA DE MADERA DE CEDRO DOBLE TABLERO.80 X 50 X 68CM.,MUEBLES DE OFICINA/MESA RECTANGULAR/MADERA/MESA DE MADERA DE CEDRO DOBLE TABLERO.80 X 50 X 68CM. | Modelo: 111687,MUEBLES DE OFICINA,equipment,TRUE,1,1,active,Laboratorio
EQ-0635,MESA ESTRUCTURA DE HIERRO CON TABLERO DE MADERA FORRADA CON FORMICA DE:246X72X75 CM.,MESA ESTRUCTURA DE HIERRO CON TABLERO DE MADERA FORRADA CON FORMICA DE:246X72X75 CM. | Modelo: 259757,MUEBLES DE OFICINA,equipment,TRUE,1,1,active,Laboratorio
EQ-0636,MESA ESTRUCTURA DE HIERRO CON TABLERO DE MADERA FORRADA CON FORMICA DE:256X72X75 CM.,MESA ESTRUCTURA DE HIERRO CON TABLERO DE MADERA FORRADA CON FORMICA DE:256X72X75 CM. | Modelo: 259756,MUEBLES DE OFICINA,equipment,TRUE,1,1,active,Laboratorio
EQ-0637,MESA ESTRUCTURA DE HIERRO CON TABLERO DE MADERA FORRADA CON FORMICA DE:285X72X75 CM.,MESA ESTRUCTURA DE HIERRO CON TABLERO DE MADERA FORRADA CON FORMICA DE:285X72X75 CM. | Modelo: 259892,MUEBLES DE OFICINA,equipment,TRUE,1,1,active,Laboratorio
EQ-0638,MESA ESTRUCTURA DE HIERRO CON TABLERO DE MADERA FORRADA CON FORMICA DE:288X72X75 CM.,MESA ESTRUCTURA DE HIERRO CON TABLERO DE MADERA FORRADA CON FORMICA DE:288X72X75 CM. | Modelo: 259750,MUEBLES DE OFICINA,equipment,TRUE,1,1,active,Laboratorio
EQ-0639,MESA ESTRUCTURA DE HIERRO CON TABLERO DE MADERA FORRADA CON FORMICA DE:302X72X75 CM.,MESA ESTRUCTURA DE HIERRO CON TABLERO DE MADERA FORRADA CON FORMICA DE:302X72X75 CM. | Modelo: 259755,MUEBLES DE OFICINA,equipment,TRUE,1,1,active,Laboratorio
EQ-0640,MUEBLES DE OFICINA/MODULAR/MADERA/MUEBLE ESTRUCTURA DE MADERA DE CEDRO CON TABLERO DE 12 MM Y TRASTAPAS DE 4 MM DE MADERA CONTRACHAPADA CON 16 GAVETAS CON DIVISIONES INTERNAS DE 61.8 CM X 119.8 CM X 101 CM DE ALTO,MUEBLES DE OFICINA/MODULAR/MADERA/MUEBLE ESTRUCTURA DE MADERA DE CEDRO CON TABLERO DE 12 MM Y TRASTAPAS DE 4 MM DE MADERA CONTRACHAPADA CON 16 GAVETAS CON DIVISIONES INTERNAS DE 61.8 CM X 119.8 CM X 101 CM DE ALTO | Modelo: 99035,MUEBLES DE OFICINA,equipment,TRUE,1,1,active,Laboratorio
EQ-0641,MUEBLES DE OFICINA/MODULAR/MADERA/MUEBLE ESTRUCTURA DE MADERA DE CEDRO FORRADO CON TABLEROS DE MADERA CONTRACHAPADA DE:206CM. DE LARGO X 176CM. DE ALTO X 40CM. DE FONDO CON 16 CASILLEROS,MUEBLES DE OFICINA/MODULAR/MADERA/MUEBLE ESTRUCTURA DE MADERA DE CEDRO FORRADO CON TABLEROS DE MADERA CONTRACHAPADA DE:206CM. DE LARGO X 176CM. DE ALTO X 40CM. DE FONDO CON 16 CASILLEROS | Modelo: 285480,MUEBLES DE OFICINA,equipment,TRUE,1,1,active,Laboratorio
EQ-0642,SILLA ARMAZON METALICO ASIENTO Y ESPALDAR DE MADERA COROSIL NEGRO,SILLA ARMAZON METALICO ASIENTO Y ESPALDAR DE MADERA COROSIL NEGRO | Modelo: 446590,MUEBLES DE OFICINA,equipment,TRUE,5,5,active,Laboratorio
EQ-0643,SILLA DE CONFERENCIA ALTA REF.S 313,SILLA DE CONFERENCIA ALTA REF.S 313 | Modelo: 377307,MUEBLES DE OFICINA,equipment,TRUE,2,2,active,Laboratorio
EQ-0644,SILLA ESTRUCTURA DE HIERRO TABLERO Y ASIENTO FORRADO CON COROSIL,SILLA ESTRUCTURA DE HIERRO TABLERO Y ASIENTO FORRADO CON COROSIL | Modelo: 377333,MUEBLES DE OFICINA,equipment,TRUE,2,2,active,Laboratorio
EQ-0645,SILLA ESTRUCTURA DE TUBO CUADRADO ASIENTO Y ESPALDAR FORRADO CON COROSIL COLOR NEGRO,SILLA ESTRUCTURA DE TUBO CUADRADO ASIENTO Y ESPALDAR FORRADO CON COROSIL COLOR NEGRO | Modelo: 262102,MUEBLES DE OFICINA,equipment,TRUE,2,2,active,Laboratorio
EQ-0646,MUEBLES DE OFICINA/SILLON/GIRATORIO/SILLON EJECUTIVO ESPALDAR BAJO ESTRUCTURA METALICA Y PLASTICA ASIENTO Y ESPALDAR TAPIZADO EN YUTE NEGRO SISTEMA A GAS 5 RUEDAS GARRUCHAS,MUEBLES DE OFICINA/SILLON/GIRATORIO/SILLON EJECUTIVO ESPALDAR BAJO ESTRUCTURA METALICA Y PLASTICA ASIENTO Y ESPALDAR TAPIZADO EN YUTE NEGRO SISTEMA A GAS 5 RUEDAS GARRUCHAS | Modelo: 102176,MUEBLES DE OFICINA,equipment,TRUE,1,1,active,Laboratorio
EQ-0647,MUEBLES DE OFICINA/SILLON/GIRATORIO/SILLON GIRATORIO DE ESTRUCTURA METALICA Y PLASTICO CON CODERAS ASIENTO Y ESPALDAR FORRADO CON DAMASCO NEGRO SISTEMA A GAS Y 5 RUEDAS GARRUCHAS,MUEBLES DE OFICINA/SILLON/GIRATORIO/SILLON GIRATORIO DE ESTRUCTURA METALICA Y PLASTICO CON CODERAS ASIENTO Y ESPALDAR FORRADO CON DAMASCO NEGRO SISTEMA A GAS Y 5 RUEDAS GARRUCHAS | Modelo: 377371,MUEBLES DE OFICINA,equipment,TRUE,1,1,active,Laboratorio
EQ-0648,VITRINA ESTRUCTURA DE CEDRO Y DIVISIONES DE PLYWOOD DE 15 MM.DE:109.5X34.6X201 CM.SEIS ESPACIOS UNA PUERTA DOBLE HOJA CON VIDRIO EN LA PARTE SUPERIOR UNA PUERTA DE MADERA DOBLE HIJA EN LA PARTE BAJA,VITRINA ESTRUCTURA DE CEDRO Y DIVISIONES DE PLYWOOD DE 15 MM.DE:109.5X34.6X201 CM.SEIS ESPACIOS UNA PUERTA DOBLE HOJA CON VIDRIO EN LA PARTE SUPERIOR UNA PUERTA DE MADERA DOBLE HIJA EN LA PARTE BAJA | Modelo: 92609,MUEBLES DE OFICINA,equipment,TRUE,3,3,active,Laboratorio
EQ-0649,MUEBLES DE OFICINA/VITRINA/MIXTO/VITRINA METALICA-DE 4 PUERTAS,MUEBLES DE OFICINA/VITRINA/MIXTO/VITRINA METALICA-DE 4 PUERTAS | Modelo: 92271,MUEBLES DE OFICINA,equipment,TRUE,1,1,active,Laboratorio
EQ-0650,MUEBLES DE USO EDUCATIVO Y ESCOLAR/PIZARRON/DE TIZA LIQUIDA/PIZARRON PARA TIZA LIQUIDA FILO DE ALUMINIO DE:123X481 CM.(2 TRAMOS),MUEBLES DE USO EDUCATIVO Y ESCOLAR/PIZARRON/DE TIZA LIQUIDA/PIZARRON PARA TIZA LIQUIDA FILO DE ALUMINIO DE:123X481 CM.(2 TRAMOS) | Modelo: 103409,PIZARRON,equipment,TRUE,1,1,active,Laboratorio
EQ-0651,MUEBLES DE USO EDUCATIVO Y ESCOLAR/PIZARRON/DE TIZA LIQUIDA/PIZARRON PORCELANIZADO PARA TIZA LIQUIDA MARCO DE ALUMINIO CON PORTATIZAS DE 3M X 1.225M,MUEBLES DE USO EDUCATIVO Y ESCOLAR/PIZARRON/DE TIZA LIQUIDA/PIZARRON PORCELANIZADO PARA TIZA LIQUIDA MARCO DE ALUMINIO CON PORTATIZAS DE 3M X 1.225M | Modelo: 93003,PIZARRON,equipment,TRUE,1,1,active,Laboratorio
EQ-0655,TABURETE ARMAZON DE HIERRO,TABURETE ARMAZON DE HIERRO | Modelo: 92840,MUEBLES DE USO INDUSTRIAL,equipment,TRUE,4,4,active,Laboratorio
EQ-0656,TABURETE DE HIERRO,TABURETE DE HIERRO | Modelo: 92272,MUEBLES DE USO INDUSTRIAL,equipment,TRUE,14,14,active,Laboratorio
EQ-0657,TABURETE GIRATORIO ESTRUCTURA DE TUBO CUADRADO CON PERNO 60 CM.DE ALTO,TABURETE GIRATORIO ESTRUCTURA DE TUBO CUADRADO CON PERNO 60 CM.DE ALTO | Modelo: 102043,MUEBLES DE USO INDUSTRIAL,equipment,TRUE,2,2,active,Laboratorio
EQ-0658,TABURETE ESTRUCTURA DE TUBO CUADRADO DE 1 ASIENTO DE MADERA DE 32 CM.DE DIAMETRO 61 CM.DE ALTO,TABURETE ESTRUCTURA DE TUBO CUADRADO DE 1 ASIENTO DE MADERA DE 32 CM.DE DIAMETRO 61 CM.DE ALTO | Modelo: 102042,MUEBLES DE USO INDUSTRIAL,equipment,TRUE,6,6,active,Laboratorio
EQ-0659,TABURETES ESTRUCTURA DE TUBO REDONDO GALVANIZADO DE 1/2 CONASIENTO DE CEDRO DE 25.5 CM DE DIAMETRO Y 66 CM DE ALT0,TABURETES ESTRUCTURA DE TUBO REDONDO GALVANIZADO DE 1/2 CONASIENTO DE CEDRO DE 25.5 CM DE DIAMETRO Y 66 CM DE ALT0 | Modelo: 92841,MUEBLES DE USO INDUSTRIAL,equipment,TRUE,12,12,active,Laboratorio
EQ-0660,"TARJETA DE ENSEÑANZA MARCA MEGIQ, MODELO VNA SANDBOX, SERIE NO. E1005565","TARJETA DE ENSEÑANZA MARCA MEGIQ, MODELO VNA SANDBOX, SERIE NO. E1005565",PARTES Y REPUESTOS,equipment,TRUE,1,1,active,Laboratorio
EQ-0661,TERMPORIZADOR 1.5-30SG 4A CON BOBINA 120V.CON 1 CONTACTO NA Y 1 NC CAJA METALICA DE 12X10X14 CM.CON 5 BORNES DE CONEXION,TERMPORIZADOR 1.5-30SG 4A CON BOBINA 120V.CON 1 CONTACTO NA Y 1 NC CAJA METALICA DE 12X10X14 CM.CON 5 BORNES DE CONEXION | Modelo: S/M,PARTES Y REPUESTOS,equipment,TRUE,1,1,active,Laboratorio
EQ-0662,TERMPORIZADOR 15-30SG 4A CON BOBINA 120V CON 1 CONTACTO NA Y 1 NC CAJA METALICA DE 12X10X14 CM CON 5 BORNES DE CONEXION,TERMPORIZADOR 15-30SG 4A CON BOBINA 120V CON 1 CONTACTO NA Y 1 NC CAJA METALICA DE 12X10X14 CM CON 5 BORNES DE CONEXION | Modelo: S/M,PARTES Y REPUESTOS,equipment,TRUE,1,1,active,Laboratorio
EQ-0663,CD SOFTWARE PROGRAMA STEP 7 PROFESSIONAL 12ER (TRAINER PACKAJE) COMPUESTO DE 3 CD S,CD SOFTWARE PROGRAMA STEP 7 PROFESSIONAL 12ER (TRAINER PACKAJE) COMPUESTO DE 3 CD S | Modelo: S/M,SISTEMAS PARA PROCESAMIENTO DE DATOS,equipment,TRUE,1,1,active,Laboratorio
EQ-0664,CD SOFTWARE SIMATIC WINN CC FLEXIBLE 6ER CLASSROOM COMPUESTO DE 40CD S ESTUDIANTILES 5 CD PROFESOR,CD SOFTWARE SIMATIC WINN CC FLEXIBLE 6ER CLASSROOM COMPUESTO DE 40CD S ESTUDIANTILES 5 CD PROFESOR | Modelo: S/M,SISTEMAS PARA PROCESAMIENTO DE DATOS,equipment,TRUE,1,1,active,Laboratorio
EQ-0665,MUEBLES DE OFICINA/ESTACION DE TRABAJO/MIXTO/ESTACION DE TRABAJO 150x150,MUEBLES DE OFICINA/ESTACION DE TRABAJO/MIXTO/ESTACION DE TRABAJO 150x150,MUEBLES DE OFICINA,equipment,TRUE,1,1,active,Laboratorio
EQ-0666,BIENES SUJETOS A CONTROL/INTERCOMUNICADOR/PROGRAMADOR PICKIT3,BIENES SUJETOS A CONTROL/INTERCOMUNICADOR/PROGRAMADOR PICKIT3 | Modelo: MICROCHIP,BIENES SUJETOS A CONTROL,equipment,TRUE,1,1,active,Laboratorio
EQ-0667,"EQUIPO DE INGENIERIA Y ARQUITECTURA/GPS/GPS GNSS MARCA SPECTRA/ASHTECH MODELO PROMARK 120 DE UNA FRECUENCIA PARA APLICACIONES GIS Y GEODESICAS MAS SUS ACCSESORIOS:MALETA DE TRANSPORTE,BATERIA INTERNA,MEMORIA DE 4GB,MEMORIA DE 8GB,LAPIZ OPTICO,BASE PARA TRANSFERENCIA DE DATOS,CABLE ANTENA,ANTENA ASTECH,ADAPTADOR,FLEXOMETRO,CABLE USB,BRAKET,SOPORTE GPS,ADAPTADOR ANTENA-VABLE,EXTENSION PARA ANTENA,BASTON FIJO,TRIPODE PARA BASTON,Y TRES CD","EQUIPO DE INGENIERIA Y ARQUITECTURA/GPS/GPS GNSS MARCA SPECTRA/ASHTECH MODELO PROMARK 120 DE UNA FRECUENCIA PARA APLICACIONES GIS Y GEODESICAS MAS SUS ACCSESORIOS:MALETA DE TRANSPORTE,BATERIA INTERNA,MEMORIA DE 4GB,MEMORIA DE 8GB,LAPIZ OPTICO,BASE PARA TRANSFERENCIA DE DATOS,CABLE ANTENA,ANTENA ASTECH,ADAPTADOR,FLEXOMETRO,CABLE USB,BRAKET,SOPORTE GPS,ADAPTADOR ANTENA-VABLE,EXTENSION PARA ANTENA,BASTON FIJO,TRIPODE PARA BASTON,Y TRES CD",EQUIPO DE INGENIERIA Y ARQUITECTURA,equipment,TRUE,1,1,active,Laboratorio
EQ-0668,TELEFONO CISCO MODELO 6921,TELEFONO CISCO MODELO 6921 | Modelo: CP-6921,BIEN INSTITUCIONAL,equipment,TRUE,1,1,active,Laboratorio
EQ-0669,SILLA SIN BRAZOS TAPIZADA EN CUERINA NEGRA,SILLA SIN BRAZOS TAPIZADA EN CUERINA NEGRA | Modelo: S/M,BIENES SUJETOS A CONTROL,equipment,TRUE,20,20,active,Laboratorio
EQ-0670,MESA INTELIGENTE CON SET SOCKETS DE CONSOLA DE ADMINISTRACION DE EQUIPOS DE COMUNICACIONES DIMENSIONES 2.10M X 60CM X 75CM,MESA INTELIGENTE CON SET SOCKETS DE CONSOLA DE ADMINISTRACION DE EQUIPOS DE COMUNICACIONES DIMENSIONES 2.10M X 60CM X 75CM | Modelo: S/M,MUEBLES DE OFICINA,equipment,TRUE,7,7,active,Laboratorio
EQ-0671,ACCESS POINT ZONEFLEX R610 DUAL-BAND 802.11 ABGN/AC AP KIT DE MOTAJE POE LICENCIA GARANTIA 3 ANIOS,ACCESS POINT ZONEFLEX R610 DUAL-BAND 802.11 ABGN/AC AP KIT DE MOTAJE POE LICENCIA GARANTIA 3 ANIOS | Modelo: ACCESS POINT ZONEFLEX R610 ABGN/AC,ACCESS POINT ZONEFLEX R610 DUAL-BAND 802.11 ABGN,equipment,TRUE,1,1,active,Laboratorio
EQ-0672,SILLA ESTRUCTURA DE TUBO CUADRADO ASIENTO Y ESPALDAR FORRADO CON TAPIZ NEGRO,SILLA ESTRUCTURA DE TUBO CUADRADO ASIENTO Y ESPALDAR FORRADO CON TAPIZ NEGRO | Modelo: 80789,MUEBLES DE OFICINA,equipment,TRUE,1,1,active,Laboratorio
EQ-0673,SILLA GIRATORIA ACTIVA ESTRUCTURA METALICA Y PLASTICA ASIENTO Y ESPALDAR TAPIZADO EN YUTE VERDE 5 RUEDAS GARRUCHAS,SILLA GIRATORIA ACTIVA ESTRUCTURA METALICA Y PLASTICA ASIENTO Y ESPALDAR TAPIZADO EN YUTE VERDE 5 RUEDAS GARRUCHAS | Modelo: 82586,MUEBLES DE OFICINA,equipment,TRUE,1,1,active,Laboratorio
EQ-0674,BIENES SUJETOS A CONTROL/ESCRITORIO/MIXTO/ESCRITORIO ESTRUCTURA DE HIERRO Y MADERA DE:150X80X73 CM.TABLERO FORRADO CON COROSIL NEGRO CON 3 GAVETAS,BIENES SUJETOS A CONTROL/ESCRITORIO/MIXTO/ESCRITORIO ESTRUCTURA DE HIERRO Y MADERA DE:150X80X73 CM.TABLERO FORRADO CON COROSIL NEGRO CON 3 GAVETAS | Modelo: 82755,BIENES SUJETOS A CONTROL,equipment,TRUE,1,1,active,Laboratorio
EQ-0675,BIENES SUJETOS A CONTROL/BANCA/MADERA/BANCA DE MADERA ASIENTO CON COJINES NEGROS 121.5X29X45 CM.*,BIENES SUJETOS A CONTROL/BANCA/MADERA/BANCA DE MADERA ASIENTO CON COJINES NEGROS 121.5X29X45 CM.* | Modelo: 82967,BIENES SUJETOS A CONTROL,equipment,TRUE,1,1,active,Laboratorio
EQ-0676,BIENES SUJETOS A CONTROL/MESA RECTANGULAR/MIXTO/MESA RECTANGULAR ESTRUCTURA METALICA Y SUPERFICIE DE MADERA DE: 85 CM X 60 CM,BIENES SUJETOS A CONTROL/MESA RECTANGULAR/MIXTO/MESA RECTANGULAR ESTRUCTURA METALICA Y SUPERFICIE DE MADERA DE: 85 CM X 60 CM | Modelo: 293728,BIENES SUJETOS A CONTROL,equipment,TRUE,1,1,active,Laboratorio
EQ-0677,SILLA ESTRUCTURA DE TUBO CUADRADO DE 1 ASIENTO Y ESPALDAR FORRADO CON COROSIL NEGRO,SILLA ESTRUCTURA DE TUBO CUADRADO DE 1 ASIENTO Y ESPALDAR FORRADO CON COROSIL NEGRO | Modelo: 80680,MUEBLES DE OFICINA,equipment,TRUE,1,1,active,Laboratorio
EQ-0678,SILLA SIN CODERAS ASIENTO Y ESPALDAR TAPIZADOS EN DAMASCO AZUL CON PORTA LIBROS EN LA PARTE INFERIOR,SILLA SIN CODERAS ASIENTO Y ESPALDAR TAPIZADOS EN DAMASCO AZUL CON PORTA LIBROS EN LA PARTE INFERIOR | Modelo: 284265,BIENES SUJETOS A CONTROL,equipment,TRUE,1,1,active,Laboratorio
EQ-0679,SILLA APILABLE ESTRUCTURA METALICA CON CODERAS ASIENTO Y ESPALDAR TAPIZADOS EN DAMASCO COLOR VERDE,SILLA APILABLE ESTRUCTURA METALICA CON CODERAS ASIENTO Y ESPALDAR TAPIZADOS EN DAMASCO COLOR VERDE | Modelo: 286806,MUEBLES DE OFICINA,equipment,TRUE,1,1,active,Laboratorio
EQ-0680,SILLA ESTRUCTURA DE TUBO CUADRADO ASIENTO Y ESPALDAR FORRADO CON TAPIZ NEGRO,SILLA ESTRUCTURA DE TUBO CUADRADO ASIENTO Y ESPALDAR FORRADO CON TAPIZ NEGRO | Modelo: 376202,MUEBLES DE OFICINA,equipment,TRUE,1,1,active,Laboratorio
EQ-0681,SILLA ESTRUCTURA DE TUBO CUADRADO ASIENTO Y ESPALDAR FORRADO CON TAPIZ NEGRO,SILLA ESTRUCTURA DE TUBO CUADRADO ASIENTO Y ESPALDAR FORRADO CON TAPIZ NEGRO | Modelo: 376204,MUEBLES DE OFICINA,equipment,TRUE,1,1,active,Laboratorio
EQ-0682,SILLA ESTRUCTURA DE TUBO CUADRADO ASIENTO Y ESPALDAR FORRADO CON TAPIZ NEGRO,SILLA ESTRUCTURA DE TUBO CUADRADO ASIENTO Y ESPALDAR FORRADO CON TAPIZ NEGRO | Modelo: 376228,MUEBLES DE OFICINA,equipment,TRUE,1,1,active,Laboratorio
EQ-0683,SILLA ALTA RECLINABLE EJECUTIVA CON BRAZOSBASE DE CINCO PUNTAS CON GARRUCHAS SISTEMA A GAS PARA REGULACION DE ALTURA ASIENTO Y ESPALDAR TAPIZADO EN CUERINA NEGRA 11,SILLA ALTA RECLINABLE EJECUTIVA CON BRAZOSBASE DE CINCO PUNTAS CON GARRUCHAS SISTEMA A GAS PARA REGULACION DE ALTURA ASIENTO Y ESPALDAR TAPIZADO EN CUERINA NEGRA 11 | Modelo: 462678,MUEBLES DE OFICINA,equipment,TRUE,1,1,active,Laboratorio
EQ-0684,UPS 550VA MARCA APC MODELO BE550G LM SERIE NO 4B1217P40957,UPS 550VA MARCA APC MODELO BE550G LM SERIE NO 4B1217P40957,BIENES SUJETOS A CONTROL,equipment,TRUE,1,1,active,Laboratorio
EQ-0685,BIENES SUJETOS A CONTROL/MESA RECTANGULAR/MIXTO/MESA RECTANGULAR ESTRUCTURA METALICA Y SUPERFICIE DE MADERA DE: 85 CM X 60 CM,BIENES SUJETOS A CONTROL/MESA RECTANGULAR/MIXTO/MESA RECTANGULAR ESTRUCTURA METALICA Y SUPERFICIE DE MADERA DE: 85 CM X 60 CM | Modelo: 293727,BIENES SUJETOS A CONTROL,equipment,TRUE,1,1,active,Laboratorio
EQ-0686,BIENES SUJETOS A CONTROL/MESA RECTANGULAR/MIXTO/MESA RECTANGULAR ESTRUCTURA METALICA Y SUPERFICIE DE MADERA DE: 85 CM X 60 CM,BIENES SUJETOS A CONTROL/MESA RECTANGULAR/MIXTO/MESA RECTANGULAR ESTRUCTURA METALICA Y SUPERFICIE DE MADERA DE: 85 CM X 60 CM | Modelo: 293732,BIENES SUJETOS A CONTROL,equipment,TRUE,1,1,active,Laboratorio
EQ-0687,SILLA FABRICADA EN TUBO REDONDO DE 3/4 EN 1.5 ASIENTO Y ESPALDAR DE MADERA TRIPLE DE 12MM FORRADA CON TAPIZ DE TELA COLOR AZUL,SILLA FABRICADA EN TUBO REDONDO DE 3/4 EN 1.5 ASIENTO Y ESPALDAR DE MADERA TRIPLE DE 12MM FORRADA CON TAPIZ DE TELA COLOR AZUL | Modelo: 303718,SILLA FABRICADA EN TUBO REDONDO DE 3,equipment,TRUE,1,1,active,Laboratorio
EQ-0688,SILLA FABRICADA EN TUBO REDONDO DE 3/4 EN 1.5 ASIENTO Y ESPALDAR DE MADERA TRIPLE DE 12MM FORRADA CON TAPIZ DE TELA COLOR AZUL,SILLA FABRICADA EN TUBO REDONDO DE 3/4 EN 1.5 ASIENTO Y ESPALDAR DE MADERA TRIPLE DE 12MM FORRADA CON TAPIZ DE TELA COLOR AZUL | Modelo: 303726,SILLA FABRICADA EN TUBO REDONDO DE 3,equipment,TRUE,1,1,active,Laboratorio
EQ-0689,SILLA FABRICADA EN TUBO REDONDO DE 3/4 EN 1.5 ASIENTO Y ESPALDAR DE MADERA TRIPLE DE 12MM FORRADA CON TAPIZ DE TELA COLOR AZUL,SILLA FABRICADA EN TUBO REDONDO DE 3/4 EN 1.5 ASIENTO Y ESPALDAR DE MADERA TRIPLE DE 12MM FORRADA CON TAPIZ DE TELA COLOR AZUL | Modelo: 303735,SILLA FABRICADA EN TUBO REDONDO DE 3,equipment,TRUE,1,1,active,Laboratorio
EQ-0690,SILLA FABRICADA EN TUBO REDONDO DE 3/4 EN 1.5 ASIENTO Y ESPALDAR DE MADERA TRIPLE DE 12MM FORRADA CON TAPIZ DE TELA COLOR AZUL,SILLA FABRICADA EN TUBO REDONDO DE 3/4 EN 1.5 ASIENTO Y ESPALDAR DE MADERA TRIPLE DE 12MM FORRADA CON TAPIZ DE TELA COLOR AZUL | Modelo: 303770,SILLA FABRICADA EN TUBO REDONDO DE 3,equipment,TRUE,1,1,active,Laboratorio
EQ-0691,SILLA FABRICADA EN TUBO REDONDO DE 3/4 EN 1.5 ASIENTO Y ESPALDAR DE MADERA TRIPLE DE 12MM FORRADA CON TAPIZ DE TELA COLOR AZUL,SILLA FABRICADA EN TUBO REDONDO DE 3/4 EN 1.5 ASIENTO Y ESPALDAR DE MADERA TRIPLE DE 12MM FORRADA CON TAPIZ DE TELA COLOR AZUL | Modelo: 303773,SILLA FABRICADA EN TUBO REDONDO DE 3,equipment,TRUE,1,1,active,Laboratorio
EQ-0692,SILLA FABRICADA EN TUBO REDONDO DE 3/4 EN 1.5 ASIENTO Y ESPALDAR DE MADERA TRIPLE DE 12MM FORRADA CON TAPIZ DE TELA COLOR AZUL,SILLA FABRICADA EN TUBO REDONDO DE 3/4 EN 1.5 ASIENTO Y ESPALDAR DE MADERA TRIPLE DE 12MM FORRADA CON TAPIZ DE TELA COLOR AZUL | Modelo: 303774,SILLA FABRICADA EN TUBO REDONDO DE 3,equipment,TRUE,1,1,active,Laboratorio
EQ-0693,SILLA FABRICADA EN TUBO REDONDO DE 3/4 EN 1.5 ASIENTO Y ESPALDAR DE MADERA TRIPLE DE 12MM FORRADA CON TAPIZ DE TELA COLOR AZUL,SILLA FABRICADA EN TUBO REDONDO DE 3/4 EN 1.5 ASIENTO Y ESPALDAR DE MADERA TRIPLE DE 12MM FORRADA CON TAPIZ DE TELA COLOR AZUL | Modelo: 303775,SILLA FABRICADA EN TUBO REDONDO DE 3,equipment,TRUE,1,1,active,Laboratorio
EQ-0694,SILLA FABRICADA EN TUBO REDONDO DE 3/4 EN 1.5 ASIENTO Y ESPALDAR DE MADERA TRIPLE DE 12MM FORRADA CON TAPIZ DE TELA COLOR AZUL,SILLA FABRICADA EN TUBO REDONDO DE 3/4 EN 1.5 ASIENTO Y ESPALDAR DE MADERA TRIPLE DE 12MM FORRADA CON TAPIZ DE TELA COLOR AZUL | Modelo: 303776,SILLA FABRICADA EN TUBO REDONDO DE 3,equipment,TRUE,1,1,active,Laboratorio
EQ-0695,SILLA FABRICADA EN TUBO REDONDO DE 3/4 EN 1.5 ASIENTO Y ESPALDAR DE MADERA TRIPLE DE 12MM FORRADA CON TAPIZ DE TELA COLOR AZUL,SILLA FABRICADA EN TUBO REDONDO DE 3/4 EN 1.5 ASIENTO Y ESPALDAR DE MADERA TRIPLE DE 12MM FORRADA CON TAPIZ DE TELA COLOR AZUL | Modelo: 303780,SILLA FABRICADA EN TUBO REDONDO DE 3,equipment,TRUE,1,1,active,Laboratorio
EQ-0696,SILLA FABRICADA EN TUBO REDONDO DE 3/4 EN 1.5 ASIENTO Y ESPALDAR DE MADERA TRIPLE DE 12MM FORRADA CON TAPIZ DE TELA COLOR AZUL,SILLA FABRICADA EN TUBO REDONDO DE 3/4 EN 1.5 ASIENTO Y ESPALDAR DE MADERA TRIPLE DE 12MM FORRADA CON TAPIZ DE TELA COLOR AZUL | Modelo: 303799,SILLA FABRICADA EN TUBO REDONDO DE 3,equipment,TRUE,1,1,active,Laboratorio
EQ-0697,SILLA FABRICADA EN TUBO REDONDO DE 3/4 EN 1.5 ASIENTO Y ESPALDAR DE MADERA TRIPLE DE 12MM FORRADA CON TAPIZ DE TELA COLOR AZUL,SILLA FABRICADA EN TUBO REDONDO DE 3/4 EN 1.5 ASIENTO Y ESPALDAR DE MADERA TRIPLE DE 12MM FORRADA CON TAPIZ DE TELA COLOR AZUL | Modelo: 303802,SILLA FABRICADA EN TUBO REDONDO DE 3,equipment,TRUE,1,1,active,Laboratorio
EQ-0698,SILLA FABRICADA EN TUBO REDONDO DE 3/4 EN 1.5 ASIENTO Y ESPALDAR DE MADERA TRIPLE DE 12MM FORRADA CON TAPIZ DE TELA COLOR AZUL,SILLA FABRICADA EN TUBO REDONDO DE 3/4 EN 1.5 ASIENTO Y ESPALDAR DE MADERA TRIPLE DE 12MM FORRADA CON TAPIZ DE TELA COLOR AZUL | Modelo: 303814,SILLA FABRICADA EN TUBO REDONDO DE 3,equipment,TRUE,1,1,active,Laboratorio
EQ-0699,SILLA FABRICADA EN TUBO REDONDO DE 3/4 EN 1.5 ASIENTO Y ESPALDAR DE MADERA TRIPLE DE 12MM FORRADA CON TAPIZ DE TELA COLOR AZUL,SILLA FABRICADA EN TUBO REDONDO DE 3/4 EN 1.5 ASIENTO Y ESPALDAR DE MADERA TRIPLE DE 12MM FORRADA CON TAPIZ DE TELA COLOR AZUL | Modelo: 303837,SILLA FABRICADA EN TUBO REDONDO DE 3,equipment,TRUE,1,1,active,Laboratorio
EQ-0700,SILLA FABRICADA EN TUBO REDONDO DE 3/4 EN 1.5 ASIENTO Y ESPALDAR DE MADERA TRIPLE DE 12MM FORRADA CON TAPIZ DE TELA COLOR AZUL,SILLA FABRICADA EN TUBO REDONDO DE 3/4 EN 1.5 ASIENTO Y ESPALDAR DE MADERA TRIPLE DE 12MM FORRADA CON TAPIZ DE TELA COLOR AZUL | Modelo: 303857,SILLA FABRICADA EN TUBO REDONDO DE 3,equipment,TRUE,1,1,active,Laboratorio
EQ-0701,SILLA FABRICADA EN TUBO REDONDO DE 3/4 EN 1.5 ASIENTO Y ESPALDAR DE MADERA TRIPLE DE 12MM FORRADA CON TAPIZ DE TELA COLOR AZUL,SILLA FABRICADA EN TUBO REDONDO DE 3/4 EN 1.5 ASIENTO Y ESPALDAR DE MADERA TRIPLE DE 12MM FORRADA CON TAPIZ DE TELA COLOR AZUL | Modelo: 303862,SILLA FABRICADA EN TUBO REDONDO DE 3,equipment,TRUE,1,1,active,Laboratorio
EQ-0702,SILLA FABRICADA EN TUBO REDONDO DE 3/4 EN 1.5 ASIENTO Y ESPALDAR DE MADERA TRIPLE DE 12MM FORRADA CON TAPIZ DE TELA COLOR AZUL,SILLA FABRICADA EN TUBO REDONDO DE 3/4 EN 1.5 ASIENTO Y ESPALDAR DE MADERA TRIPLE DE 12MM FORRADA CON TAPIZ DE TELA COLOR AZUL | Modelo: 303887,SILLA FABRICADA EN TUBO REDONDO DE 3,equipment,TRUE,1,1,active,Laboratorio
EQ-0703,SILLA FABRICADA EN TUBO REDONDO DE 3/4 EN 1.5 ASIENTO Y ESPALDAR DE MADERA TRIPLE DE 12MM FORRADA CON TAPIZ DE TELA COLOR AZUL,SILLA FABRICADA EN TUBO REDONDO DE 3/4 EN 1.5 ASIENTO Y ESPALDAR DE MADERA TRIPLE DE 12MM FORRADA CON TAPIZ DE TELA COLOR AZUL | Modelo: 303894,SILLA FABRICADA EN TUBO REDONDO DE 3,equipment,TRUE,1,1,active,Laboratorio
EQ-0704,SILLA FABRICADA EN TUBO REDONDO DE 3/4 EN 1.5 ASIENTO Y ESPALDAR DE MADERA TRIPLE DE 12MM FORRADA CON TAPIZ DE TELA COLOR AZUL,SILLA FABRICADA EN TUBO REDONDO DE 3/4 EN 1.5 ASIENTO Y ESPALDAR DE MADERA TRIPLE DE 12MM FORRADA CON TAPIZ DE TELA COLOR AZUL | Modelo: 303897,SILLA FABRICADA EN TUBO REDONDO DE 3,equipment,TRUE,1,1,active,Laboratorio
EQ-0705,SILLA ESTRUCTURA METALICA GRIS ASIENTO Y ESPALDAR TAPIZADOS EN TELA AZUL,SILLA ESTRUCTURA METALICA GRIS ASIENTO Y ESPALDAR TAPIZADOS EN TELA AZUL | Modelo: 306611,BIENES SUJETOS A CONTROL,equipment,TRUE,1,1,active,Laboratorio
EQ-0706,SILLA ESTRUCTURA METALICA GRIS ASIENTO Y ESPALDAR TAPIZADOS EN TELA AZUL,SILLA ESTRUCTURA METALICA GRIS ASIENTO Y ESPALDAR TAPIZADOS EN TELA AZUL | Modelo: 306636,BIENES SUJETOS A CONTROL,equipment,TRUE,1,1,active,Laboratorio
EQ-0707,SILLA ESTRUCTURA METALICA GRIS ASIENTO Y ESPALDAR TAPIZADOS EN TELA AZUL,SILLA ESTRUCTURA METALICA GRIS ASIENTO Y ESPALDAR TAPIZADOS EN TELA AZUL | Modelo: 306637,BIENES SUJETOS A CONTROL,equipment,TRUE,1,1,active,Laboratorio
EQ-0708,MODULO RECTANGULAR CON PEDESTALES METALICOS TUBULARES CON REGULADORES DE PISO DE: 70 CM X 50 CM X 72 CM DE ALTO,MODULO RECTANGULAR CON PEDESTALES METALICOS TUBULARES CON REGULADORES DE PISO DE: 70 CM X 50 CM X 72 CM DE ALTO | Modelo: 306774,MUEBLES DE OFICINA,equipment,TRUE,1,1,active,Laboratorio
EQ-0709,MODULO RECTANGULAR CON PEDESTALES METALICOS TUBULARES CON REGULADORES DE PISO DE: 70 CM X 50 CM X 72 CM DE ALTO,MODULO RECTANGULAR CON PEDESTALES METALICOS TUBULARES CON REGULADORES DE PISO DE: 70 CM X 50 CM X 72 CM DE ALTO | Modelo: 306779,MUEBLES DE OFICINA,equipment,TRUE,1,1,active,Laboratorio
EQ-0710,MODULO RECTANGULAR CON PEDESTALES METALICOS TUBULARES CON REGULADORES DE PISO DE: 70 CM X 50 CM X 72 CM DE ALTO,MODULO RECTANGULAR CON PEDESTALES METALICOS TUBULARES CON REGULADORES DE PISO DE: 70 CM X 50 CM X 72 CM DE ALTO | Modelo: 306782,MUEBLES DE OFICINA,equipment,TRUE,1,1,active,Laboratorio
EQ-0711,MODULO RECTANGULAR CON PEDESTALES METALICOS TUBULARES CON REGULADORES DE PISO DE: 70 CM X 50 CM X 72 CM DE ALTO,MODULO RECTANGULAR CON PEDESTALES METALICOS TUBULARES CON REGULADORES DE PISO DE: 70 CM X 50 CM X 72 CM DE ALTO | Modelo: 306783,MUEBLES DE OFICINA,equipment,TRUE,1,1,active,Laboratorio
EQ-0712,SILLA ESTRUCTURA DE TUBO CUADRADO DE 1 CON ASIENTO Y ESPALDAR DE MADERA CONTRACHAPADA DE 15MM.TAPIZADO CON EXPANDIBLE NEGRO,SILLA ESTRUCTURA DE TUBO CUADRADO DE 1 CON ASIENTO Y ESPALDAR DE MADERA CONTRACHAPADA DE 15MM.TAPIZADO CON EXPANDIBLE NEGRO | Modelo: 376152,BIENES SUJETOS A CONTROL,equipment,TRUE,1,1,active,Laboratorio
EQ-0713,SILLA ESTRUCTURA DE TUBO CUADRADO DE 1 CON ASIENTO Y ESPALDAR DE MADERA CONTRACHAPADA DE 15MM.TAPIZADO CON EXPANDIBLE NEGRO,SILLA ESTRUCTURA DE TUBO CUADRADO DE 1 CON ASIENTO Y ESPALDAR DE MADERA CONTRACHAPADA DE 15MM.TAPIZADO CON EXPANDIBLE NEGRO | Modelo: 376154,BIENES SUJETOS A CONTROL,equipment,TRUE,1,1,active,Laboratorio
EQ-0714,MESA ESTRUCTURA METALICA TABLERO DE FORMICA DE:120X60 CM.,MESA ESTRUCTURA METALICA TABLERO DE FORMICA DE:120X60 CM. | Modelo: 283337,MUEBLES DE OFICINA,equipment,TRUE,1,1,active,Laboratorio
EQ-0715,MESA ESTRUCTURA METALICA TABLERO DE FORMICA DE:120X60 CM.,MESA ESTRUCTURA METALICA TABLERO DE FORMICA DE:120X60 CM. | Modelo: 283338,MUEBLES DE OFICINA,equipment,TRUE,1,1,active,Laboratorio
EQ-0716,MESA ESTRUCTURA METALICA TABLERO DE FORMICA DE:120X60 CM.,MESA ESTRUCTURA METALICA TABLERO DE FORMICA DE:120X60 CM. | Modelo: 283343,MUEBLES DE OFICINA,equipment,TRUE,1,1,active,Laboratorio
EQ-0717,MESA ESTRUCTURA METALICA TABLERO DE FORMICA DE:120X60 CM.,MESA ESTRUCTURA METALICA TABLERO DE FORMICA DE:120X60 CM. | Modelo: 283352,MUEBLES DE OFICINA,equipment,TRUE,1,1,active,Laboratorio
EQ-0718,MESA ESTRUCTURA METALICA TABLERO DE FORMICA DE:120X60 CM.,MESA ESTRUCTURA METALICA TABLERO DE FORMICA DE:120X60 CM. | Modelo: 283358,MUEBLES DE OFICINA,equipment,TRUE,1,1,active,Laboratorio
EQ-0719,MESA ESTRUCTURA METALICA TABLERO DE FORMICA DE:120X60 CM.,MESA ESTRUCTURA METALICA TABLERO DE FORMICA DE:120X60 CM. | Modelo: 283359,MUEBLES DE OFICINA,equipment,TRUE,1,1,active,Laboratorio
EQ-0720,MUEBLES DE OFICINA/ARCHIVADOR/METAL/ARCHIVADOR METALICO DE 4 GAVETAS CON LLAVE TRAMPA (ARCHIVO),MUEBLES DE OFICINA/ARCHIVADOR/METAL/ARCHIVADOR METALICO DE 4 GAVETAS CON LLAVE TRAMPA (ARCHIVO) | Modelo: 76753,MUEBLES DE OFICINA,equipment,TRUE,1,1,active,Laboratorio
EQ-0721,EQUIPOS DE LABORATORIO; CIENCIA; OBSERVACION Y COMPROBACION/GENERADOR DE FUNCIONES/GENERADOR DE FUNCIONES HUNG CHANG.HC-G205.SERIE NO.G01599,EQUIPOS DE LABORATORIO; CIENCIA; OBSERVACION Y COMPROBACION/GENERADOR DE FUNCIONES/GENERADOR DE FUNCIONES HUNG CHANG.HC-G205.SERIE NO.G01599,EQUIPOS DE LABORATORIO CIENCIA OBSERVACION Y COMPROBACION,equipment,TRUE,1,1,active,Laboratorio
EQ-0722,EQUIPOS DE LABORATORIO; CIENCIA; OBSERVACION Y COMPROBACION/CONTROL ELECTRONICO DE TEMPERATURA/EQUIPO PARA PROTECCION Y CONTROL DE MOTORES COMPUESTO DE: RELE ECTRONICO DE PROTECCION Y MANDO SIMOCODE MAS PANEL DE OPERACION MARCA SIEMENS S07-552- MODELO 3UF5001-3AJ00-1 CON ACCESORIOS,EQUIPOS DE LABORATORIO; CIENCIA; OBSERVACION Y COMPROBACION/CONTROL ELECTRONICO DE TEMPERATURA/EQUIPO PARA PROTECCION Y CONTROL DE MOTORES COMPUESTO DE: RELE ECTRONICO DE PROTECCION Y MANDO SIMOCODE MAS PANEL DE OPERACION MARCA SIEMENS S07-552- MODELO 3UF5001-3AJ00-1 CON ACCESORIOS,EQUIPOS DE LABORATORIO CIENCIA OBSERVACION Y COMPROBACION,equipment,TRUE,1,1,active,Laboratorio
EQ-0723,MODULO DE EXPANSION 2 ENTRADAS ANALOGICAS MARCA SIEMENS SERIE SZVT7ML000339,MODULO DE EXPANSION 2 ENTRADAS ANALOGICAS MARCA SIEMENS SERIE SZVT7ML000339,EQUIPO ELECTRONICO,equipment,TRUE,1,1,active,Laboratorio
EQ-0724,MODULO DE EXPANSION DIGITAL 2 ENTRADAS ANALOGICAS MARCA SIEMENS SERIE C-R7,MODULO DE EXPANSION DIGITAL 2 ENTRADAS ANALOGICAS MARCA SIEMENS SERIE C-R7,TERMOMETRO,equipment,TRUE,1,1,active,Laboratorio
EQ-0725,MODULO AM2 MARCA SIEMENS SERIE C-R4A76196,MODULO AM2 MARCA SIEMENS SERIE C-R4A76196 | Modelo: S/M,BIEN INSTITUCIONAL,equipment,TRUE,1,1,active,Laboratorio
EQ-0726,SWITCH MARCA CISCO CATALYST 2960 DE 24 PUERTOS 10/100 + 2 PUERTOS 1000BT SERIE FOC1421W4C9,SWITCH MARCA CISCO CATALYST 2960 DE 24 PUERTOS 10/100 + 2 PUERTOS 1000BT SERIE FOC1421W4C9,SWITCH MARCA CISCO CATALYST 2960 DE 24 PUERTOS 10,equipment,TRUE,1,1,active,Laboratorio
EQ-0727,COMPUTADOR PORTATIL LENOVO THINKPAD L430 PROCESADOR INTEL CORE I5-3210M (2 50 GHZ) 4GB DE MEMORIA RAM DDR3 INCLUYE MALETIN CANDADO Y MOUSE MARCA KLIP,COMPUTADOR PORTATIL LENOVO THINKPAD L430 PROCESADOR INTEL CORE I5-3210M (2 50 GHZ) 4GB DE MEMORIA RAM DDR3 INCLUYE MALETIN CANDADO Y MOUSE MARCA KLIP,EQUIPO ELECTRONICO,equipment,TRUE,1,1,active,Laboratorio
EQ-0728,FUENTE DE PODER MARCA QUAD POWER MODELO XP-581 N DE SERIE 222442,FUENTE DE PODER MARCA QUAD POWER MODELO XP-581 N DE SERIE 222442,EQUIPO ELECTRONICO,equipment,TRUE,1,1,active,Laboratorio
EQ-0729,"PINZA AMPERIMETRICA MARCA AARON, MODELO 3266TD","PINZA AMPERIMETRICA MARCA AARON, MODELO 3266TD",BIEN INSTITUCIONAL,equipment,TRUE,12,12,active,Laboratorio
EQ-0730,FUENTE DE PODER SIEMENS-MODELO:6EP3332-6SB00-0AY0,FUENTE DE PODER SIEMENS-MODELO:6EP3332-6SB00-0AY0,EQUIPO ELECTRONICO,equipment,TRUE,4,4,active,Laboratorio
EQ-0731,PROYECTOR MULTIMEDIA DE DISTANCIA ULTRA CORTA CON SOPORTE DE PARED MARCA OPTOMA MODELO W330UST SERIEQ7C6948WAAAAB0001,PROYECTOR MULTIMEDIA DE DISTANCIA ULTRA CORTA CON SOPORTE DE PARED MARCA OPTOMA MODELO W330UST SERIEQ7C6948WAAAAB0001,EQUIPO ELECTRONICO,equipment,TRUE,1,1,active,Laboratorio
EQ-0732,PROYECTOR MULTIMEDIA DE DISTANCIA ULTRA CORTA CON SOPORTE DE PARED MARCA OPTOMA MODELO W330UST SERIEQ7C6948WAAAAB0121,PROYECTOR MULTIMEDIA DE DISTANCIA ULTRA CORTA CON SOPORTE DE PARED MARCA OPTOMA MODELO W330UST SERIEQ7C6948WAAAAB0121,EQUIPO ELECTRONICO,equipment,TRUE,1,1,active,Laboratorio
EQ-0733,PROYECTOR MULTIMEDIA DE DISTANCIA ULTRA CORTA CON SOPORTE DE PARED MARCA OPTOMA MODELO W330UST SERIEQ7C6948WAAAAB0302,PROYECTOR MULTIMEDIA DE DISTANCIA ULTRA CORTA CON SOPORTE DE PARED MARCA OPTOMA MODELO W330UST SERIEQ7C6948WAAAAB0302,EQUIPO ELECTRONICO,equipment,TRUE,1,1,active,Laboratorio
EQ-0734,PROYECTOR MULTIMEDIA DE DISTANCIA ULTRA CORTA CON SOPORTE DE PARED MARCA OPTOMA MODELO W330UST SERIEQ7C6948WAAAAB0123,PROYECTOR MULTIMEDIA DE DISTANCIA ULTRA CORTA CON SOPORTE DE PARED MARCA OPTOMA MODELO W330UST SERIEQ7C6948WAAAAB0123,EQUIPO ELECTRONICO,equipment,TRUE,1,1,active,Laboratorio
EQ-0735,PROYECTOR MULTIMEDIA DE DISTANCIA ULTRA CORTA CON SOPORTE DE PARED MARCA OPTOMA MODELO W330UST SERIEQ7C6948WAAAAB0022,PROYECTOR MULTIMEDIA DE DISTANCIA ULTRA CORTA CON SOPORTE DE PARED MARCA OPTOMA MODELO W330UST SERIEQ7C6948WAAAAB0022,EQUIPO ELECTRONICO,equipment,TRUE,1,1,active,Laboratorio
EQ-0736,PROYECTOR MULTIMEDIA DE DISTANCIA ULTRA CORTA CON SOPORTE DE PARED MARCA OPTOMA MODELO W330UST SERIEQ7C6948WAAAAB0134,PROYECTOR MULTIMEDIA DE DISTANCIA ULTRA CORTA CON SOPORTE DE PARED MARCA OPTOMA MODELO W330UST SERIEQ7C6948WAAAAB0134,EQUIPO ELECTRONICO,equipment,TRUE,1,1,active,Laboratorio
EQ-0737,PROYECTOR MULTIMEDIA DE DISTANCIA ULTRA CORTA CON SOPORTE DE PARED MARCA OPTOMA MODELO W330UST SERIEQ7C6948WAAAAB0042,PROYECTOR MULTIMEDIA DE DISTANCIA ULTRA CORTA CON SOPORTE DE PARED MARCA OPTOMA MODELO W330UST SERIEQ7C6948WAAAAB0042,EQUIPO ELECTRONICO,equipment,TRUE,1,1,active,Laboratorio
EQ-0738,"DISPOSITIVO DE LABORATORIO: CUBA DE PRUEBA DE ACEITE, S/S, MARCA TERCO, MODELO HV9137","DISPOSITIVO DE LABORATORIO: CUBA DE PRUEBA DE ACEITE, S/S, MARCA TERCO, MODELO HV9137","DISPOSITIVO DE LABORATORIO: CUBA DE PRUEBA DE ACEITE, S",equipment,TRUE,1,1,active,Laboratorio
EQ-0739,"DISPOSITIVO DE LABORATORIO: RECTIFICADOR DE SILICIO, S/S, MARCA TERCO, MODELO HV9111","DISPOSITIVO DE LABORATORIO: RECTIFICADOR DE SILICIO, S/S, MARCA TERCO, MODELO HV9111","DISPOSITIVO DE LABORATORIO: RECTIFICADOR DE SILICIO, S",equipment,TRUE,1,1,active,Laboratorio
EQ-0740,LAPTOP CON PROCESADOR CORE I7 1.8 GHZ MEMORIA 8GB DISCO SSD 512GB PANTALLA 14 INCLUYE MOCHILA MOUSE CANDADO ADAPTADOR HDMI A VGA,LAPTOP CON PROCESADOR CORE I7 1.8 GHZ MEMORIA 8GB DISCO SSD 512GB PANTALLA 14 INCLUYE MOCHILA MOUSE CANDADO ADAPTADOR HDMI A VGA | Modelo: PROBOOK 440 G6,EQUIPO ELECTRONICO,equipment,TRUE,1,1,active,Laboratorio
EQ-0741,GENERADOR DE OZONO WSTA-MODELO:X002810JH9,GENERADOR DE OZONO WSTA-MODELO:X002810JH9,EQUIPO ELECTRONICO,equipment,TRUE,1,1,active,Laboratorio
EQ-0742,"REBAJADORA CNC ROUTER(FRESADO, GRABADO) WEGSRT-MODELO:2021-SERIE:163134","REBAJADORA CNC ROUTER(FRESADO, GRABADO) WEGSRT-MODELO:2021-SERIE:163134",EQUIPO ELECTRONICO,equipment,TRUE,1,1,active,Laboratorio
EQ-0743,EQUIPO SOLDADOR(ESTACIÓN DE SOLDADURA DE COMPONENTES ELECTRÓNICOS)YIHUA-MODELO: 948-II- SERIE: 4YHAI12489.,EQUIPO SOLDADOR(ESTACIÓN DE SOLDADURA DE COMPONENTES ELECTRÓNICOS)YIHUA-MODELO: 948-II- SERIE: 4YHAI12489.,UNIDAD ENCENDIDO ELECTRICO,equipment,TRUE,1,1,active,Laboratorio
EQ-0744,IMPRESORA 3D DE GRAN FORMATO CREALITY-MODELO:CR-10 MAX- SERIE: S0000000000000142421001010300,IMPRESORA 3D DE GRAN FORMATO CREALITY-MODELO:CR-10 MAX- SERIE: S0000000000000142421001010300,BIENES SUJETOS A CONTROL,equipment,TRUE,1,1,active,Laboratorio
EQ-0745,KIT ENGINEER REV2 ARDUINO-MODELO:REV2-INCLUYE: UN NANO 33 LOT-UN NANO AUTOTRANSPORTE CON IMU Y CARGADOR DE BATERIA-TRES JUEGOS DE PIEZAS MECANICAS-UNA BATERIA LI LON- DOS MOTORES ENGRANADO CON CODIFICADORES- UN MOTOR DC CON CODIFICADORES-UN SERVOMOTOR-UN CABLE USB-DOS MARCADORES DE PIZARRA-DOS RUEDAS-1 LLAVE ALLEN-UNA WEBCAM-UNA ROSCA DE NYLON-UNA CAJA DE HERRAMIENTAS DE PLASTICO-UNA LICENCIA INDIVIDUAL DE UN AÑO PARA MATLAB Y SIMULINK-UNA PLATAFORMA DE E-LEARNING.,KIT ENGINEER REV2 ARDUINO-MODELO:REV2-INCLUYE: UN NANO 33 LOT-UN NANO AUTOTRANSPORTE CON IMU Y CARGADOR DE BATERIA-TRES JUEGOS DE PIEZAS MECANICAS-UNA BATERIA LI LON- DOS MOTORES ENGRANADO CON CODIFICADORES- UN MOTOR DC CON CODIFICADORES-UN SERVOMOTOR-UN CABLE USB-DOS MARCADORES DE PIZARRA-DOS RUEDAS-1 LLAVE ALLEN-UNA WEBCAM-UNA ROSCA DE NYLON-UNA CAJA DE HERRAMIENTAS DE PLASTICO-UNA LICENCIA INDIVIDUAL DE UN AÑO PARA MATLAB Y SIMULINK-UNA PLATAFORMA DE E-LEARNING.,BIEN INSTITUCIONAL,equipment,TRUE,2,2,active,Laboratorio
EQ-0746,EQUIPO DE MEDICION DE RELACION DE TRANSFORMACION EN TRANSFORMADORES AEMC-MODELO:CHAUVIN ARNOUX DTR 8510-SERIE:155970WGDV.INCLUYE:KIT DE PRUEBA DE RESISTENCIA A TIERRA DE 4 PUNTOS-KIT DE PRUEBA 500 PIES DE 4 PUNTOS-BOLSA DE TRANSPORTE-2 CABLES 500 PIES CODIFI. X COLORES EN CARRETES(ROJO/AZUL)-2 CABLES 100 PIES CODIFI. X COLORES(VERDE/NEGRO)-1 CABLE 30 PIES VERDE-2 CABLES CODIFI. X COLOR 5 PIES(ROJO/AZUL)-4 ELECTRODOS-1 JGO.5 OREJETAS-CINTA METR.100 PIES-JGO.2 VARRILL,EQUIPO DE MEDICION DE RELACION DE TRANSFORMACION EN TRANSFORMADORES AEMC-MODELO:CHAUVIN ARNOUX DTR 8510-SERIE:155970WGDV.INCLUYE:KIT DE PRUEBA DE RESISTENCIA A TIERRA DE 4 PUNTOS-KIT DE PRUEBA 500 PIES DE 4 PUNTOS-BOLSA DE TRANSPORTE-2 CABLES 500 PIES CODIFI. X COLORES EN CARRETES(ROJO/AZUL)-2 CABLES 100 PIES CODIFI. X COLORES(VERDE/NEGRO)-1 CABLE 30 PIES VERDE-2 CABLES CODIFI. X COLOR 5 PIES(ROJO/AZUL)-4 ELECTRODOS-1 JGO.5 OREJETAS-CINTA METR.100 PIES-JGO.2 VARRILL,EQUIPOS DE OFICINA Y ADMINISTRACION,equipment,TRUE,1,1,active,Laboratorio
EQ-0747,ESCALERA DE ALUMINIO CONVERTIBLE 1.83M/MODELO C-2287-13/MARCA CUPRUM/COLOR GRIS Y VERDE/DIMENSIONES 1.83X0.60X0.15/SERIE 646567,ESCALERA DE ALUMINIO CONVERTIBLE 1.83M/MODELO C-2287-13/MARCA CUPRUM/COLOR GRIS Y VERDE/DIMENSIONES 1.83X0.60X0.15/SERIE 646567,ESCALERA DE ALUMINIO CONVERTIBLE 1.83M,equipment,TRUE,1,1,active,Laboratorio
EQ-0748,ESCALERA DE ALUMINIO CONVERTIBLE 2.44MMODELO C-2287-17/MARCA CUPRUM/COLOR GRIS Y VERDE/MATERIAL ALUMINIO Y PLASTICO/DIMENSIONES 2.44X0.60X0.5/SERIE 675798,ESCALERA DE ALUMINIO CONVERTIBLE 2.44MMODELO C-2287-17/MARCA CUPRUM/COLOR GRIS Y VERDE/MATERIAL ALUMINIO Y PLASTICO/DIMENSIONES 2.44X0.60X0.5/SERIE 675798,ESCALERA DE ALUMINIO CONVERTIBLE 2.44MMODELO C-2287-17,equipment,TRUE,1,1,active,Laboratorio
EQ-0749,MATERIAL FIBRA DE VIDRIO Y ALUMINIO/DIMENSIONES 6.4X0.43X0.15CM SERIE 3268978,MATERIAL FIBRA DE VIDRIO Y ALUMINIO/DIMENSIONES 6.4X0.43X0.15CM SERIE 3268978 | Modelo: 534-24N,MATERIAL FIBRA DE VIDRIO Y ALUMINIO,equipment,TRUE,1,1,active,Laboratorio
EQ-0750,DIMENSIONES LARGO DE CADENA 6.69M ESPESOR DE ESLABON 7MM,DIMENSIONES LARGO DE CADENA 6.69M ESPESOR DE ESLABON 7MM | Modelo: POL-3,BIENES SUJETOS A CONTROL,equipment,TRUE,1,1,active,Laboratorio
EQ-0751,TECLE 3 TONELADAS/MARCA TRUPER/MODELO POL-3/MATERIAL METAL/COLOR ANARANJADO Y NEGRO/SINSERIEMH2023CG-006/DIMENSIONES LARGO DE CADENA 6.69M ESPESOR DE ESLABON 7MM,TECLE 3 TONELADAS/MARCA TRUPER/MODELO POL-3/MATERIAL METAL/COLOR ANARANJADO Y NEGRO/SINSERIEMH2023CG-006/DIMENSIONES LARGO DE CADENA 6.69M ESPESOR DE ESLABON 7MM,TECLE 3 TONELADAS,equipment,TRUE,1,1,active,Laboratorio
EQ-0752,ALICATE UNIVERSAL 8 PULGADAS-MARCA COMANDO-COLOR VERDE Y NEGRO,ALICATE UNIVERSAL 8 PULGADAS-MARCA COMANDO-COLOR VERDE Y NEGRO,MUEBLES DE OFICINA,equipment,TRUE,1,1,active,Laboratorio
EQ-0753,cAJA PARA HERRAMIENTAS METALICA-MEDIDAS 37 X 16 X 17 CM-ACERO REFORZADO-MARCA BP-COLOR AZUL,cAJA PARA HERRAMIENTAS METALICA-MEDIDAS 37 X 16 X 17 CM-ACERO REFORZADO-MARCA BP-COLOR AZUL,MUEBLES DE OFICINA,equipment,TRUE,1,1,active,Laboratorio
EQ-0754,CINTURON PORTA HERRAMIENTAS-CINTUR N AJUSTABLE: 50 MM X 150 CM-MARCA CUMBRE-COLOR NEGRO-POLIESTER,CINTURON PORTA HERRAMIENTAS-CINTUR N AJUSTABLE: 50 MM X 150 CM-MARCA CUMBRE-COLOR NEGRO-POLIESTER | Modelo: S/M,HERRAMIENTAS MENORES,equipment,TRUE,1,1,active,Laboratorio
EQ-0755,COMBO CABEZA DE 3 LB MANGO DE MADERA-MARCA HERRAGRO-COLOR METAL-METAL Y MADERA,COMBO CABEZA DE 3 LB MANGO DE MADERA-MARCA HERRAGRO-COLOR METAL-METAL Y MADERA | Modelo: S/M,MUEBLES DE OFICINA,equipment,TRUE,1,1,active,Laboratorio
EQ-0756,COMBO CABEZA DE 8 LB-CON MANGO DE MADERA MARCA HERRAGRO- OLOR METAL- METAL Y MADERA,COMBO CABEZA DE 8 LB-CON MANGO DE MADERA MARCA HERRAGRO- OLOR METAL- METAL Y MADERA | Modelo: S/M,EQUIPO PARA ENSENANZA DE ELECTRONICA,equipment,TRUE,1,1,active,Laboratorio
EQ-0757,FLEXOMETRO 5 METROS-MARCA GIANT- COLOR NEGRO AMARILLO-PLASTICO-7 CM,FLEXOMETRO 5 METROS-MARCA GIANT- COLOR NEGRO AMARILLO-PLASTICO-7 CM,AMPERIMETRO,equipment,TRUE,1,1,active,Laboratorio
EQ-0758,JUEGO DE BROCAS 16 PIEZAS-MARCA TRUPER-ESTUCHE NARANJA-METAL PLASTICO -16 X 15 CM,JUEGO DE BROCAS 16 PIEZAS-MARCA TRUPER-ESTUCHE NARANJA-METAL PLASTICO -16 X 15 CM,BIENES SUJETOS A CONTROL,equipment,TRUE,1,1,active,Laboratorio
EQ-0759,LINTERNA LED RECARGABLE DE 300 LUMENES- MARCA BESTVALUE-COLOR NEGRO-PLASTICO-14CM,LINTERNA LED RECARGABLE DE 300 LUMENES- MARCA BESTVALUE-COLOR NEGRO-PLASTICO-14CM,EQUIPO ELECTRONICO,equipment,TRUE,1,1,active,Laboratorio
EQ-0760,LLAVE INGLESA 10 PULGADAS-MARCA COMANDO-COLOR CROMADO-ACERO-10 PULGADAS,LLAVE INGLESA 10 PULGADAS-MARCA COMANDO-COLOR CROMADO-ACERO-10 PULGADAS,BIENES SUJETOS A CONTROL,equipment,TRUE,1,1,active,Laboratorio
EQ-0761,LLAVE DE TUBO 10 PULGADAS-MARCA BP-COLOR AZUL-HIERRO,LLAVE DE TUBO 10 PULGADAS-MARCA BP-COLOR AZUL-HIERRO,EQUIPO ELECTRONICO,equipment,TRUE,1,1,active,Laboratorio
EQ-0762,MARCO DE ALTA TENSION REGULABLE DE 8-10Y12 PULGADAS -MARCA STANLEY- CROMADO Y NEGRO-METAL GOMA,MARCO DE ALTA TENSION REGULABLE DE 8-10Y12 PULGADAS -MARCA STANLEY- CROMADO Y NEGRO-METAL GOMA,EQUIPOS DE OFICINA Y ADMINISTRACION,equipment,TRUE,2,2,active,Laboratorio
EQ-0763,PISTOLA PARA SILICONA-PARA CARTUCHOS DE 280 ML Y 300 ML-MARCA TRUPER-COLOR NARANJA-METAL-37CM,PISTOLA PARA SILICONA-PARA CARTUCHOS DE 280 ML Y 300 ML-MARCA TRUPER-COLOR NARANJA-METAL-37CM | Modelo: S/M,KIT PARA INSTALACION DE COMUNICACIONES,equipment,TRUE,1,1,active,Laboratorio
EQ-0764,PLAYO DE PRESION-CABEZA: ACERO INOXIDABLELARGO: 10 PULGADAS-MARCA COMANDO - COLOR CROMADO,PLAYO DE PRESION-CABEZA: ACERO INOXIDABLELARGO: 10 PULGADAS-MARCA COMANDO - COLOR CROMADO,MUEBLES DE OFICINA,equipment,TRUE,3,3,active,Laboratorio
EQ-0765,PLAYO GRANDE-MARCA COMANDO- COLOR VERDE-METAL- 10 PULGADAS,PLAYO GRANDE-MARCA COMANDO- COLOR VERDE-METAL- 10 PULGADAS | Modelo: S/M,PUPITRE,equipment,TRUE,3,3,active,Laboratorio
EQ-0766,PONCHADORA DE CABLE DE RED-DIMENSIONES: 8 PULGADAS-MARCA STANLEY - COLOR NEGRO Y AMARILLO-METAL PLASTICO,PONCHADORA DE CABLE DE RED-DIMENSIONES: 8 PULGADAS-MARCA STANLEY - COLOR NEGRO Y AMARILLO-METAL PLASTICO,EQUIPO ELECTRONICO,equipment,TRUE,1,1,active,Laboratorio
EQ-0767,SILLA ESTUDIANTIL ESTRUCTURA METALICA Y ASIENTO Y ESPALDAR POLIPROPILENO.- COLOR NEGRO,SILLA ESTUDIANTIL ESTRUCTURA METALICA Y ASIENTO Y ESPALDAR POLIPROPILENO.- COLOR NEGRO | Modelo: S/M,MUEBLES DE OFICINA,equipment,TRUE,63,63,active,Laboratorio
EQ-0768,MESA PUPITRE ESTRUCTURA METALICA Y TABLERO MELAMINA .- DIMENSIONES: 50 CM X 80 CM X 70.5 CM .- COLOR: TABLERO BLANCO Y ESTRUCTURA GRIS,MESA PUPITRE ESTRUCTURA METALICA Y TABLERO MELAMINA .- DIMENSIONES: 50 CM X 80 CM X 70.5 CM .- COLOR: TABLERO BLANCO Y ESTRUCTURA GRIS | Modelo: S/M,MUEBLES DE OFICINA,equipment,TRUE,63,63,active,Laboratorio
EQ-0769,GENERADOR DE FUNCIONES / MARCA: SIGLENT/ MODELO: SDG810,GENERADOR DE FUNCIONES / MARCA: SIGLENT/ MODELO: SDG810,GENERADOR DE FUNCIONES,equipment,TRUE,4,4,active,Laboratorio
EQ-0770,INVERSOR DE POTENCIA CON CONTROLADOR DE CARGA / SERIE:PV33T6048MF0S170127/ MODELO:PV3300 / MARCA: MUST,INVERSOR DE POTENCIA CON CONTROLADOR DE CARGA / SERIE:PV33T6048MF0S170127/ MODELO:PV3300 / MARCA: MUST,INVERSOR DE POTENCIA CON CONTROLADOR DE CARGA,equipment,TRUE,1,1,active,Laboratorio
EQ-0771,INVERSOR DE POTENCIA CON CONTROLADOR DE CARGA / SERIE:PV33T6048MF0S170130/ MODELO:PV3300 / MARCA: MUST,INVERSOR DE POTENCIA CON CONTROLADOR DE CARGA / SERIE:PV33T6048MF0S170130/ MODELO:PV3300 / MARCA: MUST,INVERSOR DE POTENCIA CON CONTROLADOR DE CARGA,equipment,TRUE,1,1,active,Laboratorio
EQ-0772,OSCILOSCOPIO / SERIE: DS1ZE274M0086 / MODELO: DS SERIES / MARCA: RIGOL,OSCILOSCOPIO / SERIE: DS1ZE274M0086 / MODELO: DS SERIES / MARCA: RIGOL,EQUIPOS MEDICO QUIRURGICOS,equipment,TRUE,1,1,active,Laboratorio
EQ-0773,OSCILOSCOPIO / SERIE: DS1ZA274M00276 / MODELO: DS SERIES / MARCA: RIGOL,OSCILOSCOPIO / SERIE: DS1ZA274M00276 / MODELO: DS SERIES / MARCA: RIGOL,EQUIPOS MEDICO QUIRURGICOS,equipment,TRUE,1,1,active,Laboratorio
EQ-0774,OSCILOSCOPIO / SERIE: DS1ZA274M00277 / MODELO: DS SERIES / MARCA: RIGOL,OSCILOSCOPIO / SERIE: DS1ZA274M00277 / MODELO: DS SERIES / MARCA: RIGOL,EQUIPOS MEDICO QUIRURGICOS,equipment,TRUE,1,1,active,Laboratorio
EQ-0775,OSCILOSCOPIO / SERIE: DS1ZA274M00272 / MODELO: DS SERIES / MARCA: RIGOL,OSCILOSCOPIO / SERIE: DS1ZA274M00272 / MODELO: DS SERIES / MARCA: RIGOL,EQUIPOS MEDICO QUIRURGICOS,equipment,TRUE,1,1,active,Laboratorio
EQ-0776,FUENTE LINEAL DE TRES SALIDAS INDEPENDIENTES / SERIE: 1033741/ MODELO: TP-3003D-3 / MARCA: TEKPOWER,FUENTE LINEAL DE TRES SALIDAS INDEPENDIENTES / SERIE: 1033741/ MODELO: TP-3003D-3 / MARCA: TEKPOWER,FUENTE LINEAL DE TRES SALIDAS INDEPENDIENTES,equipment,TRUE,1,1,active,Laboratorio
EQ-0777,FUENTE LINEAL DE TRES SALIDAS INDEPENDIENTES / SERIE: 1033709/ MODELO: TP-3003D-3 / MARCA: TEKPOWER,FUENTE LINEAL DE TRES SALIDAS INDEPENDIENTES / SERIE: 1033709/ MODELO: TP-3003D-3 / MARCA: TEKPOWER,FUENTE LINEAL DE TRES SALIDAS INDEPENDIENTES,equipment,TRUE,1,1,active,Laboratorio
EQ-0778,FUENTE LINEAL DE TRES SALIDAS INDEPENDIENTES / SERIE: 1033738/ MODELO: TP-3003D-3 / MARCA: TEKPOWER,FUENTE LINEAL DE TRES SALIDAS INDEPENDIENTES / SERIE: 1033738/ MODELO: TP-3003D-3 / MARCA: TEKPOWER,FUENTE LINEAL DE TRES SALIDAS INDEPENDIENTES,equipment,TRUE,1,1,active,Laboratorio
EQ-0779,MEDIDOR DE ESPESORES/ MARCA: POSI TECTOR/ MODELO: 6000/ SERIE:TBF-1003,MEDIDOR DE ESPESORES/ MARCA: POSI TECTOR/ MODELO: 6000/ SERIE:TBF-1003,MEDIDOR DE ESPESORES,equipment,TRUE,1,1,active,Laboratorio
EQ-0780,CAMARA TERMICA/ MARCA: AEMC/ MODELO 1954/ SERIE: 4XAA/IECLR6,CAMARA TERMICA/ MARCA: AEMC/ MODELO 1954/ SERIE: 4XAA/IECLR6 | Modelo: MODEL 1954,BIEN INSTITUCIONAL,equipment,TRUE,1,1,active,Laboratorio
EQ-0781,PANTALLA INTERACTIVA DE 86 PULGADAS.-MODELO:DS-D5286A4-1V0S.-MARCA:SEELINKIN.-SERIE:QM202511W029.-INCLUYE CONTROL REMOTO-2 LAPICES -CABLE HDMI-VGA-USB Y SOPORTE,PANTALLA INTERACTIVA DE 86 PULGADAS.-MODELO:DS-D5286A4-1V0S.-MARCA:SEELINKIN.-SERIE:QM202511W029.-INCLUYE CONTROL REMOTO-2 LAPICES -CABLE HDMI-VGA-USB Y SOPORTE,EQUIPOS DE OFICINA Y ADMINISTRACION,equipment,TRUE,1,1,active,Laboratorio
EQ-0782,PANTALLA INTERACTIVA DE 86 PULGADAS.-MODELO:DS-D5286A4-1V0S.-MARCA:SEELINKIN.-SERIEQM202511W098.-INCLUYE CONTROL REMOTO-2 LAPICES -CABLE HDMI-VGA-USB Y SOPORTE,PANTALLA INTERACTIVA DE 86 PULGADAS.-MODELO:DS-D5286A4-1V0S.-MARCA:SEELINKIN.-SERIEQM202511W098.-INCLUYE CONTROL REMOTO-2 LAPICES -CABLE HDMI-VGA-USB Y SOPORTE,EQUIPOS DE OFICINA Y ADMINISTRACION,equipment,TRUE,1,1,active,Laboratorio
EQ-0783,PANTALLA INTERACTIVA DE 86 PULGADAS.-MODELO:DS-D5286A4-1V0S.-MARCA:SEELINKIN.-SERIE:QM202511W099.-INCLUYE CONTROL REMOTO-2 LAPICES -CABLE HDMI-VGA-USB Y SOPORTE,PANTALLA INTERACTIVA DE 86 PULGADAS.-MODELO:DS-D5286A4-1V0S.-MARCA:SEELINKIN.-SERIE:QM202511W099.-INCLUYE CONTROL REMOTO-2 LAPICES -CABLE HDMI-VGA-USB Y SOPORTE,EQUIPOS DE OFICINA Y ADMINISTRACION,equipment,TRUE,1,1,active,Laboratorio
