item_code,asset_code,old_code,serial_code,model,brand,entry_date,assignment_date,condition,availability_status,notes
EQ-0208,65642,,BDAEV0Q5Y5B006,TECLADO ALFANUMERICO,HP,2014-03-24,2016-08-05,good,available,Inventario oficial 2026-06-09; asignación: codigo_patrimonial_existente
EQ-0208,65647,,BDAEV0Q5Y5B431,TECLADO ALFA NUMERICO,HP,2014-03-24,2017-09-04,good,available,Inventario oficial 2026-06-09; asignación: codigo_patrimonial_existente
EQ-0227,65662,,MXL3472MJR,CPU CORE i7,HP,2014-03-26,2017-09-04,good,available,Inventario oficial 2026-06-09; asignación: codigo_patrimonial_existente
EQ-0227,65663,,MXL3472MJS,CPU CORE i7,HP,2014-03-26,2016-08-08,good,available,Inventario oficial 2026-06-09; asignación: codigo_patrimonial_existente
EQ-0289,65672,,6CM3361YMN,"MONITOR 18.5"" LED",HP,2014-03-26,2016-08-08,good,available,Inventario oficial 2026-06-09; asignación: codigo_patrimonial_existente
EQ-0289,65688,,6CM3361XP2,"MONITOR 18.5"" LCD",HP,2014-03-26,2017-09-04,good,available,Inventario oficial 2026-06-09; asignación: codigo_patrimonial_existente
EQ-0289,65689,,6CM3060KS2,"MONITOR 18.5"" LED",HP,2014-03-26,2017-09-04,good,available,Inventario oficial 2026-06-09; asignación: codigo_patrimonial_existente
EQ-0208,65910,,BDAEV0Q5Y5B45R,TECLADO ALFANUMERICO,HP,2014-03-27,2017-09-04,good,available,Inventario oficial 2026-06-09; asignación: codigo_patrimonial_existente
EQ-0233,65924,,MXL3472ML6,CPU CORE i7,HP,2014-03-27,2017-09-04,good,available,Inventario oficial 2026-06-09; asignación: codigo_patrimonial_existente
EQ-0338,94214,,94214,BATERIA ACUMULADORA PARA PANEL SOLAR,,2014-04-09,2016-08-08,good,available,Inventario oficial 2026-06-09; asignación: codigo_patrimonial_existente
EQ-0522,94216,,94216,PANEL SOLAR POLICRISTAL,,2014-04-09,2016-08-08,good,available,Inventario oficial 2026-06-09; asignación: codigo_patrimonial_existente
EQ-0201,97570,,CMI20-2.1,CONTROL DE CARGA 20AMP 12/24V,PHOCOS,2014-04-17,2016-08-05,good,available,Inventario oficial 2026-06-09; asignación: codigo_patrimonial_existente
EQ-0665,99458,,99458,ESTACION DE TRABAJO 150x150,,,,good,available,Inventario oficial 2026-06-09; asignación: grupo_nuevo_firma_exacta
EQ-0666,101681,,101681,MICROCHIP,,,,good,available,Inventario oficial 2026-06-09; asignación: grupo_nuevo_firma_exacta
EQ-0667,531496,,531496,PROMARK 120,SPECTRA,,,good,available,Inventario oficial 2026-06-09; asignación: grupo_nuevo_firma_exacta
EQ-0668,2263470,,2263470,CP-6921,,,,good,available,Inventario oficial 2026-06-09; asignación: grupo_nuevo_firma_exacta
EQ-0199,2593253,,2593253,SILLA GIRATORIA SEMIEJECUTIVA CON BRAZOS,ARQMOVE,2014-11-25,2017-09-04,good,available,Inventario oficial 2026-06-09; asignación: codigo_patrimonial_existente
EQ-0199,2593254,,2593254,SILLA GIRATORIA SEMIEJECUTIVA CON BRAZOS,ARQMOVE,2014-11-25,2017-09-04,good,available,Inventario oficial 2026-06-09; asignación: codigo_patrimonial_existente
EQ-0199,2593255,,2593255,SILLA GIRATORIA SEMIEJECUTIVA CON BRAZOS,ARQMOVE,2014-11-25,2016-08-05,good,available,Inventario oficial 2026-06-09; asignación: codigo_patrimonial_existente
EQ-0199,2593260,,2593260,SILLA GIRATORIA SEMIEJECUTIVA CON BRAZOS,ARQMOVE,2014-11-25,2016-11-16,good,available,Inventario oficial 2026-06-09; asignación: codigo_patrimonial_existente
EQ-0621,2593278,,2593278,ESTACION DE TRABAJO MELAMINICO 150x150x60,ARQMOVE,2014-11-25,2017-09-04,good,available,Inventario oficial 2026-06-09; asignación: codigo_patrimonial_existente
EQ-0621,2593279,,2593279,ESTACION DE TRABAJO MELAMINICO 150x150x60,ARQMOVE,2014-11-25,2017-09-04,good,available,Inventario oficial 2026-06-09; asignación: codigo_patrimonial_existente
EQ-0199,2593291,,2593291,SILLA GIRATORIA SEMIEJECUTIVA CON BRAZOS,,,,good,available,Inventario oficial 2026-06-09; asignación: firma_oficial_exacta
EQ-0536,2684862,,TUAK4904570,S/M,EPSON,2014-11-28,2016-08-08,good,available,Inventario oficial 2026-06-09; asignación: codigo_patrimonial_existente
EQ-0018,3183524,,3183524,CHIPKIT BASIC I/O SHIELD,,2014-12-08,2016-12-08,good,available,Inventario oficial 2026-06-09; asignación: codigo_patrimonial_existente
EQ-0018,3183525,,3183525,CHIPKIT BASIC I/O SHIELD,,2014-12-08,2016-12-08,good,available,Inventario oficial 2026-06-09; asignación: codigo_patrimonial_existente
EQ-0018,3183526,,3183526,CHIPKIT BASIC I/O SHIELD,,2014-12-08,2016-12-08,good,available,Inventario oficial 2026-06-09; asignación: codigo_patrimonial_existente
EQ-0019,3183529,,3183529,CHIPKIT MOTOR SHIELD,,2014-12-08,2016-12-08,good,available,Inventario oficial 2026-06-09; asignación: codigo_patrimonial_existente
EQ-0019,3183530,,3183530,CHIPKIT MOTOR SHIELD,,2014-12-08,2016-12-08,good,available,Inventario oficial 2026-06-09; asignación: codigo_patrimonial_existente
EQ-0019,3183531,,3183531,CHIPKIT MOTOR SHIELD,,2014-12-08,2016-12-08,good,available,Inventario oficial 2026-06-09; asignación: codigo_patrimonial_existente
EQ-0019,3183532,,3183532,CHIPKIT MOTOR SHIELD,,2014-12-08,2016-12-08,good,available,Inventario oficial 2026-06-09; asignación: codigo_patrimonial_existente
EQ-0019,3183533,,3183533,CHIPKIT MOTOR SHIELD,,2014-12-08,2016-12-08,good,available,Inventario oficial 2026-06-09; asignación: codigo_patrimonial_existente
EQ-0020,3183534,,3183534,CHIPKIT UC32,,2014-12-08,2016-12-08,good,available,Inventario oficial 2026-06-09; asignación: codigo_patrimonial_existente
EQ-0020,3183535,,3183535,CHIPKIT UC32,,2014-12-08,2016-12-08,good,available,Inventario oficial 2026-06-09; asignación: codigo_patrimonial_existente
EQ-0020,3183536,,3183536,CHIPKIT UC32,,2014-12-08,2016-12-08,good,available,Inventario oficial 2026-06-09; asignación: codigo_patrimonial_existente
EQ-0020,3183537,,3183537,CHIPKIT UC32,,2014-12-08,2016-12-08,good,available,Inventario oficial 2026-06-09; asignación: codigo_patrimonial_existente
EQ-0020,3183538,,3183538,CHIPKIT UC32,,2014-12-08,2016-12-08,good,available,Inventario oficial 2026-06-09; asignación: codigo_patrimonial_existente
EQ-0020,3183539,,3183539,CHIPKIT UC32,,2014-12-08,2016-12-08,good,available,Inventario oficial 2026-06-09; asignación: codigo_patrimonial_existente
EQ-0029,3183540,,BUR142551036,PICKIT 3,,2014-12-08,2016-12-08,good,available,Inventario oficial 2026-06-09; asignación: codigo_patrimonial_existente
EQ-0029,3183541,,BUR142550110,PICKIT 3,,2014-12-08,2016-12-08,good,available,Inventario oficial 2026-06-09; asignación: codigo_patrimonial_existente
EQ-0029,3183542,,BUR142550109,PICKIT 3,,2014-12-08,2016-12-08,good,available,Inventario oficial 2026-06-09; asignación: codigo_patrimonial_existente
EQ-0029,3183543,,BUR142550108,PICKIT 3,,2014-12-08,2016-12-08,good,available,Inventario oficial 2026-06-09; asignación: codigo_patrimonial_existente
EQ-0029,3183544,,BUR142550107,PICKIT 3,,2014-12-08,2016-12-08,good,available,Inventario oficial 2026-06-09; asignación: codigo_patrimonial_existente
EQ-0029,3183545,,3183545,PICKIT 3,,,,good,available,Inventario oficial 2026-06-09; asignación: firma_oficial_exacta
EQ-0414,3183547,,JIT140820075,MPLAG ICD3,,2014-12-08,2016-08-08,good,available,Inventario oficial 2026-06-09; asignación: codigo_patrimonial_existente
EQ-0414,3183548,,JIT142120579,MPLAG ICD3,,2014-12-08,2016-08-08,good,available,Inventario oficial 2026-06-09; asignación: codigo_patrimonial_existente
EQ-0414,3183549,,JIT142120577,MPLAG ICD3,,2014-12-08,2016-08-08,good,available,Inventario oficial 2026-06-09; asignación: codigo_patrimonial_existente
EQ-0414,3183550,,JIT100135796,MPLAG ICD3,,2014-12-08,2016-08-08,good,available,Inventario oficial 2026-06-09; asignación: codigo_patrimonial_existente
EQ-0414,3183551,,JIT100135797,MPLAG ICD3,,2014-12-08,2016-08-08,good,available,Inventario oficial 2026-06-09; asignación: codigo_patrimonial_existente
EQ-0414,3183552,,JIT094692432,MPLAG ICD3,,2014-12-08,2016-08-08,good,available,Inventario oficial 2026-06-09; asignación: codigo_patrimonial_existente
EQ-0434,3183555,,201412,SISTEMA DE ENSEÑANZA PARA ELECTRONICA DE POTENCIA PE-5000,,2014-12-08,2016-08-08,good,available,Inventario oficial 2026-06-09; asignación: codigo_patrimonial_existente
EQ-0424,3183560,,111229A1001232,PROGRAMADOR UNIVERSAL SUPERPRO M,,2014-12-08,2016-08-08,good,available,Inventario oficial 2026-06-09; asignación: codigo_patrimonial_existente
EQ-0424,3183561,,111229A1001283,PROGRAMADOR UNIVERSAL SUPERPRO M,,2014-12-08,2016-08-08,good,available,Inventario oficial 2026-06-09; asignación: codigo_patrimonial_existente
EQ-0412,3188965,,12/03673.1,MOTOR SCHRAGE DL2131,DE LORENZO,2014-12-08,2016-08-08,good,available,Inventario oficial 2026-06-09; asignación: codigo_patrimonial_existente
EQ-0370,3188969,,14/01817.10,FILTROS ACTIVOS DL2155FIL,DE LORENZO,2014-12-08,2016-08-08,good,available,Inventario oficial 2026-06-09; asignación: codigo_patrimonial_existente
EQ-0355,3188972,,3188972,BASE UNIVERSAL DL1158,DE LORENZO,2014-12-08,2016-08-08,good,available,Inventario oficial 2026-06-09; asignación: codigo_patrimonial_existente
EQ-0358,3188976,,14/02308.1,CONTROL DE VELOCIDAD DE LOS MOTORES C.A. DL3309,DE LORENZO,2014-12-08,2016-08-08,good,available,Inventario oficial 2026-06-09; asignación: codigo_patrimonial_existente
EQ-0400,3188977,,14/01860.4,MODULO DE ALIMENTACION CC +/-5V Y +/-15 V 1A DL2555ALG,DE LORENZO,2014-12-08,2016-08-08,good,available,Inventario oficial 2026-06-09; asignación: codigo_patrimonial_existente
EQ-0400,3188978,,14/01860.15,MODULO DE ALIMENTACION CC +/-5V Y +/-15 V 1A DL2555ALG,DE LORENZO,2014-12-08,2016-08-08,good,available,Inventario oficial 2026-06-09; asignación: codigo_patrimonial_existente
EQ-0387,3188981,,12/02345.9,LINEAS DE TRANSMISION DL2597,DE LORENZO,2014-12-08,2016-08-08,good,available,Inventario oficial 2026-06-09; asignación: codigo_patrimonial_existente
EQ-0386,3188983,,PNMX131115065,LABORATORIO NEW ENERGY LAB MODELO 880,HELIOCENTRIS,2014-12-08,2016-08-08,good,available,Inventario oficial 2026-06-09; asignación: codigo_patrimonial_existente
EQ-0418,3188984,,14/00221.7,OSCILADORES DE CUARZO DL2155OSX,DE LORENZO,2014-12-08,2016-08-08,good,available,Inventario oficial 2026-06-09; asignación: codigo_patrimonial_existente
EQ-0548,3188991,,12/02343.2,RECEPTOR FM ESTEREO DL2512A,DE LORENZO,2014-12-08,2016-08-08,good,available,Inventario oficial 2026-06-09; asignación: codigo_patrimonial_existente
EQ-0220,3188992,,14/00896.1,TRANSFORMADOR TRIFASICO DL30100,DE LORENZO,2014-12-08,2016-08-08,good,available,Inventario oficial 2026-06-09; asignación: codigo_patrimonial_existente
EQ-0217,3188993,,14/02770.6,TRANSFORMADOR MONOFASICO DL30103,DE LORENZO,2014-12-08,2016-08-08,good,available,Inventario oficial 2026-06-09; asignación: codigo_patrimonial_existente
EQ-0217,3188994,,14/02770.2,TRANSFORMADOR MONOFASICO DL30103,DE LORENZO,2014-12-08,2016-08-08,good,available,Inventario oficial 2026-06-09; asignación: codigo_patrimonial_existente
EQ-0217,3188995,,14/02770.1,TRANSFORMADOR MONOFASICO DL30103,DE LORENZO,2014-12-08,2016-08-08,good,available,Inventario oficial 2026-06-09; asignación: codigo_patrimonial_existente
EQ-0350,3188996,,14/02258.5,ALIMENTADOR PARA FRENOS DL1054,DE LORENZO,2014-12-08,2016-08-08,good,available,Inventario oficial 2026-06-09; asignación: codigo_patrimonial_existente
EQ-0349,3188997,,14/03534.2,ALIMENTADOR MOVIL DL1059,DE LORENZO,2014-12-08,2016-08-08,good,available,Inventario oficial 2026-06-09; asignación: codigo_patrimonial_existente
EQ-0349,3188998,,14/03534.1,ALIMENTADOR MOVIL DL1059,DE LORENZO,2014-12-08,2016-08-08,good,available,Inventario oficial 2026-06-09; asignación: codigo_patrimonial_existente
EQ-0409,3188999,,12/02848.2,MOTOR CC DL30200,DE LORENZO,2014-12-08,2016-08-08,good,available,Inventario oficial 2026-06-09; asignación: codigo_patrimonial_existente
EQ-0411,3189000,,14/02733.1,MOTOR DE VELOCIDADES DL2051,DE LORENZO,2014-12-08,2016-08-08,good,available,Inventario oficial 2026-06-09; asignación: codigo_patrimonial_existente
EQ-0411,3189001,,14/02733.2,MOTOR DE VELOCIDADES DL2051,DE LORENZO,2014-12-08,2016-08-08,good,available,Inventario oficial 2026-06-09; asignación: codigo_patrimonial_existente
EQ-0372,3189002,,14/02870.4,FRENO ELECTROMAGNETICO DL 2006UM,DE LORENZO,2014-12-08,2016-08-08,good,available,Inventario oficial 2026-06-09; asignación: codigo_patrimonial_existente
EQ-0347,3189003,,13/02894.2,ACCIONAMIENTO DIDACTICO 1 KW DE PUENTE MONOFASICO TOTALMENTE CONTROLADO DL2308A,DE LORENZO,2014-12-08,2016-08-08,good,available,Inventario oficial 2026-06-09; asignación: codigo_patrimonial_existente
EQ-0419,3189008,,14/01819.10,OSCILADORES EN ALTA FRECUENCIA DL2155OSA,DE LORENZO,2014-12-08,2016-08-08,good,available,Inventario oficial 2026-06-09; asignación: codigo_patrimonial_existente
EQ-0351,3189009,,14/02738.1,ALTERNADOR MOTOR ASINCRONO DL2066A,DE LORENZO,2014-12-08,2016-08-08,good,available,Inventario oficial 2026-06-09; asignación: codigo_patrimonial_existente
EQ-0410,3189010,,14/02735.1,MOTOR DE ANILLOS DL2053A,DE LORENZO,2014-12-08,2016-08-08,good,available,Inventario oficial 2026-06-09; asignación: codigo_patrimonial_existente
EQ-0358,3189013,,14/02299.2,CONTROL DE VELOCIDAD DE LOS MOTORES C.A. DL2309A1,DE LORENZO,2014-12-08,2016-08-08,good,available,Inventario oficial 2026-06-09; asignación: codigo_patrimonial_existente
EQ-0371,3189014,,14/02307.1,FRENO CON CORRIENTE PARÀSITAS DL30300,DE LORENZO,2014-12-08,2016-08-08,good,available,Inventario oficial 2026-06-09; asignación: codigo_patrimonial_existente
EQ-0447,3189015,,14/01601.9,VOLANTE DL10410,DE LORENZO,2014-12-08,2016-08-08,good,available,Inventario oficial 2026-06-09; asignación: codigo_patrimonial_existente
EQ-0354,3189016,,14/01000.6,BASAMENTO UNIVERSAL DL10400,DE LORENZO,2014-12-08,2016-08-08,good,available,Inventario oficial 2026-06-09; asignación: codigo_patrimonial_existente
EQ-0408,3189018,,14/02188.20,MOTOR ASINCRONO TRIFASICO A JAULA DL30115,DE LORENZO,2014-12-08,2016-08-08,good,available,Inventario oficial 2026-06-09; asignación: codigo_patrimonial_existente
EQ-0388,3189019,,130127,MANUFACTURA CON PC INTEGRADO-VICION C DL CIM C,DE LORENZO,2014-12-08,2016-08-08,good,available,Inventario oficial 2026-06-09; asignación: codigo_patrimonial_existente
EQ-0348,3189020,,13/03389.4,ACCIONAMIENTO PUENTE MONOFASICO Y SEMICONTROLADO DL3315,DE LORENZO,2014-12-08,2016-08-08,good,available,Inventario oficial 2026-06-09; asignación: codigo_patrimonial_existente
EQ-0354,3189022,,13/02999.2,BASAMENTO UNIVERSALDL1013B,DE LORENZO,2014-12-08,2016-08-08,good,available,Inventario oficial 2026-06-09; asignación: codigo_patrimonial_existente
EQ-0401,3189023,,14/00928.1,MODULO DE ALIMENTACION EN CC DL2555ALE,DE LORENZO,2014-12-08,2016-08-08,good,available,Inventario oficial 2026-06-09; asignación: codigo_patrimonial_existente
EQ-0401,3189024,,14/00928.12,MODULO DE ALIMENTACION EN CC DL 2555ALE,DE LORENZO,2014-12-08,2016-08-08,good,available,Inventario oficial 2026-06-09; asignación: codigo_patrimonial_existente
EQ-0514,4916562,,124450151,MD 9060,METREL,2015-03-09,2016-08-08,good,available,Inventario oficial 2026-06-09; asignación: codigo_patrimonial_existente
EQ-0513,4916563,,124450149,MD 9060,METREL,2015-03-09,2016-08-08,good,available,Inventario oficial 2026-06-09; asignación: codigo_patrimonial_existente
EQ-0515,4916564,,124450156,MD 9060,METREL,2015-03-09,2016-08-08,good,available,Inventario oficial 2026-06-09; asignación: codigo_patrimonial_existente
EQ-0517,4916565,,124450160,MD 9060,METREL,2015-03-09,2016-08-08,good,available,Inventario oficial 2026-06-09; asignación: codigo_patrimonial_existente
EQ-0516,4916566,,124450158,MD 9060,METREL,2015-03-09,2016-08-08,good,available,Inventario oficial 2026-06-09; asignación: codigo_patrimonial_existente
EQ-0518,4916567,,124450196,MD 9060,METREL,2015-03-09,2016-08-08,good,available,Inventario oficial 2026-06-09; asignación: codigo_patrimonial_existente
EQ-0382,4916568,,14080879,MI 3210,METREL SI,2015-03-09,2016-08-08,good,available,Inventario oficial 2026-06-09; asignación: codigo_patrimonial_existente
EQ-0378,4916569,,B130068Y,BRITIR B1,GUIDE INFRARED,2015-03-09,2016-08-08,good,available,Inventario oficial 2026-06-09; asignación: codigo_patrimonial_existente
EQ-0379,4916570,,152905NADV,6472 KIT 300FT,AEMC,2015-03-09,2016-08-08,good,available,Inventario oficial 2026-06-09; asignación: codigo_patrimonial_existente
EQ-0377,4916571,,14100250,MI6401,METREL,2015-03-09,2016-08-08,good,available,Inventario oficial 2026-06-09; asignación: codigo_patrimonial_existente
EQ-0594,4916572,,145353MGDV,SR 182,AEMC,2015-03-09,2016-08-08,good,available,Inventario oficial 2026-06-09; asignación: codigo_patrimonial_existente
EQ-0519,4916573,,27690162WS,381,FLUKE,2015-03-09,2016-08-08,good,available,Inventario oficial 2026-06-09; asignación: codigo_patrimonial_existente
EQ-0375,4916574,,29583135,435 SERIES II,FLUKE,2015-03-09,2016-08-08,good,available,Inventario oficial 2026-06-09; asignación: codigo_patrimonial_existente
EQ-0376,4916575,,29593108,435 SERIES II,FLUKE,2015-03-09,2016-08-08,good,available,Inventario oficial 2026-06-09; asignación: codigo_patrimonial_existente
EQ-0380,4916576,,122443LDDV,OX5042,AEMC,2015-03-09,2016-08-08,good,available,Inventario oficial 2026-06-09; asignación: codigo_patrimonial_existente
EQ-0381,4916577,,122444LDDV,OX5042,AEMC,2015-03-09,2016-08-08,good,available,Inventario oficial 2026-06-09; asignación: codigo_patrimonial_existente
EQ-0258,4939590,,277339,XP-581,QUAD POWER,2015-06-19,2015-06-19,good,available,Inventario oficial 2026-06-09; asignación: codigo_patrimonial_existente
EQ-0603,5840967,,47150019,ETCR 4700 AUTO THREE PHASE DIGITAL PHASE VA METER,ETCR,2015-12-03,2016-08-24,good,available,Inventario oficial 2026-06-09; asignación: codigo_patrimonial_existente
EQ-0607,5840968,,47150018,ETCR 4700 AUTO THREE PHASE DIGITAL PHASE VA METER,ETCR,2015-12-03,2016-08-24,good,available,Inventario oficial 2026-06-09; asignación: codigo_patrimonial_existente
EQ-0606,5840969,,47150017,ETCR 4700 AUTO THREE PHASE DIGITAL PHASE VA METER,ETCR,2015-12-03,2016-08-24,good,available,Inventario oficial 2026-06-09; asignación: codigo_patrimonial_existente
EQ-0605,5840970,,47150016,ETCR 4700 AUTO THREE PHASE DIGITAL PHASE VA METER,ETCR,2015-12-03,2016-08-24,good,available,Inventario oficial 2026-06-09; asignación: codigo_patrimonial_existente
EQ-0604,5840971,,47150015,ETCR 4700 AUTO THREE PHASE DIGITAL PHASE VA METER,ETCR,2015-12-03,2016-08-24,good,available,Inventario oficial 2026-06-09; asignación: codigo_patrimonial_existente
EQ-0602,5840973,,42240006,ETCR 4200A AUTO DOUBLE CLAMP DIGITAL PHASE VA METER,ETCR,2015-12-03,2016-08-24,good,available,Inventario oficial 2026-06-09; asignación: codigo_patrimonial_existente
EQ-0601,5840974,,42240005,ETCR 4200A AUTO DOUBLE CLAMP DIGITAL PHASE VA METER,ETCR,2015-12-03,2016-08-24,good,available,Inventario oficial 2026-06-09; asignación: codigo_patrimonial_existente
EQ-0600,5840975,,42240004,ETCR 4200A AUTO DOUBLE CLAMP DIGITAL PHASE VA METER,ETCR,2015-12-03,2016-08-24,good,available,Inventario oficial 2026-06-09; asignación: codigo_patrimonial_existente
EQ-0599,5840976,,42240002,ETCR 4200A AUTO DOUBLE CLAMP DIGITAL PHASE VA METER,ETCR,2015-12-03,2016-08-24,good,available,Inventario oficial 2026-06-09; asignación: codigo_patrimonial_existente
EQ-0598,5840977,,42240001,ETCR 4200A AUTO DOUBLE CLAMP DIGITAL PHASE VA METER,ETCR,2015-12-03,2016-08-24,good,available,Inventario oficial 2026-06-09; asignación: codigo_patrimonial_existente
EQ-0535,8782681,,331,HV9150,TERCO,2016-07-29,2016-08-01,good,available,Inventario oficial 2026-06-09; asignación: codigo_patrimonial_existente
EQ-0563,8782682,,SN 023506912,HMO 1202,ROHDE&SCHWARZ,2016-07-29,2016-08-01,good,available,Inventario oficial 2026-06-09; asignación: codigo_patrimonial_existente
EQ-0559,8782683,,SN 023506908,HMO 1202,ROHDE&SCHWARZ,2016-07-29,2016-08-01,good,available,Inventario oficial 2026-06-09; asignación: codigo_patrimonial_existente
EQ-0562,8782684,,SN 023506911,HMO 1202,ROHDE&SCHWARZ,2016-07-29,2016-08-01,good,available,Inventario oficial 2026-06-09; asignación: codigo_patrimonial_existente
EQ-0560,8782685,,SN 023506909,HMO 1202,ROHDE&SCHWARZ,2016-07-29,2016-08-01,good,available,Inventario oficial 2026-06-09; asignación: codigo_patrimonial_existente
EQ-0561,8782686,,SN 023506910,HMO 1202,ROHDE&SCHWARZ,2016-07-29,2016-08-01,good,available,Inventario oficial 2026-06-09; asignación: codigo_patrimonial_existente
EQ-0558,8782687,,SN 023506907,HMO 1202,ROHDE&SCHWARZ,2016-07-29,2016-08-01,good,available,Inventario oficial 2026-06-09; asignación: codigo_patrimonial_existente
EQ-0498,8782688,,SN 024060782,HMF2525,ROHDE&SCHWARZ,2016-07-29,2016-08-01,good,available,Inventario oficial 2026-06-09; asignación: codigo_patrimonial_existente
EQ-0499,8782689,,SN 024060783,HMF2525,ROHDE&SCHWARZ,2016-07-29,2016-08-01,good,available,Inventario oficial 2026-06-09; asignación: codigo_patrimonial_existente
EQ-0500,8782690,,SN 024060784,HMF2525,ROHDE&SCHWARZ,2016-07-29,2016-08-01,good,available,Inventario oficial 2026-06-09; asignación: codigo_patrimonial_existente
EQ-0557,8782691,,023768642,HM8134 -3X,ROHDE&SCHWARZ,2016-07-29,2016-08-01,good,available,Inventario oficial 2026-06-09; asignación: codigo_patrimonial_existente
EQ-0556,8782692,,SN 023051190,HM8134 -3X,ROHDE&SCHWARZ,2016-07-29,2016-08-01,good,available,Inventario oficial 2026-06-09; asignación: codigo_patrimonial_existente
EQ-0213,8782693,,105969,SMC100A,ROHDE&SCHWARZ,2016-07-29,2016-08-01,good,available,Inventario oficial 2026-06-09; asignación: codigo_patrimonial_existente
EQ-0212,8782694,,110757-Ky,SMB100A,ROHDE&SCHWARZ,2016-07-29,2016-08-01,good,available,Inventario oficial 2026-06-09; asignación: codigo_patrimonial_existente
EQ-0337,10963865,,10963865,S/M,,2016-11-17,2016-11-24,good,available,Inventario oficial 2026-06-09; asignación: codigo_patrimonial_existente
EQ-0109,11048093,,11048093,S/M,,2016-11-21,2016-11-24,good,available,Inventario oficial 2026-06-09; asignación: codigo_patrimonial_existente
EQ-0345,19291340,,2017060429,CB-25D,BP,2017-10-31,2017-11-01,good,available,Inventario oficial 2026-06-09; asignación: codigo_patrimonial_existente
EQ-0669,19766637,,19766637,S/M,,,,good,available,Inventario oficial 2026-06-09; asignación: grupo_nuevo_firma_exacta
EQ-0669,19766638,,19766638,S/M,,,,good,available,Inventario oficial 2026-06-09; asignación: grupo_nuevo_firma_exacta
EQ-0669,19766639,,19766639,S/M,,,,good,available,Inventario oficial 2026-06-09; asignación: grupo_nuevo_firma_exacta
EQ-0669,19766640,,19766640,S/M,,,,good,available,Inventario oficial 2026-06-09; asignación: grupo_nuevo_firma_exacta
EQ-0669,19766641,,19766641,S/M,,,,good,available,Inventario oficial 2026-06-09; asignación: grupo_nuevo_firma_exacta
EQ-0669,19766642,,19766642,S/M,,,,good,available,Inventario oficial 2026-06-09; asignación: grupo_nuevo_firma_exacta
EQ-0669,19766644,,19766644,S/M,,,,good,available,Inventario oficial 2026-06-09; asignación: grupo_nuevo_firma_exacta
EQ-0669,19766645,,19766645,S/M,,,,good,available,Inventario oficial 2026-06-09; asignación: grupo_nuevo_firma_exacta
EQ-0669,19766646,,19766646,S/M,,,,good,available,Inventario oficial 2026-06-09; asignación: grupo_nuevo_firma_exacta
EQ-0669,19766647,,19766647,S/M,,,,good,available,Inventario oficial 2026-06-09; asignación: grupo_nuevo_firma_exacta
EQ-0669,19766648,,19766648,S/M,,,,good,available,Inventario oficial 2026-06-09; asignación: grupo_nuevo_firma_exacta
EQ-0669,19766649,,19766649,S/M,,,,good,available,Inventario oficial 2026-06-09; asignación: grupo_nuevo_firma_exacta
EQ-0669,19766650,,19766650,S/M,,,,good,available,Inventario oficial 2026-06-09; asignación: grupo_nuevo_firma_exacta
EQ-0669,19766651,,19766651,S/M,,,,good,available,Inventario oficial 2026-06-09; asignación: grupo_nuevo_firma_exacta
EQ-0669,19766652,,19766652,S/M,,,,good,available,Inventario oficial 2026-06-09; asignación: grupo_nuevo_firma_exacta
EQ-0669,19766653,,19766653,S/M,,,,good,available,Inventario oficial 2026-06-09; asignación: grupo_nuevo_firma_exacta
EQ-0669,19766654,,19766654,S/M,,,,good,available,Inventario oficial 2026-06-09; asignación: grupo_nuevo_firma_exacta
EQ-0669,19766655,,19766655,S/M,,,,good,available,Inventario oficial 2026-06-09; asignación: grupo_nuevo_firma_exacta
EQ-0669,19766656,,19766656,S/M,,,,good,available,Inventario oficial 2026-06-09; asignación: grupo_nuevo_firma_exacta
EQ-0669,19766657,,19766657,S/M,,,,good,available,Inventario oficial 2026-06-09; asignación: grupo_nuevo_firma_exacta
EQ-0670,19766685,,19766685,S/M,,,,good,available,Inventario oficial 2026-06-09; asignación: grupo_nuevo_firma_exacta
EQ-0670,19766686,,19766686,S/M,,,,good,available,Inventario oficial 2026-06-09; asignación: grupo_nuevo_firma_exacta
EQ-0670,19766687,,19766687,S/M,,,,good,available,Inventario oficial 2026-06-09; asignación: grupo_nuevo_firma_exacta
EQ-0670,19766688,,19766688,S/M,,,,good,available,Inventario oficial 2026-06-09; asignación: grupo_nuevo_firma_exacta
EQ-0670,19766689,,19766689,S/M,,,,good,available,Inventario oficial 2026-06-09; asignación: grupo_nuevo_firma_exacta
EQ-0670,19766690,,19766690,S/M,,,,good,available,Inventario oficial 2026-06-09; asignación: grupo_nuevo_firma_exacta
EQ-0670,19766691,,19766691,S/M,,,,good,available,Inventario oficial 2026-06-09; asignación: grupo_nuevo_firma_exacta
EQ-0314,22359616,,40930127WS,BT521,FLUKE,2018-05-23,2018-05-23,good,available,Inventario oficial 2026-06-09; asignación: codigo_patrimonial_existente
EQ-0573,22604048,,193870QKDV,6550 10KV,AEMC INSTRUMENTS,2018-05-30,2018-06-12,good,available,Inventario oficial 2026-06-09; asignación: codigo_patrimonial_existente
EQ-0521,23560722,,100047QLTH,6292,AEMC,2018-07-13,2018-08-31,good,available,Inventario oficial 2026-06-09; asignación: codigo_patrimonial_existente
EQ-0313,23762242,,00002641,VNA0460E,MEGIQ,2018-07-31,2018-08-31,good,available,Inventario oficial 2026-06-09; asignación: codigo_patrimonial_existente
EQ-0660,23762243,,E1005565,VNA SANDBOX,MEGIQ,2018-07-31,2018-08-31,good,available,Inventario oficial 2026-06-09; asignación: codigo_patrimonial_existente
EQ-0592,24546597,,24546597,305D,,2018-09-10,2018-10-01,good,available,Inventario oficial 2026-06-09; asignación: codigo_patrimonial_existente
EQ-0589,24546598,,170803800,PS-305DM,LONG WEI,2018-09-10,2018-10-01,good,available,Inventario oficial 2026-06-09; asignación: codigo_patrimonial_existente
EQ-0591,24546599,,170804264,PS-305DM,LONG WEI,2018-09-10,2018-10-01,good,available,Inventario oficial 2026-06-09; asignación: codigo_patrimonial_existente
EQ-0590,24546600,,170804173,PS-305DM,LONG WEI,2018-09-10,2018-10-01,good,available,Inventario oficial 2026-06-09; asignación: codigo_patrimonial_existente
EQ-0320,24546601,,16257221,EM125,AIIOSUN,2018-09-10,2018-10-01,good,available,Inventario oficial 2026-06-09; asignación: codigo_patrimonial_existente
EQ-0588,24546602,,310670,HY3003,HYELEC,2018-09-10,2018-10-01,good,available,Inventario oficial 2026-06-09; asignación: codigo_patrimonial_existente
EQ-0585,24546603,,310661,HY3003,HYELEC,2018-09-10,2018-10-01,good,available,Inventario oficial 2026-06-09; asignación: codigo_patrimonial_existente
EQ-0584,24546604,,310655,HY3003,HYELEC,2018-09-10,2018-10-01,good,available,Inventario oficial 2026-06-09; asignación: codigo_patrimonial_existente
EQ-0586,24546605,,310665,HY3003,HYELEC,2018-09-10,2018-10-01,good,available,Inventario oficial 2026-06-09; asignación: codigo_patrimonial_existente
EQ-0587,24546606,,310669,HY3003,HYELEC,2018-09-10,2018-10-01,good,available,Inventario oficial 2026-06-09; asignación: codigo_patrimonial_existente
EQ-0193,24558480,,24558480,DVP212S,MIYAKO USA,2018-09-10,2018-10-01,good,available,Inventario oficial 2026-06-09; asignación: codigo_patrimonial_existente
EQ-0193,24558481,,24558481,DVP212S,MIYAKO USA,2018-09-10,2018-10-01,good,available,Inventario oficial 2026-06-09; asignación: codigo_patrimonial_existente
EQ-0193,24558482,,24558482,DVP212S,MIYAKO USA,2018-09-10,2018-10-01,good,available,Inventario oficial 2026-06-09; asignación: codigo_patrimonial_existente
EQ-0193,24558483,,24558483,DVP212S,MIYAKO USA,2018-09-10,2018-10-01,good,available,Inventario oficial 2026-06-09; asignación: codigo_patrimonial_existente
EQ-0193,24558484,,24558484,DVP212S,MIYAKO USA,2018-09-10,2018-10-01,good,available,Inventario oficial 2026-06-09; asignación: codigo_patrimonial_existente
EQ-0193,24558485,,24558485,DVP212S,MIYAKO USA,2018-09-10,2018-10-01,good,available,Inventario oficial 2026-06-09; asignación: codigo_patrimonial_existente
EQ-0115,24558486,,24558486,ICL8038,,2018-09-10,2018-10-01,good,available,Inventario oficial 2026-06-09; asignación: codigo_patrimonial_existente
EQ-0115,24558487,,24558487,ICL8038,,2018-09-10,2018-10-01,good,available,Inventario oficial 2026-06-09; asignación: codigo_patrimonial_existente
EQ-0115,24558488,,24558488,ICL8038,,2018-09-10,2018-10-01,good,available,Inventario oficial 2026-06-09; asignación: codigo_patrimonial_existente
EQ-0115,24558489,,24558489,ICL8038,,2018-09-10,2018-10-01,good,available,Inventario oficial 2026-06-09; asignación: codigo_patrimonial_existente
EQ-0115,24558490,,24558490,ICL8038,,2018-09-10,2018-10-01,good,available,Inventario oficial 2026-06-09; asignación: codigo_patrimonial_existente
EQ-0115,24558491,,24558491,ICL8038,,2018-09-10,2018-10-01,good,available,Inventario oficial 2026-06-09; asignación: codigo_patrimonial_existente
EQ-0115,24558492,,24558492,ICL8038,,2018-09-10,2018-10-01,good,available,Inventario oficial 2026-06-09; asignación: codigo_patrimonial_existente
EQ-0225,25213541,,200256,BTC-9300,BRAIN CHILD,2018-10-30,2018-11-05,good,available,Inventario oficial 2026-06-09; asignación: codigo_patrimonial_existente
EQ-0224,25213542,,113523,BTC-9300,BRAIN CHILD,2018-10-30,2018-11-05,good,available,Inventario oficial 2026-06-09; asignación: codigo_patrimonial_existente
EQ-0163,25315022,,091261400,MT-5211,PRO'SKIT,2018-10-30,2018-11-05,good,available,Inventario oficial 2026-06-09; asignación: codigo_patrimonial_existente
EQ-0165,25315023,,091261421,MT-5211,PRO'SKIT,2018-10-30,2018-11-05,good,available,Inventario oficial 2026-06-09; asignación: codigo_patrimonial_existente
EQ-0164,25315024,,091261415,MT-5211,PRO'SKIT,2018-10-30,2018-11-05,good,available,Inventario oficial 2026-06-09; asignación: codigo_patrimonial_existente
EQ-0162,25315025,,091261396,MT-5211,PRO'SKIT,2018-10-30,2018-11-05,good,available,Inventario oficial 2026-06-09; asignación: codigo_patrimonial_existente
EQ-0575,26014979,,42530885WS,116,FLUKE,2018-11-30,2018-12-03,good,available,Inventario oficial 2026-06-09; asignación: codigo_patrimonial_existente
EQ-0568,26014980,,43523451WS,117,FLUKE,2018-11-30,2018-12-03,good,available,Inventario oficial 2026-06-09; asignación: codigo_patrimonial_existente
EQ-0596,26125345,,108752RLDV,6417,AEMC,2018-12-20,2019-01-08,good,available,Inventario oficial 2026-06-09; asignación: codigo_patrimonial_existente
EQ-0671,26221313,,26221313,ACCESS POINT ZONEFLEX R610 ABGN/AC,,,,good,available,Inventario oficial 2026-06-09; asignación: grupo_nuevo_firma_exacta
EQ-0672,27709526,,27709526,80789,,,,good,available,Inventario oficial 2026-06-09; asignación: grupo_nuevo_firma_exacta
EQ-0673,27709728,,27709728,82586,,,,good,available,Inventario oficial 2026-06-09; asignación: grupo_nuevo_firma_exacta
EQ-0674,27709740,,27709740,82755,,,,good,available,Inventario oficial 2026-06-09; asignación: grupo_nuevo_firma_exacta
EQ-0675,27709751,,27709751,82967,,,,good,available,Inventario oficial 2026-06-09; asignación: grupo_nuevo_firma_exacta
EQ-0091,27709935,92393,92393,92393,92393,1989-11-15,2019-05-03,good,available,Inventario oficial 2026-06-09; asignación: codigo_patrimonial_existente
EQ-0189,27709936,92424,92424,92424,92424,2003-03-25,2019-05-03,good,available,Inventario oficial 2026-06-09; asignación: codigo_patrimonial_existente
EQ-0108,27709940,92987,92987,92987,92987,2002-11-11,2019-05-03,good,available,Inventario oficial 2026-06-09; asignación: codigo_patrimonial_existente
EQ-0195,27709946,93005,93005,93005,93005,2003-08-04,2019-05-03,good,available,Inventario oficial 2026-06-09; asignación: codigo_patrimonial_existente
EQ-0183,27709947,93119,93119,93119,93119,2004-12-28,2019-05-03,good,available,Inventario oficial 2026-06-09; asignación: codigo_patrimonial_existente
EQ-0179,27709948,93122,93122,93122,93122,2005-03-16,2019-05-03,good,available,Inventario oficial 2026-06-09; asignación: codigo_patrimonial_existente
EQ-0184,27710113,102155,102155,102155,102155,2004-12-30,2019-05-03,good,available,Inventario oficial 2026-06-09; asignación: codigo_patrimonial_existente
EQ-0185,27710114,102156,102156,102156,102156,2004-12-30,2019-05-03,good,available,Inventario oficial 2026-06-09; asignación: codigo_patrimonial_existente
EQ-0197,27710115,102174,102174,102174,102174,2004-11-11,2019-05-03,good,available,Inventario oficial 2026-06-09; asignación: codigo_patrimonial_existente
EQ-0198,27710116,102175,102175,102175,102175,2004-11-11,2019-05-03,good,available,Inventario oficial 2026-06-09; asignación: codigo_patrimonial_existente
EQ-0676,27710313,,27710313,293728,,,,good,available,Inventario oficial 2026-06-09; asignación: grupo_nuevo_firma_exacta
EQ-0677,27713753,,27713753,80680,,,,good,available,Inventario oficial 2026-06-09; asignación: grupo_nuevo_firma_exacta
EQ-0196,27715934,272332,272332,272332,272332,2008-09-16,2019-05-03,good,available,Inventario oficial 2026-06-09; asignación: codigo_patrimonial_existente
EQ-0196,27715935,272333,272333,272333,272333,2008-09-16,2019-05-03,good,available,Inventario oficial 2026-06-09; asignación: codigo_patrimonial_existente
EQ-0196,27715936,272334,272334,272334,272334,2008-09-16,2019-05-03,good,available,Inventario oficial 2026-06-09; asignación: codigo_patrimonial_existente
EQ-0196,27715937,272335,272335,272335,272335,2008-09-16,2019-05-03,good,available,Inventario oficial 2026-06-09; asignación: codigo_patrimonial_existente
EQ-0196,27715938,272336,272336,272336,272336,2008-09-16,2019-05-03,good,available,Inventario oficial 2026-06-09; asignación: codigo_patrimonial_existente
EQ-0196,27715939,272337,272337,272337,272337,2008-09-16,2019-05-03,good,available,Inventario oficial 2026-06-09; asignación: codigo_patrimonial_existente
EQ-0196,27715940,272338,272338,272338,272338,2008-09-16,2019-05-03,good,available,Inventario oficial 2026-06-09; asignación: codigo_patrimonial_existente
EQ-0196,27715941,272339,272339,272339,272339,2008-09-16,2019-05-03,good,available,Inventario oficial 2026-06-09; asignación: codigo_patrimonial_existente
EQ-0196,27715942,272340,272340,272340,272340,2008-09-16,2019-05-03,good,available,Inventario oficial 2026-06-09; asignación: codigo_patrimonial_existente
EQ-0196,27715943,272341,272341,272341,272341,2008-09-16,2019-05-03,good,available,Inventario oficial 2026-06-09; asignación: codigo_patrimonial_existente
EQ-0196,27715944,272342,272342,272342,272342,2008-09-16,2019-05-03,good,available,Inventario oficial 2026-06-09; asignación: codigo_patrimonial_existente
EQ-0196,27715945,272343,272343,272343,272343,2008-09-16,2019-05-03,good,available,Inventario oficial 2026-06-09; asignación: codigo_patrimonial_existente
EQ-0196,27715946,272344,272344,272344,272344,2008-09-16,2019-05-03,good,available,Inventario oficial 2026-06-09; asignación: codigo_patrimonial_existente
EQ-0196,27715947,272345,272345,272345,272345,2008-09-16,2019-05-03,good,available,Inventario oficial 2026-06-09; asignación: codigo_patrimonial_existente
EQ-0196,27715948,272346,272346,272346,272346,2008-09-16,2019-05-03,good,available,Inventario oficial 2026-06-09; asignación: codigo_patrimonial_existente
EQ-0196,27715949,272347,272347,272347,272347,2008-09-16,2019-05-03,good,available,Inventario oficial 2026-06-09; asignación: codigo_patrimonial_existente
EQ-0196,27715950,272348,272348,272348,272348,2008-09-16,2019-05-03,good,available,Inventario oficial 2026-06-09; asignación: codigo_patrimonial_existente
EQ-0196,27715951,272349,272349,272349,272349,2008-09-16,2019-05-03,good,available,Inventario oficial 2026-06-09; asignación: codigo_patrimonial_existente
EQ-0182,27716229,280161,280161,280161,280161,2009-03-13,2019-05-03,good,available,Inventario oficial 2026-06-09; asignación: codigo_patrimonial_existente
EQ-0181,27716230,280162,280162,280162,280162,2009-03-13,2019-05-03,good,available,Inventario oficial 2026-06-09; asignación: codigo_patrimonial_existente
EQ-0678,27716682,,27716682,284265,,,,good,available,Inventario oficial 2026-06-09; asignación: grupo_nuevo_firma_exacta
EQ-0679,27717015,,27717015,286806,,,,good,available,Inventario oficial 2026-06-09; asignación: grupo_nuevo_firma_exacta
EQ-0680,27723351,,27723351,376202,,,,good,available,Inventario oficial 2026-06-09; asignación: grupo_nuevo_firma_exacta
EQ-0681,27723353,,27723353,376204,,,,good,available,Inventario oficial 2026-06-09; asignación: grupo_nuevo_firma_exacta
EQ-0682,27723375,,27723375,376228,,,,good,available,Inventario oficial 2026-06-09; asignación: grupo_nuevo_firma_exacta
EQ-0177,27723515,376998,SIN S/N. 376998,376998,376998,1989-09-20,2019-05-03,good,available,Inventario oficial 2026-06-09; asignación: codigo_patrimonial_existente
EQ-0177,27723516,376999,SIN S/N. 376999,376999,376999,1989-09-20,2019-05-03,good,available,Inventario oficial 2026-06-09; asignación: codigo_patrimonial_existente
EQ-0197,27727477,443826,443826,443826,443826,2004-11-11,2019-05-03,good,available,Inventario oficial 2026-06-09; asignación: codigo_patrimonial_existente
EQ-0197,27727478,443827,443827,443827,443827,2004-11-11,2019-05-03,good,available,Inventario oficial 2026-06-09; asignación: codigo_patrimonial_existente
EQ-0197,27727479,443828,443828,443828,443828,2004-11-11,2019-05-03,good,available,Inventario oficial 2026-06-09; asignación: codigo_patrimonial_existente
EQ-0198,27727480,443829,443829,443829,443829,2004-11-11,2019-05-03,good,available,Inventario oficial 2026-06-09; asignación: codigo_patrimonial_existente
EQ-0195,27727899,446563,446563,446563,446563,2003-08-04,2019-05-03,good,available,Inventario oficial 2026-06-09; asignación: codigo_patrimonial_existente
EQ-0195,27727900,446564,446564,446564,446564,2003-08-04,2019-05-03,good,available,Inventario oficial 2026-06-09; asignación: codigo_patrimonial_existente
EQ-0195,27727901,446565,446565,446565,446565,2003-08-04,2019-05-03,good,available,Inventario oficial 2026-06-09; asignación: codigo_patrimonial_existente
EQ-0195,27727902,446566,446566,446566,446566,2003-08-04,2019-05-03,good,available,Inventario oficial 2026-06-09; asignación: codigo_patrimonial_existente
EQ-0195,27727903,446567,446567,446567,446567,2003-08-04,2019-05-03,good,available,Inventario oficial 2026-06-09; asignación: codigo_patrimonial_existente
EQ-0195,27727904,446568,446568,446568,446568,2003-08-04,2019-05-03,good,available,Inventario oficial 2026-06-09; asignación: codigo_patrimonial_existente
EQ-0195,27727905,446569,446569,446569,446569,2003-08-04,2019-05-03,good,available,Inventario oficial 2026-06-09; asignación: codigo_patrimonial_existente
EQ-0195,27727906,446570,446570,446570,446570,2003-08-04,2019-05-03,good,available,Inventario oficial 2026-06-09; asignación: codigo_patrimonial_existente
EQ-0195,27727907,446571,446571,446571,446571,2003-08-04,2019-05-03,good,available,Inventario oficial 2026-06-09; asignación: codigo_patrimonial_existente
EQ-0195,27727908,446572,446572,446572,446572,2003-08-04,2019-05-03,good,available,Inventario oficial 2026-06-09; asignación: codigo_patrimonial_existente
EQ-0195,27727909,446573,446573,446573,446573,2003-08-04,2019-05-03,good,available,Inventario oficial 2026-06-09; asignación: codigo_patrimonial_existente
EQ-0195,27727910,446574,446574,446574,446574,2003-08-04,2019-05-03,good,available,Inventario oficial 2026-06-09; asignación: codigo_patrimonial_existente
EQ-0195,27727911,446575,446575,446575,446575,2003-08-04,2019-05-03,good,available,Inventario oficial 2026-06-09; asignación: codigo_patrimonial_existente
EQ-0195,27727912,446576,446576,446576,446576,2003-08-04,2019-05-03,good,available,Inventario oficial 2026-06-09; asignación: codigo_patrimonial_existente
EQ-0195,27727913,446577,446577,446577,446577,2003-08-04,2019-05-03,good,available,Inventario oficial 2026-06-09; asignación: codigo_patrimonial_existente
EQ-0195,27727914,446578,446578,446578,446578,2003-08-04,2019-05-03,good,available,Inventario oficial 2026-06-09; asignación: codigo_patrimonial_existente
EQ-0195,27727915,446579,446579,446579,446579,2003-08-04,2019-05-03,good,available,Inventario oficial 2026-06-09; asignación: codigo_patrimonial_existente
EQ-0195,27727916,446580,446580,446580,446580,2003-08-04,2019-05-03,good,available,Inventario oficial 2026-06-09; asignación: codigo_patrimonial_existente
EQ-0195,27727917,446581,446581,446581,446581,2003-08-04,2019-05-03,good,available,Inventario oficial 2026-06-09; asignación: codigo_patrimonial_existente
EQ-0195,27727918,446582,446582,446582,446582,2003-08-04,2019-05-03,good,available,Inventario oficial 2026-06-09; asignación: codigo_patrimonial_existente
EQ-0195,27727919,446583,446583,446583,446583,2003-08-04,2019-05-03,good,available,Inventario oficial 2026-06-09; asignación: codigo_patrimonial_existente
EQ-0195,27727920,446584,446584,446584,446584,2003-08-04,2019-05-03,good,available,Inventario oficial 2026-06-09; asignación: codigo_patrimonial_existente
EQ-0195,27727921,446585,446585,446585,446585,2003-08-04,2019-05-03,good,available,Inventario oficial 2026-06-09; asignación: codigo_patrimonial_existente
EQ-0195,27727922,446586,446586,446586,446586,2003-08-04,2019-05-03,good,available,Inventario oficial 2026-06-09; asignación: codigo_patrimonial_existente
EQ-0195,27727923,446587,446587,446587,446587,2003-08-04,2019-05-03,good,available,Inventario oficial 2026-06-09; asignación: codigo_patrimonial_existente
EQ-0195,27727924,446588,446588,446588,446588,2003-08-04,2019-05-03,good,available,Inventario oficial 2026-06-09; asignación: codigo_patrimonial_existente
EQ-0195,27727925,446589,446589,446589,446589,2003-08-04,2019-05-03,good,available,Inventario oficial 2026-06-09; asignación: codigo_patrimonial_existente
EQ-0683,27729128,,27729128,462678,,,,good,available,Inventario oficial 2026-06-09; asignación: grupo_nuevo_firma_exacta
EQ-0180,27729316,463445,463445,463445,463445,2013-10-16,2019-05-03,good,available,Inventario oficial 2026-06-09; asignación: codigo_patrimonial_existente
EQ-0110,27732231,92244,92244,SIN MODELO,S/M,1982-02-15,2019-05-03,good,available,Inventario oficial 2026-06-09; asignación: codigo_patrimonial_existente
EQ-0111,27732232,92245,92245,SIN MODELO,POWER,1982-02-15,2019-05-03,good,available,Inventario oficial 2026-06-09; asignación: codigo_patrimonial_existente
EQ-0155,27732233,92358,92358,TM199,TERCO,1983-06-07,2019-05-03,good,available,Inventario oficial 2026-06-09; asignación: codigo_patrimonial_existente
EQ-0100,27732236,92413,92413,3C16723A,3COM,1970-10-11,2019-05-03,good,available,Inventario oficial 2026-06-09; asignación: codigo_patrimonial_existente
EQ-0112,27732467,240236,SIN SERIE 240236,SIN MODELO,SIEMENS,2006-03-22,2019-05-03,good,available,Inventario oficial 2026-06-09; asignación: codigo_patrimonial_existente
EQ-0116,27733018,261330,SIN SERIE 261330,ML-2010/XAA,SAMSUNG,2007-09-13,2019-05-03,good,available,Inventario oficial 2026-06-09; asignación: codigo_patrimonial_existente
EQ-0178,27734377,286172,SIN SERIE 286172,SIN MODELO,S/M,2009-10-16,2019-05-03,good,available,Inventario oficial 2026-06-09; asignación: codigo_patrimonial_existente
EQ-0209,27736010,357148,SIN SERIE 357148,KB-0316,HP,2011-12-13,2019-05-03,good,available,Inventario oficial 2026-06-09; asignación: codigo_patrimonial_existente
EQ-0161,27736015,357153,SIN SERIE 357153,SIN MODELO,HP,2011-12-13,2019-05-03,good,available,Inventario oficial 2026-06-09; asignación: codigo_patrimonial_existente
EQ-0157,27736349,360091,SIN SERIE 360091,SIN MODELO,HP,2012-06-15,2019-05-03,good,available,Inventario oficial 2026-06-09; asignación: codigo_patrimonial_existente
EQ-0158,27736350,360092,SIN SERIE 360092,SIN MODELO,HP,2012-06-15,2019-05-03,good,available,Inventario oficial 2026-06-09; asignación: codigo_patrimonial_existente
EQ-0159,27736351,360093,SIN SERIE 360093,SIN MODELO,HP,2012-06-15,2019-05-03,good,available,Inventario oficial 2026-06-09; asignación: codigo_patrimonial_existente
EQ-0204,27736353,360095,SIN SERIE 360095,SIN MODELO,HP,2012-06-15,2019-05-03,good,available,Inventario oficial 2026-06-09; asignación: codigo_patrimonial_existente
EQ-0205,27736354,360096,SIN SERIE 360096,SIN MODELO,HP,2012-06-15,2019-05-03,good,available,Inventario oficial 2026-06-09; asignación: codigo_patrimonial_existente
EQ-0206,27736355,360097,SIN SERIE 360097,KB-0316,HP,2012-06-15,2019-05-03,good,available,Inventario oficial 2026-06-09; asignación: codigo_patrimonial_existente
EQ-0207,27736356,360098,SIN SERIE 360098,SIN MODELO,HP,2012-06-15,2019-05-03,good,available,Inventario oficial 2026-06-09; asignación: codigo_patrimonial_existente
EQ-0110,27736560,446135,SIN SERIE 446135,SIN MODELO,S/M,1982-02-15,2019-05-03,good,available,Inventario oficial 2026-06-09; asignación: codigo_patrimonial_existente
EQ-0111,27736561,446136,SIN SERIE 446136,SIN MODELO,POWER,1982-02-15,2019-05-03,good,available,Inventario oficial 2026-06-09; asignación: codigo_patrimonial_existente
EQ-0211,27736576,447548,SIN SERIE 447548,BE550G-LM,APC,2012-10-10,2019-05-03,good,available,Inventario oficial 2026-06-09; asignación: codigo_patrimonial_existente
EQ-0211,27736577,447549,SIN SERIE 447549,BE550G-LM,APC,2012-10-10,2019-05-03,good,available,Inventario oficial 2026-06-09; asignación: codigo_patrimonial_existente
EQ-0211,27736578,447550,SIN SERIE 447550,BE550G-LM,APC,2012-10-10,2019-05-03,good,available,Inventario oficial 2026-06-09; asignación: codigo_patrimonial_existente
EQ-0210,27736579,447551,SIN SERIE 447551,BE550G-LM,APC,2012-10-10,2019-05-03,good,available,Inventario oficial 2026-06-09; asignación: codigo_patrimonial_existente
EQ-0210,27736580,447552,SIN SERIE 447552,BE550G-LM,APC,2012-10-10,2019-05-03,good,available,Inventario oficial 2026-06-09; asignación: codigo_patrimonial_existente
EQ-0210,27736581,447553,SIN SERIE 447553,BE550G-LM,APC,2012-10-10,2019-05-03,good,available,Inventario oficial 2026-06-09; asignación: codigo_patrimonial_existente
EQ-0684,27736591,,27736591,BE550G-LM,APC MODELO BE550G LM SERIE NO 4B1217P40957,,,good,available,Inventario oficial 2026-06-09; asignación: grupo_nuevo_firma_exacta
EQ-0154,27738029,241473,SIN SERIE 241473,S/M,S/M,2006-05-02,2019-05-03,good,available,Inventario oficial 2026-06-09; asignación: codigo_patrimonial_existente
EQ-0154,27738030,241474,SIN SERIE 241474,S/M,S/M,2006-05-02,2019-05-03,good,available,Inventario oficial 2026-06-09; asignación: codigo_patrimonial_existente
EQ-0154,27738031,241475,SIN SERIE 241475,S/M,S/M,2006-05-02,2019-05-03,good,available,Inventario oficial 2026-06-09; asignación: codigo_patrimonial_existente
EQ-0154,27738032,241476,SIN SERIE 241476,S/M,S/M,2006-05-02,2019-05-03,good,available,Inventario oficial 2026-06-09; asignación: codigo_patrimonial_existente
EQ-0154,27738033,241477,SIN SERIE 241477,S/M,S/M,2006-05-02,2019-05-03,good,available,Inventario oficial 2026-06-09; asignación: codigo_patrimonial_existente
EQ-0154,27738034,241478,SIN SERIE 241478,S/M,S/M,2006-05-02,2019-05-03,good,available,Inventario oficial 2026-06-09; asignación: codigo_patrimonial_existente
EQ-0154,27738035,241479,SIN SERIE 241479,S/M,S/M,2006-05-02,2019-05-03,good,available,Inventario oficial 2026-06-09; asignación: codigo_patrimonial_existente
EQ-0154,27738036,241480,SIN SERIE 241480,S/M,S/M,2006-05-02,2019-05-03,good,available,Inventario oficial 2026-06-09; asignación: codigo_patrimonial_existente
EQ-0154,27738037,241481,SIN SERIE 241481,S/M,S/M,2006-05-02,2019-05-03,good,available,Inventario oficial 2026-06-09; asignación: codigo_patrimonial_existente
EQ-0154,27738038,241482,SIN SERIE 241482,S/M,S/M,2006-05-02,2019-05-03,good,available,Inventario oficial 2026-06-09; asignación: codigo_patrimonial_existente
EQ-0154,27738039,241483,SIN SERIE 241483,S/M,S/M,2006-05-02,2019-05-03,good,available,Inventario oficial 2026-06-09; asignación: codigo_patrimonial_existente
EQ-0154,27738040,241484,SIN SERIE 241484,S/M,S/M,2006-05-02,2019-05-03,good,available,Inventario oficial 2026-06-09; asignación: codigo_patrimonial_existente
EQ-0154,27738041,241485,SIN SERIE 241485,S/M,S/M,2006-05-02,2019-05-03,good,available,Inventario oficial 2026-06-09; asignación: codigo_patrimonial_existente
EQ-0154,27738042,241486,SIN SERIE 241486,S/M,S/M,2006-05-02,2019-05-03,good,available,Inventario oficial 2026-06-09; asignación: codigo_patrimonial_existente
EQ-0154,27738043,241487,SIN SERIE 241487,S/M,S/M,2006-05-02,2019-05-03,good,available,Inventario oficial 2026-06-09; asignación: codigo_patrimonial_existente
EQ-0154,27738044,241488,SIN SERIE 241488,S/M,S/M,2006-05-02,2019-05-03,good,available,Inventario oficial 2026-06-09; asignación: codigo_patrimonial_existente
EQ-0154,27738045,241489,SIN SERIE 241489,S/M,S/M,2006-05-02,2019-05-03,good,available,Inventario oficial 2026-06-09; asignación: codigo_patrimonial_existente
EQ-0154,27738046,241490,SIN SERIE 241490,S/M,S/M,2006-05-02,2019-05-03,good,available,Inventario oficial 2026-06-09; asignación: codigo_patrimonial_existente
EQ-0154,27738047,241491,SIN SERIE 241491,S/M,S/M,2006-05-02,2019-05-03,good,available,Inventario oficial 2026-06-09; asignación: codigo_patrimonial_existente
EQ-0154,27738048,241492,SIN SERIE 241492,S/M,S/M,2006-05-02,2019-05-03,good,available,Inventario oficial 2026-06-09; asignación: codigo_patrimonial_existente
EQ-0154,27738049,241493,SIN SERIE 241493,S/M,S/M,2006-05-02,2019-05-03,good,available,Inventario oficial 2026-06-09; asignación: codigo_patrimonial_existente
EQ-0154,27738050,241494,SIN SERIE 241494,S/M,S/M,2006-05-02,2019-05-03,good,available,Inventario oficial 2026-06-09; asignación: codigo_patrimonial_existente
EQ-0154,27738051,241495,SIN SERIE 241495,S/M,S/M,2006-05-02,2019-05-03,good,available,Inventario oficial 2026-06-09; asignación: codigo_patrimonial_existente
EQ-0154,27738052,241496,SIN SERIE 241496,S/M,S/M,2006-05-02,2019-05-03,good,available,Inventario oficial 2026-06-09; asignación: codigo_patrimonial_existente
EQ-0154,27738053,241497,SIN SERIE 241497,S/M,S/M,2006-05-02,2019-05-03,good,available,Inventario oficial 2026-06-09; asignación: codigo_patrimonial_existente
EQ-0154,27738054,241498,SIN SERIE 241498,S/M,S/M,2006-05-02,2019-05-03,good,available,Inventario oficial 2026-06-09; asignación: codigo_patrimonial_existente
EQ-0154,27738055,241499,SIN SERIE 241499,S/M,S/M,2006-05-02,2019-05-03,good,available,Inventario oficial 2026-06-09; asignación: codigo_patrimonial_existente
EQ-0154,27738056,241500,SIN SERIE 241500,S/M,S/M,2006-05-02,2019-05-03,good,available,Inventario oficial 2026-06-09; asignación: codigo_patrimonial_existente
EQ-0154,27738057,241501,SIN SERIE 241501,S/M,S/M,2006-05-02,2019-05-03,good,available,Inventario oficial 2026-06-09; asignación: codigo_patrimonial_existente
EQ-0154,27738058,241502,SIN SERIE 241502,S/M,S/M,2006-05-02,2019-05-03,good,available,Inventario oficial 2026-06-09; asignación: codigo_patrimonial_existente
EQ-0154,27738059,241503,SIN SERIE 241503,S/M,S/M,2006-05-02,2019-05-03,good,available,Inventario oficial 2026-06-09; asignación: codigo_patrimonial_existente
EQ-0154,27738060,241504,SIN SERIE 241504,S/M,S/M,2006-05-02,2019-05-03,good,available,Inventario oficial 2026-06-09; asignación: codigo_patrimonial_existente
EQ-0154,27738061,241505,SIN SERIE 241505,S/M,S/M,2006-05-02,2019-05-03,good,available,Inventario oficial 2026-06-09; asignación: codigo_patrimonial_existente
EQ-0154,27738062,241506,SIN SERIE 241506,S/M,S/M,2006-05-02,2019-05-03,good,available,Inventario oficial 2026-06-09; asignación: codigo_patrimonial_existente
EQ-0154,27738063,241507,SIN SERIE 241507,S/M,S/M,2006-05-02,2019-05-03,good,available,Inventario oficial 2026-06-09; asignación: codigo_patrimonial_existente
EQ-0154,27738064,241508,SIN SERIE 241508,S/M,S/M,2006-05-02,2019-05-03,good,available,Inventario oficial 2026-06-09; asignación: codigo_patrimonial_existente
EQ-0154,27738065,241509,SIN SERIE 241509,S/M,S/M,2006-05-02,2019-05-03,good,available,Inventario oficial 2026-06-09; asignación: codigo_patrimonial_existente
EQ-0154,27738066,241510,SIN SERIE 241510,S/M,S/M,2006-05-02,2019-05-03,good,available,Inventario oficial 2026-06-09; asignación: codigo_patrimonial_existente
EQ-0154,27738067,241511,SIN SERIE 241511,S/M,S/M,2006-05-02,2019-05-03,good,available,Inventario oficial 2026-06-09; asignación: codigo_patrimonial_existente
EQ-0154,27738068,241512,SIN SERIE 241512,S/M,S/M,2006-05-02,2019-05-03,good,available,Inventario oficial 2026-06-09; asignación: codigo_patrimonial_existente
EQ-0154,27738069,241513,SIN SERIE 241513,S/M,S/M,2006-05-02,2019-05-03,good,available,Inventario oficial 2026-06-09; asignación: codigo_patrimonial_existente
EQ-0154,27738070,241514,SIN SERIE 241514,S/M,S/M,2006-05-02,2019-05-03,good,available,Inventario oficial 2026-06-09; asignación: codigo_patrimonial_existente
EQ-0154,27738071,241515,SIN SERIE 241515,S/M,S/M,2006-05-02,2019-05-03,good,available,Inventario oficial 2026-06-09; asignación: codigo_patrimonial_existente
EQ-0154,27738072,241516,SIN SERIE 241516,S/M,S/M,2006-05-02,2019-05-03,good,available,Inventario oficial 2026-06-09; asignación: codigo_patrimonial_existente
EQ-0154,27738073,241517,SIN SERIE 241517,S/M,S/M,2006-05-02,2019-05-03,good,available,Inventario oficial 2026-06-09; asignación: codigo_patrimonial_existente
EQ-0154,27738074,241518,SIN SERIE 241518,S/M,S/M,2006-05-02,2019-05-03,good,available,Inventario oficial 2026-06-09; asignación: codigo_patrimonial_existente
EQ-0154,27738075,241519,SIN SERIE 241519,S/M,S/M,2006-05-02,2019-05-03,good,available,Inventario oficial 2026-06-09; asignación: codigo_patrimonial_existente
EQ-0154,27738076,241520,SIN SERIE 241520,S/M,S/M,2006-05-02,2019-05-03,good,available,Inventario oficial 2026-06-09; asignación: codigo_patrimonial_existente
EQ-0154,27738077,241521,SIN SERIE 241521,S/M,S/M,2006-05-02,2019-05-03,good,available,Inventario oficial 2026-06-09; asignación: codigo_patrimonial_existente
EQ-0154,27738078,241522,SIN SERIE 241522,S/M,S/M,2006-05-02,2019-05-03,good,available,Inventario oficial 2026-06-09; asignación: codigo_patrimonial_existente
EQ-0154,27738079,241523,SIN SERIE 241523,S/M,S/M,2006-05-02,2019-05-03,good,available,Inventario oficial 2026-06-09; asignación: codigo_patrimonial_existente
EQ-0154,27738080,241524,SIN SERIE 241524,S/M,S/M,2006-05-02,2019-05-03,good,available,Inventario oficial 2026-06-09; asignación: codigo_patrimonial_existente
EQ-0154,27738081,241525,SIN SERIE 241525,S/M,S/M,2006-05-02,2019-05-03,good,available,Inventario oficial 2026-06-09; asignación: codigo_patrimonial_existente
EQ-0154,27738082,241526,SIN SERIE 241526,S/M,S/M,2006-05-02,2019-05-03,good,available,Inventario oficial 2026-06-09; asignación: codigo_patrimonial_existente
EQ-0154,27738083,241527,SIN SERIE 241527,S/M,S/M,2006-05-02,2019-05-03,good,available,Inventario oficial 2026-06-09; asignación: codigo_patrimonial_existente
EQ-0154,27738084,241528,SIN SERIE 241528,S/M,S/M,2006-05-02,2019-05-03,good,available,Inventario oficial 2026-06-09; asignación: codigo_patrimonial_existente
EQ-0154,27738085,241529,SIN SERIE 241529,S/M,S/M,2006-05-02,2019-05-03,good,available,Inventario oficial 2026-06-09; asignación: codigo_patrimonial_existente
EQ-0154,27738086,241530,SIN SERIE 241530,S/M,S/M,2006-05-02,2019-05-03,good,available,Inventario oficial 2026-06-09; asignación: codigo_patrimonial_existente
EQ-0154,27738087,241531,SIN SERIE 241531,S/M,S/M,2006-05-02,2019-05-03,good,available,Inventario oficial 2026-06-09; asignación: codigo_patrimonial_existente
EQ-0154,27738088,241532,SIN SERIE 241532,S/M,S/M,2006-05-02,2019-05-03,good,available,Inventario oficial 2026-06-09; asignación: codigo_patrimonial_existente
EQ-0154,27738089,241533,SIN SERIE 241533,S/M,S/M,2006-05-02,2019-05-03,good,available,Inventario oficial 2026-06-09; asignación: codigo_patrimonial_existente
EQ-0154,27738090,241534,SIN SERIE 241534,S/M,S/M,2006-05-02,2019-05-03,good,available,Inventario oficial 2026-06-09; asignación: codigo_patrimonial_existente
EQ-0154,27738091,241535,SIN SERIE 241535,S/M,S/M,2006-05-02,2019-05-03,good,available,Inventario oficial 2026-06-09; asignación: codigo_patrimonial_existente
EQ-0154,27738092,241536,SIN SERIE 241536,S/M,S/M,2006-05-02,2019-05-03,good,available,Inventario oficial 2026-06-09; asignación: codigo_patrimonial_existente
EQ-0154,27738093,241537,SIN SERIE 241537,S/M,S/M,2006-05-02,2019-05-03,good,available,Inventario oficial 2026-06-09; asignación: codigo_patrimonial_existente
EQ-0154,27738094,241538,SIN SERIE 241538,S/M,S/M,2006-05-02,2019-05-03,good,available,Inventario oficial 2026-06-09; asignación: codigo_patrimonial_existente
EQ-0002,27738770,92218,SIN SERIE92218,S/M,S/M,1982-02-15,2019-05-03,good,available,Inventario oficial 2026-06-09; asignación: codigo_patrimonial_existente
EQ-0023,27738771,92248,SIN SERIE92248,92248,92248,1982-02-15,2019-05-03,good,available,Inventario oficial 2026-06-09; asignación: codigo_patrimonial_existente
EQ-0041,27738772,92268,SIN SERIE92268,S/M,EQUITECH TRAINING SYSTEMS LTD.,1982-02-15,2019-05-03,good,available,Inventario oficial 2026-06-09; asignación: codigo_patrimonial_existente
EQ-0042,27738773,92269,SIN SERIE92269,S/M,T.E.I.,1982-02-15,2019-05-03,good,available,Inventario oficial 2026-06-09; asignación: codigo_patrimonial_existente
EQ-0022,27738774,92289,SIN SERIE92289,S/M,ANGOL ELECTRIC,1982-02-15,2019-05-03,good,available,Inventario oficial 2026-06-09; asignación: codigo_patrimonial_existente
EQ-0044,27738775,92290,SIN SERIE92290,S/M,S/M,1982-02-15,2019-05-03,good,available,Inventario oficial 2026-06-09; asignación: codigo_patrimonial_existente
EQ-0043,27738776,92291,SIN SERIE92291,S/M,S/M,1982-02-15,2019-05-03,good,available,Inventario oficial 2026-06-09; asignación: codigo_patrimonial_existente
EQ-0045,27738777,92292,SIN SERIE92292,S/M,S/M,1982-02-15,2019-05-03,good,available,Inventario oficial 2026-06-09; asignación: codigo_patrimonial_existente
EQ-0047,27738778,92293,SIN SERIE92293,S/M,S/M,1982-02-15,2019-05-03,good,available,Inventario oficial 2026-06-09; asignación: codigo_patrimonial_existente
EQ-0046,27738779,92294,SIN SERIE92294,S/M,S/M,1982-02-15,2019-05-03,good,available,Inventario oficial 2026-06-09; asignación: codigo_patrimonial_existente
EQ-0038,27738781,92349,SIN SERIE92349,D21S3,BROWN BOVERI,1983-06-07,2019-05-03,good,available,Inventario oficial 2026-06-09; asignación: codigo_patrimonial_existente
EQ-0035,27738782,92350,SIN SERIE92350,ICM2A,BROWN BOVERI,1983-06-07,2019-05-03,good,available,Inventario oficial 2026-06-09; asignación: codigo_patrimonial_existente
EQ-0037,27738783,92351,SIN SERIE92351,ISM2,BROWN BOVERI,1983-06-07,2019-05-03,good,available,Inventario oficial 2026-06-09; asignación: codigo_patrimonial_existente
EQ-0036,27738784,92352,SIN SERIE92352,IM3X,BROWN BOVERI,1983-06-07,2019-05-03,good,available,Inventario oficial 2026-06-09; asignación: codigo_patrimonial_existente
EQ-0039,27738785,92353,SIN SERIE92353,PM2G0,BROWN BOVERI,1983-06-07,2019-05-03,good,available,Inventario oficial 2026-06-09; asignación: codigo_patrimonial_existente
EQ-0040,27738786,92354,SIN SERIE92354,S10H,HB,1983-06-07,2019-05-03,good,available,Inventario oficial 2026-06-09; asignación: codigo_patrimonial_existente
EQ-0048,27738787,92356,SIN SERIE92356,S/M,S/M,1983-06-07,2019-05-03,good,available,Inventario oficial 2026-06-09; asignación: codigo_patrimonial_existente
EQ-0021,27738790,92417,SIN SERIE92417,S/M,S/M,1991-01-24,2019-05-03,good,available,Inventario oficial 2026-06-09; asignación: codigo_patrimonial_existente
EQ-0004,27738793,92934,SIN SERIE92934,S/M,GOSSEN,1999-07-19,2019-05-03,good,available,Inventario oficial 2026-06-09; asignación: codigo_patrimonial_existente
EQ-0001,27738830,98878,SIN SERIE98878,S/M,PHYME,1983-05-24,2019-05-03,good,available,Inventario oficial 2026-06-09; asignación: codigo_patrimonial_existente
EQ-0001,27738831,98879,SIN SERIE98879,S/M,PHYME,1983-05-24,2019-05-03,good,available,Inventario oficial 2026-06-09; asignación: codigo_patrimonial_existente
EQ-0050,27738832,98880,SIN SERIE98880,S/M,GOSSEN,1983-05-24,2019-05-03,good,available,Inventario oficial 2026-06-09; asignación: codigo_patrimonial_existente
EQ-0052,27738833,98881,SIN SERIE98881,S/M,GOSSEN,1983-05-24,2019-05-03,good,available,Inventario oficial 2026-06-09; asignación: codigo_patrimonial_existente
EQ-0053,27738834,98882,SIN SERIE98882,S/M,GOSSEN,1983-05-24,2019-05-03,good,available,Inventario oficial 2026-06-09; asignación: codigo_patrimonial_existente
EQ-0056,27738835,98884,SIN SERIE98884,S/M,NORMA,1983-05-24,2019-05-03,good,available,Inventario oficial 2026-06-09; asignación: codigo_patrimonial_existente
EQ-0034,27738836,98888,SIN SERIE98888,S/M,WHESTSTONE THOMSON,1983-05-24,2019-05-03,good,available,Inventario oficial 2026-06-09; asignación: codigo_patrimonial_existente
EQ-0006,27738837,98908,SIN SERIE98908,S/M,S/M,1983-05-24,2019-05-03,good,available,Inventario oficial 2026-06-09; asignación: codigo_patrimonial_existente
EQ-0005,27738838,98909,SIN SERIE98909,S/M,S/M,1983-05-24,2019-05-03,good,available,Inventario oficial 2026-06-09; asignación: codigo_patrimonial_existente
EQ-0013,27739240,102053,899400,GS 25,MES SWANDLER-BAU,1989-06-28,2019-05-03,good,available,Inventario oficial 2026-06-09; asignación: codigo_patrimonial_existente
EQ-0014,27739241,102054,899401,GS 25,MES SWANDLER-BAU,1989-06-28,2019-05-03,good,available,Inventario oficial 2026-06-09; asignación: codigo_patrimonial_existente
EQ-0010,27739242,102055,899393,GS 25,MES SWANDLER-BAU,1989-06-28,2019-05-03,good,available,Inventario oficial 2026-06-09; asignación: codigo_patrimonial_existente
EQ-0011,27739243,102056,899394,GS 25,MES SWANDLER-BAU,1989-06-28,2019-05-03,good,available,Inventario oficial 2026-06-09; asignación: codigo_patrimonial_existente
EQ-0012,27739244,102057,899396,GS 25,MES SWANDLER-BAU,1989-06-28,2019-05-03,good,available,Inventario oficial 2026-06-09; asignación: codigo_patrimonial_existente
EQ-0007,27739245,102058,S.102058,CB,MWB,1989-06-28,2019-05-03,good,available,Inventario oficial 2026-06-09; asignación: codigo_patrimonial_existente
EQ-0008,27739246,102059,S.102059,CB,MWB,1989-06-28,2019-05-03,good,available,Inventario oficial 2026-06-09; asignación: codigo_patrimonial_existente
EQ-0009,27739247,102060,S.102060,CB,MWB,1989-06-28,2019-05-03,good,available,Inventario oficial 2026-06-09; asignación: codigo_patrimonial_existente
EQ-0015,27739248,102061,913308,CM,MES SWANDLER-BAU,1989-06-28,2019-05-03,good,available,Inventario oficial 2026-06-09; asignación: codigo_patrimonial_existente
EQ-0016,27739249,102062,913310,CM,MES SWANDLER-BAU,1989-06-28,2019-05-03,good,available,Inventario oficial 2026-06-09; asignación: codigo_patrimonial_existente
EQ-0017,27739250,102063,913311,CM,MES SWANDLER-BAU,1989-06-28,2019-05-03,good,available,Inventario oficial 2026-06-09; asignación: codigo_patrimonial_existente
EQ-0032,27739251,102098,S.102098,V,S/M,1989-06-28,2019-05-03,good,available,Inventario oficial 2026-06-09; asignación: codigo_patrimonial_existente
EQ-0030,27739252,102101,S.102101,F,S/M,1989-06-28,2019-05-03,good,available,Inventario oficial 2026-06-09; asignación: codigo_patrimonial_existente
EQ-0024,27739253,102105,859 929,NTZ,MES SWANDLER-BAU,1989-06-28,2019-05-03,good,available,Inventario oficial 2026-06-09; asignación: codigo_patrimonial_existente
EQ-0025,27739254,102106,859 930,NTZ,MES SWANDLER-BAU,1989-06-28,2019-05-03,good,available,Inventario oficial 2026-06-09; asignación: codigo_patrimonial_existente
EQ-0026,27739255,102107,859 931,NTZ,MES SWANDLER-BAU,1989-06-28,2019-05-03,good,available,Inventario oficial 2026-06-09; asignación: codigo_patrimonial_existente
EQ-0027,27739256,102108,859 932,NTZ,MES SWANDLER-BAU,1989-06-28,2019-05-03,good,available,Inventario oficial 2026-06-09; asignación: codigo_patrimonial_existente
EQ-0028,27739257,102109,859 933,NTZ,MES SWANDLER-BAU,1989-06-28,2019-05-03,good,available,Inventario oficial 2026-06-09; asignación: codigo_patrimonial_existente
EQ-0031,27740331,443807,S-443807,F,S/M,1989-06-28,2019-05-03,good,available,Inventario oficial 2026-06-09; asignación: codigo_patrimonial_existente
EQ-0031,27740332,443808,S-443808,F,S/M,1989-06-28,2019-05-03,good,available,Inventario oficial 2026-06-09; asignación: codigo_patrimonial_existente
EQ-0031,27740333,443809,S-443809,F,S/M,1989-06-28,2019-05-03,good,available,Inventario oficial 2026-06-09; asignación: codigo_patrimonial_existente
EQ-0031,27740334,443810,S-443810,F,S/M,1989-06-28,2019-05-03,good,available,Inventario oficial 2026-06-09; asignación: codigo_patrimonial_existente
EQ-0031,27740335,443811,S-443811,F,S/M,1989-06-28,2019-05-03,good,available,Inventario oficial 2026-06-09; asignación: codigo_patrimonial_existente
EQ-0031,27740336,443812,S-443812,F,S/M,1989-06-28,2019-05-03,good,available,Inventario oficial 2026-06-09; asignación: codigo_patrimonial_existente
EQ-0033,27740337,443813,S-443813,V,S/M,1989-06-28,2019-05-03,good,available,Inventario oficial 2026-06-09; asignación: codigo_patrimonial_existente
EQ-0033,27740338,443814,S-443814,V,S/M,1989-06-28,2019-05-03,good,available,Inventario oficial 2026-06-09; asignación: codigo_patrimonial_existente
EQ-0033,27740339,443815,S-443815,V,S/M,1989-06-28,2019-05-03,good,available,Inventario oficial 2026-06-09; asignación: codigo_patrimonial_existente
EQ-0033,27740340,443816,S-443816,V,S/M,1989-06-28,2019-05-03,good,available,Inventario oficial 2026-06-09; asignación: codigo_patrimonial_existente
EQ-0033,27740341,443817,S-443817,V,S/M,1989-06-28,2019-05-03,good,available,Inventario oficial 2026-06-09; asignación: codigo_patrimonial_existente
EQ-0003,27740524,445878,S-445878,S/M,S/M,1982-02-15,2019-05-03,good,available,Inventario oficial 2026-06-09; asignación: codigo_patrimonial_existente
EQ-0004,27740525,445879,S-445879,S/M,GOSSEN,1999-07-19,2019-05-03,good,available,Inventario oficial 2026-06-09; asignación: codigo_patrimonial_existente
EQ-0043,27740526,446379,S-446379,S/M,S/M,1982-02-15,2019-05-03,good,available,Inventario oficial 2026-06-09; asignación: codigo_patrimonial_existente
EQ-0043,27740527,446380,S-446380,S/M,S/M,1982-02-15,2019-05-03,good,available,Inventario oficial 2026-06-09; asignación: codigo_patrimonial_existente
EQ-0043,27740528,446381,S-446381,S/M,S/M,1982-02-15,2019-05-03,good,available,Inventario oficial 2026-06-09; asignación: codigo_patrimonial_existente
EQ-0044,27740529,446382,S-446382,S/M,S/M,1982-02-15,2019-05-03,good,available,Inventario oficial 2026-06-09; asignación: codigo_patrimonial_existente
EQ-0045,27740530,446383,S-446383,S/M,S/M,1982-02-15,2019-05-03,good,available,Inventario oficial 2026-06-09; asignación: codigo_patrimonial_existente
EQ-0045,27740531,446384,S-446384,S/M,S/M,1982-02-15,2019-05-03,good,available,Inventario oficial 2026-06-09; asignación: codigo_patrimonial_existente
EQ-0045,27740532,446385,S-446385,S/M,S/M,1982-02-15,2019-05-03,good,available,Inventario oficial 2026-06-09; asignación: codigo_patrimonial_existente
EQ-0046,27740533,446386,S-446386,S/M,S/M,1982-02-15,2019-05-03,good,available,Inventario oficial 2026-06-09; asignación: codigo_patrimonial_existente
EQ-0046,27740534,446387,S-446387,S/M,S/M,1982-02-15,2019-05-03,good,available,Inventario oficial 2026-06-09; asignación: codigo_patrimonial_existente
EQ-0046,27740535,446388,S-446388,S/M,S/M,1982-02-15,2019-05-03,good,available,Inventario oficial 2026-06-09; asignación: codigo_patrimonial_existente
EQ-0047,27740536,446389,S-446389,S/M,S/M,1982-02-15,2019-05-03,good,available,Inventario oficial 2026-06-09; asignación: codigo_patrimonial_existente
EQ-0047,27740537,446390,S-446390,S/M,S/M,1982-02-15,2019-05-03,good,available,Inventario oficial 2026-06-09; asignación: codigo_patrimonial_existente
EQ-0047,27740538,446391,S-446391,S/M,S/M,1982-02-15,2019-05-03,good,available,Inventario oficial 2026-06-09; asignación: codigo_patrimonial_existente
EQ-0048,27740539,446392,S-446392,S/M,S/M,1983-06-07,2019-05-03,good,available,Inventario oficial 2026-06-09; asignación: codigo_patrimonial_existente
EQ-0048,27740540,446393,S-446393,S/M,TERCO,1983-06-07,2019-05-03,good,available,Inventario oficial 2026-06-09; asignación: codigo_patrimonial_existente
EQ-0049,27740541,446394,S-TB40,S/M,BELASTUNGSWIDERSTANAD,1982-02-15,2019-05-03,good,available,Inventario oficial 2026-06-09; asignación: codigo_patrimonial_existente
EQ-0001,27740719,451568,S-451568,S/M,PHYME,1983-05-24,2019-05-03,good,available,Inventario oficial 2026-06-09; asignación: codigo_patrimonial_existente
EQ-0001,27740720,451569,S-451569,S/M,PHYME,1983-05-24,2019-05-03,good,available,Inventario oficial 2026-06-09; asignación: codigo_patrimonial_existente
EQ-0001,27740721,451570,S-451570,S/M,PHYME,1983-05-24,2019-05-03,good,available,Inventario oficial 2026-06-09; asignación: codigo_patrimonial_existente
EQ-0001,27740722,451571,S-451571,S/M,PHYME,1983-05-24,2019-05-03,good,available,Inventario oficial 2026-06-09; asignación: codigo_patrimonial_existente
EQ-0001,27740723,451572,S-451572,S/M,PHYME,1983-05-24,2019-05-03,good,available,Inventario oficial 2026-06-09; asignación: codigo_patrimonial_existente
EQ-0001,27740724,451573,S-451573,S/M,PHYME,1983-05-24,2019-05-03,good,available,Inventario oficial 2026-06-09; asignación: codigo_patrimonial_existente
EQ-0001,27740725,451574,S-451574,S/M,PHYME,1983-05-24,2019-05-03,good,available,Inventario oficial 2026-06-09; asignación: codigo_patrimonial_existente
EQ-0001,27740726,451575,S-451575,S/M,PHYME,1983-05-24,2019-05-03,good,available,Inventario oficial 2026-06-09; asignación: codigo_patrimonial_existente
EQ-0001,27740727,451576,S-451576,S/M,PHYME,1983-05-24,2019-05-03,good,available,Inventario oficial 2026-06-09; asignación: codigo_patrimonial_existente
EQ-0001,27740728,451577,S-451577,S/M,PHYME,1983-05-24,2019-05-03,good,available,Inventario oficial 2026-06-09; asignación: codigo_patrimonial_existente
EQ-0001,27740729,451578,S-451578,S/M,PHYME,1983-05-24,2019-05-03,good,available,Inventario oficial 2026-06-09; asignación: codigo_patrimonial_existente
EQ-0001,27740730,451579,S-451579,S/M,PHYME,1983-05-24,2019-05-03,good,available,Inventario oficial 2026-06-09; asignación: codigo_patrimonial_existente
EQ-0001,27740731,451580,S-451580,S/M,PHYME,1983-05-24,2019-05-03,good,available,Inventario oficial 2026-06-09; asignación: codigo_patrimonial_existente
EQ-0001,27740732,451581,S-451581,S/M,PHYME,1983-05-24,2019-05-03,good,available,Inventario oficial 2026-06-09; asignación: codigo_patrimonial_existente
EQ-0001,27740733,451582,S-451582,S/M,PHYME,1983-05-24,2019-05-03,good,available,Inventario oficial 2026-06-09; asignación: codigo_patrimonial_existente
EQ-0001,27740734,451583,S-451583,S/M,PHYME,1983-05-24,2019-05-03,good,available,Inventario oficial 2026-06-09; asignación: codigo_patrimonial_existente
EQ-0001,27740735,451584,S-451584,S/M,PHYME,1983-05-24,2019-05-03,good,available,Inventario oficial 2026-06-09; asignación: codigo_patrimonial_existente
EQ-0001,27740736,451585,S-451585,S/M,PHYME,1983-05-24,2019-05-03,good,available,Inventario oficial 2026-06-09; asignación: codigo_patrimonial_existente
EQ-0001,27740737,451586,S-451586,S/M,PHYME,1983-05-24,2019-05-03,good,available,Inventario oficial 2026-06-09; asignación: codigo_patrimonial_existente
EQ-0001,27740738,451587,S-451587,S/M,PHYME,1983-05-24,2019-05-03,good,available,Inventario oficial 2026-06-09; asignación: codigo_patrimonial_existente
EQ-0001,27740739,451588,S-451588,S/M,PHYME,1983-05-24,2019-05-03,good,available,Inventario oficial 2026-06-09; asignación: codigo_patrimonial_existente
EQ-0001,27740740,451589,S-451589,S/M,PHYME,1983-05-24,2019-05-03,good,available,Inventario oficial 2026-06-09; asignación: codigo_patrimonial_existente
EQ-0001,27740741,451590,S-451590,S/M,PHYME,1983-05-24,2019-05-03,good,available,Inventario oficial 2026-06-09; asignación: codigo_patrimonial_existente
EQ-0001,27740742,451591,S-451591,S/M,PHYME,1983-05-24,2019-05-03,good,available,Inventario oficial 2026-06-09; asignación: codigo_patrimonial_existente
EQ-0001,27740743,451592,S-451592,S/M,PHYME,1983-05-24,2019-05-03,good,available,Inventario oficial 2026-06-09; asignación: codigo_patrimonial_existente
EQ-0001,27740744,451593,S-451593,S/M,PHYME,1983-05-24,2019-05-03,good,available,Inventario oficial 2026-06-09; asignación: codigo_patrimonial_existente
EQ-0001,27740745,451594,S-451594,S/M,PHYME,1983-05-24,2019-05-03,good,available,Inventario oficial 2026-06-09; asignación: codigo_patrimonial_existente
EQ-0001,27740746,451595,S-451595,S/M,PHYME,1983-05-24,2019-05-03,good,available,Inventario oficial 2026-06-09; asignación: codigo_patrimonial_existente
EQ-0001,27740747,451596,S-451596,S/M,PHYME,1983-05-24,2019-05-03,good,available,Inventario oficial 2026-06-09; asignación: codigo_patrimonial_existente
EQ-0001,27740748,451597,S-451597,S/M,PHYME,1983-05-24,2019-05-03,good,available,Inventario oficial 2026-06-09; asignación: codigo_patrimonial_existente
EQ-0001,27740749,451598,S-451598,S/M,PHYME,1983-05-24,2019-05-03,good,available,Inventario oficial 2026-06-09; asignación: codigo_patrimonial_existente
EQ-0001,27740750,451599,S-451599,S/M,PHYME,1983-05-24,2019-05-03,good,available,Inventario oficial 2026-06-09; asignación: codigo_patrimonial_existente
EQ-0001,27740751,451600,S-451600,S/M,PHYME,1983-05-24,2019-05-03,good,available,Inventario oficial 2026-06-09; asignación: codigo_patrimonial_existente
EQ-0001,27740752,451601,S-451601,S/M,PHYME,1983-05-24,2019-05-03,good,available,Inventario oficial 2026-06-09; asignación: codigo_patrimonial_existente
EQ-0001,27740753,451602,S-451602,S/M,PHYME,1983-05-24,2019-05-03,good,available,Inventario oficial 2026-06-09; asignación: codigo_patrimonial_existente
EQ-0001,27740754,451603,S-451603,S/M,PHYME,1983-05-24,2019-05-03,good,available,Inventario oficial 2026-06-09; asignación: codigo_patrimonial_existente
EQ-0001,27740755,451604,S-451604,S/M,PHYME,1983-05-24,2019-05-03,good,available,Inventario oficial 2026-06-09; asignación: codigo_patrimonial_existente
EQ-0001,27740756,451605,S-451605,S/M,PHYME,1983-05-24,2019-05-03,good,available,Inventario oficial 2026-06-09; asignación: codigo_patrimonial_existente
EQ-0001,27740757,451606,S-451606,S/M,PHYME,1983-05-24,2019-05-03,good,available,Inventario oficial 2026-06-09; asignación: codigo_patrimonial_existente
EQ-0001,27740758,451607,S-451607,S/M,PHYME,1983-05-24,2019-05-03,good,available,Inventario oficial 2026-06-09; asignación: codigo_patrimonial_existente
EQ-0001,27740759,451608,S-451608,S/M,PHYME,1983-05-24,2019-05-03,good,available,Inventario oficial 2026-06-09; asignación: codigo_patrimonial_existente
EQ-0001,27740760,451609,S-451609,S/M,PHYME,1983-05-24,2019-05-03,good,available,Inventario oficial 2026-06-09; asignación: codigo_patrimonial_existente
EQ-0001,27740761,451610,S-451610,S/M,PHYME,1983-05-24,2019-05-03,good,available,Inventario oficial 2026-06-09; asignación: codigo_patrimonial_existente
EQ-0001,27740762,451611,S-451611,S/M,PHYME,1983-05-24,2019-05-03,good,available,Inventario oficial 2026-06-09; asignación: codigo_patrimonial_existente
EQ-0001,27740763,451612,S-451612,S/M,PHYME,1983-05-24,2019-05-03,good,available,Inventario oficial 2026-06-09; asignación: codigo_patrimonial_existente
EQ-0001,27740764,451613,S-451613,S/M,PHYME,1983-05-24,2019-05-03,good,available,Inventario oficial 2026-06-09; asignación: codigo_patrimonial_existente
EQ-0001,27740765,451614,S-451614,S/M,PHYME,1983-05-24,2019-05-03,good,available,Inventario oficial 2026-06-09; asignación: codigo_patrimonial_existente
EQ-0001,27740766,451615,S-451615,S/M,PHYME,1983-05-24,2019-05-03,good,available,Inventario oficial 2026-06-09; asignación: codigo_patrimonial_existente
EQ-0001,27740767,451616,S-451616,S/M,PHYME,1983-05-24,2019-05-03,good,available,Inventario oficial 2026-06-09; asignación: codigo_patrimonial_existente
EQ-0001,27740768,451617,S-451617,S/M,PHYME,1983-05-24,2019-05-03,good,available,Inventario oficial 2026-06-09; asignación: codigo_patrimonial_existente
EQ-0001,27740769,451618,S-451618,S/M,PHYME,1983-05-24,2019-05-03,good,available,Inventario oficial 2026-06-09; asignación: codigo_patrimonial_existente
EQ-0001,27740770,451619,S-451619,S/M,PHYME,1983-05-24,2019-05-03,good,available,Inventario oficial 2026-06-09; asignación: codigo_patrimonial_existente
EQ-0001,27740771,451620,S-451620,S/M,PHYME,1983-05-24,2019-05-03,good,available,Inventario oficial 2026-06-09; asignación: codigo_patrimonial_existente
EQ-0001,27740772,451621,S-451621,S/M,PHYME,1983-05-24,2019-05-03,good,available,Inventario oficial 2026-06-09; asignación: codigo_patrimonial_existente
EQ-0001,27740773,451622,S-451622,S/M,PHYME,1983-05-24,2019-05-03,good,available,Inventario oficial 2026-06-09; asignación: codigo_patrimonial_existente
EQ-0001,27740774,451623,S-451623,S/M,PHYME,1983-05-24,2019-05-03,good,available,Inventario oficial 2026-06-09; asignación: codigo_patrimonial_existente
EQ-0001,27740775,451624,S-451624,S/M,PHYME,1983-05-24,2019-05-03,good,available,Inventario oficial 2026-06-09; asignación: codigo_patrimonial_existente
EQ-0001,27740776,451625,S-451625,S/M,PHYME,1983-05-24,2019-05-03,good,available,Inventario oficial 2026-06-09; asignación: codigo_patrimonial_existente
EQ-0001,27740777,451626,S-451626,S/M,PHYME,1983-05-24,2019-05-03,good,available,Inventario oficial 2026-06-09; asignación: codigo_patrimonial_existente
EQ-0001,27740778,451627,S-451627,S/M,PHYME,1983-05-24,2019-05-03,good,available,Inventario oficial 2026-06-09; asignación: codigo_patrimonial_existente
EQ-0001,27740779,451628,S-451628,S/M,PHYME,1983-05-24,2019-05-03,good,available,Inventario oficial 2026-06-09; asignación: codigo_patrimonial_existente
EQ-0001,27740780,451629,S-451629,S/M,PHYME,1983-05-24,2019-05-03,good,available,Inventario oficial 2026-06-09; asignación: codigo_patrimonial_existente
EQ-0001,27740781,451630,S-451630,S/M,PHYME,1983-05-24,2019-05-03,good,available,Inventario oficial 2026-06-09; asignación: codigo_patrimonial_existente
EQ-0001,27740782,451631,S-451631,S/M,PHYME,1983-05-24,2019-05-03,good,available,Inventario oficial 2026-06-09; asignación: codigo_patrimonial_existente
EQ-0001,27740783,451632,S-451632,S/M,PHYME,1983-05-24,2019-05-03,good,available,Inventario oficial 2026-06-09; asignación: codigo_patrimonial_existente
EQ-0001,27740784,451633,S-451633,S/M,PHYME,1983-05-24,2019-05-03,good,available,Inventario oficial 2026-06-09; asignación: codigo_patrimonial_existente
EQ-0001,27740785,451634,S-451634,S/M,PHYME,1983-05-24,2019-05-03,good,available,Inventario oficial 2026-06-09; asignación: codigo_patrimonial_existente
EQ-0001,27740786,451635,S-451635,S/M,PHYME,1983-05-24,2019-05-03,good,available,Inventario oficial 2026-06-09; asignación: codigo_patrimonial_existente
EQ-0001,27740787,451636,S-451636,S/M,PHYME,1983-05-24,2019-05-03,good,available,Inventario oficial 2026-06-09; asignación: codigo_patrimonial_existente
EQ-0001,27740788,451637,S-451637,S/M,PHYME,1983-05-24,2019-05-03,good,available,Inventario oficial 2026-06-09; asignación: codigo_patrimonial_existente
EQ-0001,27740789,451638,S-451638,S/M,PHYME,1983-05-24,2019-05-03,good,available,Inventario oficial 2026-06-09; asignación: codigo_patrimonial_existente
EQ-0001,27740790,451639,S-451639,S/M,PHYME,1983-05-24,2019-05-03,good,available,Inventario oficial 2026-06-09; asignación: codigo_patrimonial_existente
EQ-0001,27740791,451640,S-451640,S/M,PHYME,1983-05-24,2019-05-03,good,available,Inventario oficial 2026-06-09; asignación: codigo_patrimonial_existente
EQ-0001,27740792,451641,S-451641,S/M,PHYME,1983-05-24,2019-05-03,good,available,Inventario oficial 2026-06-09; asignación: codigo_patrimonial_existente
EQ-0001,27740793,451642,S-451642,S/M,PHYME,1983-05-24,2019-05-03,good,available,Inventario oficial 2026-06-09; asignación: codigo_patrimonial_existente
EQ-0001,27740794,451643,S-451643,S/M,PHYME,1983-05-24,2019-05-03,good,available,Inventario oficial 2026-06-09; asignación: codigo_patrimonial_existente
EQ-0001,27740795,451644,S-451644,S/M,PHYME,1983-05-24,2019-05-03,good,available,Inventario oficial 2026-06-09; asignación: codigo_patrimonial_existente
EQ-0001,27740796,451645,S-451645,S/M,PHYME,1983-05-24,2019-05-03,good,available,Inventario oficial 2026-06-09; asignación: codigo_patrimonial_existente
EQ-0054,27740797,451648,S-451648,S/M,GOSSEN,1983-05-24,2019-05-03,good,available,Inventario oficial 2026-06-09; asignación: codigo_patrimonial_existente
EQ-0054,27740798,451649,S-451649,S/M,GOSSEN,1983-05-24,2019-05-03,good,available,Inventario oficial 2026-06-09; asignación: codigo_patrimonial_existente
EQ-0055,27740799,451650,S-451650,S/M,GOSSEN,1983-05-24,2019-05-03,good,available,Inventario oficial 2026-06-09; asignación: codigo_patrimonial_existente
EQ-0055,27740800,451651,S-451651,S/M,GOSSEN,1983-05-24,2019-05-03,good,available,Inventario oficial 2026-06-09; asignación: codigo_patrimonial_existente
EQ-0051,27740801,451652,S-451652,S/M,NEBENWINDERSTAND,1983-05-24,2019-05-03,good,available,Inventario oficial 2026-06-09; asignación: codigo_patrimonial_existente
EQ-0051,27740802,451653,S-451653,S/M,NEBENWINDERSTAND,1983-05-24,2019-05-03,good,available,Inventario oficial 2026-06-09; asignación: codigo_patrimonial_existente
EQ-0051,27740803,451654,S-451654,S/M,NEBENWINDERSTAND,1983-05-24,2019-05-03,good,available,Inventario oficial 2026-06-09; asignación: codigo_patrimonial_existente
EQ-0057,27740804,451660,S-451660,S/M,NORMA,1983-05-24,2019-05-03,good,available,Inventario oficial 2026-06-09; asignación: codigo_patrimonial_existente
EQ-0057,27740805,451661,S-451661,S/M,NORMA,1983-05-24,2019-05-03,good,available,Inventario oficial 2026-06-09; asignación: codigo_patrimonial_existente
EQ-0034,27740806,451662,S-451662,S/M,WHESTSTONE THOMSON,1983-05-24,2019-05-03,good,available,Inventario oficial 2026-06-09; asignación: codigo_patrimonial_existente
EQ-0006,27740807,451720,S-451720,S/M,S/M,1983-05-24,2019-05-03,good,available,Inventario oficial 2026-06-09; asignación: codigo_patrimonial_existente
EQ-0006,27740808,451721,S-451721,S/M,S/M,1983-05-24,2019-05-03,good,available,Inventario oficial 2026-06-09; asignación: codigo_patrimonial_existente
EQ-0005,27740809,451722,S-451722,S/M,S/M,1983-05-24,2019-05-03,good,available,Inventario oficial 2026-06-09; asignación: codigo_patrimonial_existente
EQ-0058,27740982,102099,S-102099,S/M,S/M,1989-06-28,2019-05-03,good,available,Inventario oficial 2026-06-09; asignación: codigo_patrimonial_existente
EQ-0060,27740983,102114,S-102114,S/M,S/M,1989-06-28,2019-05-03,good,available,Inventario oficial 2026-06-09; asignación: codigo_patrimonial_existente
EQ-0059,27740984,102115,S-102115,S/M,S/M,1989-06-28,2019-05-03,good,available,Inventario oficial 2026-06-09; asignación: codigo_patrimonial_existente
EQ-0156,27741842,92232,1976,92232,EQUITECH TRAINING SYSTEMS LTD.,1982-02-15,2019-05-03,good,available,Inventario oficial 2026-06-09; asignación: codigo_patrimonial_existente
EQ-0094,27741843,92246,28-220,92246,92246,1982-02-15,2019-05-03,good,available,Inventario oficial 2026-06-09; asignación: codigo_patrimonial_existente
EQ-0066,27741844,92247,SINSERIE 75,92247,T.E.I.,1982-02-15,2019-05-03,good,available,Inventario oficial 2026-06-09; asignación: codigo_patrimonial_existente
EQ-0065,27741845,92260,92260,92260,92260,1982-02-15,2019-05-03,good,available,Inventario oficial 2026-06-09; asignación: codigo_patrimonial_existente
EQ-0088,27741846,92261,SIN SERIE 75,92261,T.E.I.,1982-02-15,2019-05-03,good,available,Inventario oficial 2026-06-09; asignación: codigo_patrimonial_existente
EQ-0090,27741847,92262,92263,92262,T.E.I.,1982-02-15,2019-05-03,good,available,Inventario oficial 2026-06-09; asignación: codigo_patrimonial_existente
EQ-0089,27741848,92263,92262,92263,EQUITECH TRAINING SYSTEMS LTD.,1982-02-15,2019-05-03,good,available,Inventario oficial 2026-06-09; asignación: codigo_patrimonial_existente
EQ-0067,27741849,92287,92287,FXCT150,SHULUMBERGER,1982-02-15,2019-05-03,good,available,Inventario oficial 2026-06-09; asignación: codigo_patrimonial_existente
EQ-0068,27741850,92300,92300,DL2006A,92300,1982-02-15,2019-05-03,good,available,Inventario oficial 2026-06-09; asignación: codigo_patrimonial_existente
EQ-0087,27741851,92303,92303,92303,92303,1982-02-15,2019-05-03,good,available,Inventario oficial 2026-06-09; asignación: codigo_patrimonial_existente
EQ-0191,27741852,92355,92355,TM 132,TERCO,1983-06-07,2019-05-03,good,available,Inventario oficial 2026-06-09; asignación: codigo_patrimonial_existente
EQ-0175,27741857,92437,92437,92437,BRETFORD,2004-07-09,2019-05-03,good,available,Inventario oficial 2026-06-09; asignación: codigo_patrimonial_existente
EQ-0194,27741858,92460,92460,LS-604.600W,TRIPP LITE,1991-12-27,2019-05-03,good,available,Inventario oficial 2026-06-09; asignación: codigo_patrimonial_existente
EQ-0062,27741859,92713,92713,92713,HUSTLER,1995-06-23,2019-05-03,good,available,Inventario oficial 2026-06-09; asignación: codigo_patrimonial_existente
EQ-0061,27741860,92714,92714,92714,MOTOROLA,1995-06-23,2019-05-03,good,available,Inventario oficial 2026-06-09; asignación: codigo_patrimonial_existente
EQ-0063,27741861,92782,92782,92782,92782,1996-10-01,2019-05-03,good,available,Inventario oficial 2026-06-09; asignación: codigo_patrimonial_existente
EQ-0064,27741862,92783,92783,92783,92783,1996-10-01,2019-05-03,good,available,Inventario oficial 2026-06-09; asignación: codigo_patrimonial_existente
EQ-0069,27742001,98889,SINSERIE 98889,98889,98889,1983-05-24,2019-05-03,good,available,Inventario oficial 2026-06-09; asignación: codigo_patrimonial_existente
EQ-0070,27742002,98890,SINSERIE 98890,98890,98890,1983-05-24,2019-05-03,good,available,Inventario oficial 2026-06-09; asignación: codigo_patrimonial_existente
EQ-0071,27742003,98891,SINSERIE 98891,98891,98891,1983-05-24,2019-05-03,good,available,Inventario oficial 2026-06-09; asignación: codigo_patrimonial_existente
EQ-0072,27742004,98892,SINSERIE 98892,98892,98892,1983-05-24,2019-05-03,good,available,Inventario oficial 2026-06-09; asignación: codigo_patrimonial_existente
EQ-0073,27742005,98893,SINSERIE 98893,98893,98893,1983-05-24,2019-05-03,good,available,Inventario oficial 2026-06-09; asignación: codigo_patrimonial_existente
EQ-0074,27742006,98894,SINSERIE 98894,98894,98894,1983-05-24,2019-05-03,good,available,Inventario oficial 2026-06-09; asignación: codigo_patrimonial_existente
EQ-0075,27742007,98895,SINSERIE 98895,98895,98895,1983-05-24,2019-05-03,good,available,Inventario oficial 2026-06-09; asignación: codigo_patrimonial_existente
EQ-0076,27742008,98896,SINSERIE 98896,98896,98896,1983-05-24,2019-05-03,good,available,Inventario oficial 2026-06-09; asignación: codigo_patrimonial_existente
EQ-0077,27742009,98897,SINSERIE 98897,98897,98897,1983-05-24,2019-05-03,good,available,Inventario oficial 2026-06-09; asignación: codigo_patrimonial_existente
EQ-0078,27742010,98898,SINSERIE 98898,98898,98898,1983-05-24,2019-05-03,good,available,Inventario oficial 2026-06-09; asignación: codigo_patrimonial_existente
EQ-0079,27742011,98899,SINSERIE 98899,98899,98899,1983-05-24,2019-05-03,good,available,Inventario oficial 2026-06-09; asignación: codigo_patrimonial_existente
EQ-0080,27742012,98900,SINSERIE 98900,98900,98900,1983-05-24,2019-05-03,good,available,Inventario oficial 2026-06-09; asignación: codigo_patrimonial_existente
EQ-0081,27742013,98901,SINSERIE 98901,98901,98901,1983-05-24,2019-05-03,good,available,Inventario oficial 2026-06-09; asignación: codigo_patrimonial_existente
EQ-0082,27742014,98902,SINSERIE 98902,98902,98902,1983-05-24,2019-05-03,good,available,Inventario oficial 2026-06-09; asignación: codigo_patrimonial_existente
EQ-0083,27742015,98903,SINSERIE 98903,98903,98903,1983-05-24,2019-05-03,good,available,Inventario oficial 2026-06-09; asignación: codigo_patrimonial_existente
EQ-0084,27742016,98904,SINSERIE 98904,98904,98904,1983-05-24,2019-05-03,good,available,Inventario oficial 2026-06-09; asignación: codigo_patrimonial_existente
EQ-0085,27742017,98905,SINSERIE 98905,98905,98905,1983-05-24,2019-05-03,good,available,Inventario oficial 2026-06-09; asignación: codigo_patrimonial_existente
EQ-0086,27742018,98906,SINSERIE 98906,98906,98906,1983-05-24,2019-05-03,good,available,Inventario oficial 2026-06-09; asignación: codigo_patrimonial_existente
EQ-0095,27742326,102039,102039,102039,102039,1995-08-03,2019-05-03,good,available,Inventario oficial 2026-06-09; asignación: codigo_patrimonial_existente
EQ-0102,27742327,102040,102040,102040,PANAMAX,1995-08-03,2019-05-03,good,available,Inventario oficial 2026-06-09; asignación: codigo_patrimonial_existente
EQ-0176,27742328,102154,102154,102154,BRETFORD,2004-07-09,2019-05-03,good,available,Inventario oficial 2026-06-09; asignación: codigo_patrimonial_existente
EQ-0103,27743627,294662,SIN.S/N 294662,13-414,APS,2010-07-06,2019-05-03,good,available,Inventario oficial 2026-06-09; asignación: codigo_patrimonial_existente
EQ-0067,27745814,446134,SIN.S/N 446134,FXCT150,SHULUMBERGER,1982-02-15,2019-05-03,good,available,Inventario oficial 2026-06-09; asignación: codigo_patrimonial_existente
EQ-0156,27745815,446283,SIN.S/N 1976,446283,EQUITECH TRAINING SYSTEMS LTD.,1982-02-15,2019-05-03,good,available,Inventario oficial 2026-06-09; asignación: codigo_patrimonial_existente
EQ-0104,27747101,451550,SIN.S/N 451550,14-514,NIPPON AMERICA,2004-06-25,2019-05-03,good,available,Inventario oficial 2026-06-09; asignación: codigo_patrimonial_existente
EQ-0104,27747102,451551,SIN.S/N 451551,14-514,AMERICAN POWER,2004-06-25,2019-05-03,good,available,Inventario oficial 2026-06-09; asignación: codigo_patrimonial_existente
EQ-0104,27747103,451552,SIN.S/N 451552,14-514,NIPPON AMERICA,2004-06-25,2019-05-03,good,available,Inventario oficial 2026-06-09; asignación: codigo_patrimonial_existente
EQ-0104,27747104,451553,SIN.S/N 451553,14-514,ELECTRICORD,2004-06-25,2019-05-03,good,available,Inventario oficial 2026-06-09; asignación: codigo_patrimonial_existente
EQ-0104,27747105,451554,SIN.S/N 451554,14-514,NIPPON AMERICA,2004-06-25,2019-05-03,good,available,Inventario oficial 2026-06-09; asignación: codigo_patrimonial_existente
EQ-0104,27747106,451555,SIN.S/N 451555,14-514,NIPPON AMERICA,2004-06-25,2019-05-03,good,available,Inventario oficial 2026-06-09; asignación: codigo_patrimonial_existente
EQ-0104,27747107,451556,SIN.S/N 451556,14-514,NIPPON AMERICA,2004-06-25,2019-05-03,good,available,Inventario oficial 2026-06-09; asignación: codigo_patrimonial_existente
EQ-0104,27747108,451557,SIN.S/N 451557,14-514,NIPPON AMERICA,2004-06-25,2019-05-03,good,available,Inventario oficial 2026-06-09; asignación: codigo_patrimonial_existente
EQ-0104,27747109,451558,SIN.S/N 451558,14-514,ELECTRICORD,2004-06-25,2019-05-03,good,available,Inventario oficial 2026-06-09; asignación: codigo_patrimonial_existente
EQ-0104,27747110,451559,SIN.S/N 451559,14-514,NIPPON AMERICA,2004-06-25,2019-05-03,good,available,Inventario oficial 2026-06-09; asignación: codigo_patrimonial_existente
EQ-0104,27747111,,27747111,LGF6-15-03,NIPPON AMERICA MODELO 14,,,good,available,Inventario oficial 2026-06-09; asignación: nombre_oficial_exacto
EQ-0175,27747112,451563,SIN.S/N 451563,451563,S/M,2004-07-09,2019-05-03,good,available,Inventario oficial 2026-06-09; asignación: codigo_patrimonial_existente
EQ-0186,27747114,451701,SIN.S/N 451701,451701,451701,1983-05-24,2019-05-03,good,available,Inventario oficial 2026-06-09; asignación: codigo_patrimonial_existente
EQ-0186,27747115,451702,SIN.S/N 451702,451702,451702,1983-05-24,2019-05-03,good,available,Inventario oficial 2026-06-09; asignación: codigo_patrimonial_existente
EQ-0186,27747116,451703,SIN.S/N 451703,451703,451703,1983-05-24,2019-05-03,good,available,Inventario oficial 2026-06-09; asignación: codigo_patrimonial_existente
EQ-0186,27747117,451704,SIN.S/N 451704,451704,451704,1983-05-24,2019-05-03,good,available,Inventario oficial 2026-06-09; asignación: codigo_patrimonial_existente
EQ-0186,27747118,451705,SIN.S/N 451705,451705,451705,1983-05-24,2019-05-03,good,available,Inventario oficial 2026-06-09; asignación: codigo_patrimonial_existente
EQ-0186,27747119,451706,SIN.S/N 451706,451706,451706,1983-05-24,2019-05-03,good,available,Inventario oficial 2026-06-09; asignación: codigo_patrimonial_existente
EQ-0186,27747120,451707,SIN.S/N 451707,451707,451707,1983-05-24,2019-05-03,good,available,Inventario oficial 2026-06-09; asignación: codigo_patrimonial_existente
EQ-0186,27747121,451708,SIN.S/N 451708,451708,451708,1983-05-24,2019-05-03,good,available,Inventario oficial 2026-06-09; asignación: codigo_patrimonial_existente
EQ-0186,27747122,451709,SIN.S/N 451709,451709,451709,1983-05-24,2019-05-03,good,available,Inventario oficial 2026-06-09; asignación: codigo_patrimonial_existente
EQ-0186,27747123,451710,SIN.S/N 451710,451710,451710,1983-05-24,2019-05-03,good,available,Inventario oficial 2026-06-09; asignación: codigo_patrimonial_existente
EQ-0186,27747124,451711,SIN.S/N 451711,451711,451711,1983-05-24,2019-05-03,good,available,Inventario oficial 2026-06-09; asignación: codigo_patrimonial_existente
EQ-0186,27747125,451712,SIN.S/N 451712,451712,451712,1983-05-24,2019-05-03,good,available,Inventario oficial 2026-06-09; asignación: codigo_patrimonial_existente
EQ-0186,27747126,451713,SIN.S/N 451713,451713,451713,1983-05-24,2019-05-03,good,available,Inventario oficial 2026-06-09; asignación: codigo_patrimonial_existente
EQ-0186,27747127,451714,SIN.S/N 451714,451714,451714,1983-05-24,2019-05-03,good,available,Inventario oficial 2026-06-09; asignación: codigo_patrimonial_existente
EQ-0186,27747128,451715,SIN.S/N 451715,451715,451715,1983-05-24,2019-05-03,good,available,Inventario oficial 2026-06-09; asignación: codigo_patrimonial_existente
EQ-0186,27747129,451716,SIN.S/N 451716,451716,451716,1983-05-24,2019-05-03,good,available,Inventario oficial 2026-06-09; asignación: codigo_patrimonial_existente
EQ-0186,27747130,451717,SIN.S/N 451717,451717,451717,1983-05-24,2019-05-03,good,available,Inventario oficial 2026-06-09; asignación: codigo_patrimonial_existente
EQ-0186,27747131,451718,SIN.S/N 451718,451718,451718,1983-05-24,2019-05-03,good,available,Inventario oficial 2026-06-09; asignación: codigo_patrimonial_existente
EQ-0186,27747132,451719,SIN.S/N 451719,451719,451719,1983-05-24,2019-05-03,good,available,Inventario oficial 2026-06-09; asignación: codigo_patrimonial_existente
EQ-0095,27747133,451755,SIN.S/N 451755,451755,NORTH,1995-08-03,2019-05-03,good,available,Inventario oficial 2026-06-09; asignación: codigo_patrimonial_existente
EQ-0095,27747134,451756,SIN.S/N 451756,451756,NORTH,1995-08-03,2019-05-03,good,available,Inventario oficial 2026-06-09; asignación: codigo_patrimonial_existente
EQ-0113,27747784,471081,SIN.S/N 110560000000,B8011,PROTEK,2014-02-12,2019-05-03,good,available,Inventario oficial 2026-06-09; asignación: codigo_patrimonial_existente
EQ-0114,27747785,471082,SIN.S/N CJ840997,GFG-8020H,GW INSTEK,2014-02-12,2019-05-03,good,available,Inventario oficial 2026-06-09; asignación: codigo_patrimonial_existente
EQ-0171,27751098,286031,806324928,DT-5808,S/M,2009-10-19,2019-05-03,good,available,Inventario oficial 2026-06-09; asignación: codigo_patrimonial_existente
EQ-0170,27751099,286032,286032,3PK-345,PROSKIT,2009-10-19,2019-05-03,good,available,Inventario oficial 2026-06-09; asignación: codigo_patrimonial_existente
EQ-0168,27751100,286033,286033,DT-890C,ACOUSTIC,2009-10-19,2019-05-03,good,available,Inventario oficial 2026-06-09; asignación: codigo_patrimonial_existente
EQ-0169,27751101,286034,286034,3PK-345,PROSKIT,2009-10-19,2019-05-03,good,available,Inventario oficial 2026-06-09; asignación: codigo_patrimonial_existente
EQ-0172,27751102,286035,286035,3PK-345,PROSKIT,2009-10-19,2019-05-03,good,available,Inventario oficial 2026-06-09; asignación: codigo_patrimonial_existente
EQ-0166,27751103,286036,286036,3PK-345,PROSKIT,2009-10-19,2019-05-03,good,available,Inventario oficial 2026-06-09; asignación: codigo_patrimonial_existente
EQ-0167,27751104,286037,286037,3PK-345,PROSKIT,2009-10-19,2019-05-03,good,available,Inventario oficial 2026-06-09; asignación: codigo_patrimonial_existente
EQ-0173,27751107,286040,992699135,MT-1860,PROSKIT,2009-10-19,2019-05-03,good,available,Inventario oficial 2026-06-09; asignación: codigo_patrimonial_existente
EQ-0174,27751108,286041,992699174,MT-1860,PROSKIT,2009-10-19,2019-05-03,good,available,Inventario oficial 2026-06-09; asignación: codigo_patrimonial_existente
EQ-0099,27751411,352254,352254,352254,S/M,2011-05-02,2019-05-03,good,available,Inventario oficial 2026-06-09; asignación: codigo_patrimonial_existente
EQ-0101,27751574,92208,92208,92208,CRESENT,1982-02-15,2019-05-03,good,available,Inventario oficial 2026-06-09; asignación: codigo_patrimonial_existente
EQ-0117,27751580,92216,92216,92216,BONEY,1982-02-15,2019-05-03,good,available,Inventario oficial 2026-06-09; asignación: codigo_patrimonial_existente
EQ-0203,27751581,92243,92243,92243,S/M,1982-02-15,2019-05-03,good,available,Inventario oficial 2026-06-09; asignación: codigo_patrimonial_existente
EQ-0092,27751582,92288,92288,92288,S/M,1982-02-15,2019-05-03,good,available,Inventario oficial 2026-06-09; asignación: codigo_patrimonial_existente
EQ-0098,27751584,92837,92837,SI 45,STANLEY,1997-04-21,2019-05-03,good,available,Inventario oficial 2026-06-09; asignación: codigo_patrimonial_existente
EQ-0106,27751585,92838,92838,92838,PANAVISE USA,1997-04-21,2019-05-03,good,available,Inventario oficial 2026-06-09; asignación: codigo_patrimonial_existente
EQ-0107,27751622,98875,2898068,MV89502,PANAVISE,1995-10-24,2019-05-03,good,available,Inventario oficial 2026-06-09; asignación: codigo_patrimonial_existente
EQ-0105,27751719,102133,102133,102133,S/M,1989-07-14,2019-05-03,good,available,Inventario oficial 2026-06-09; asignación: codigo_patrimonial_existente
EQ-0187,27751721,102135,102135,102135,S/M,1989-07-14,2019-05-03,good,available,Inventario oficial 2026-06-09; asignación: codigo_patrimonial_existente
EQ-0137,27877729,98982,SINSERIE98982,S/C,S/M,1993-10-12,2019-05-06,good,available,Inventario oficial 2026-06-09; asignación: codigo_patrimonial_existente
EQ-0138,27877863,98988,SINSERIE98988,S/C,S/M,1993-10-12,2019-05-06,good,available,Inventario oficial 2026-06-09; asignación: codigo_patrimonial_existente
EQ-0139,27877868,98983,SINSERIE98983,S/C,S/M,1993-10-12,2019-05-06,good,available,Inventario oficial 2026-06-09; asignación: codigo_patrimonial_existente
EQ-0140,27877869,98991,SINSERIE98991,S/C,S/M,1993-10-12,2019-05-06,good,available,Inventario oficial 2026-06-09; asignación: codigo_patrimonial_existente
EQ-0141,27877870,98985,SINSERIE98985,S/C,S/M,1993-10-12,2019-05-06,good,available,Inventario oficial 2026-06-09; asignación: codigo_patrimonial_existente
EQ-0142,27877871,98987,SINSERIE98987,S/C,S/M,1993-10-12,2019-05-06,good,available,Inventario oficial 2026-06-09; asignación: codigo_patrimonial_existente
EQ-0144,27877873,98981,SINSERIE98981,S/C,S/M,1993-10-12,2019-05-06,good,available,Inventario oficial 2026-06-09; asignación: codigo_patrimonial_existente
EQ-0145,27877874,98984,SINSERIE98984,S/C,S/M,1993-10-12,2019-05-06,good,available,Inventario oficial 2026-06-09; asignación: codigo_patrimonial_existente
EQ-0146,27877875,98989,SINSERIE98989,S/C,S/M,1993-10-12,2019-05-06,good,available,Inventario oficial 2026-06-09; asignación: codigo_patrimonial_existente
EQ-0147,27877876,98992,SINSERIE98992,S/C,S/M,1993-10-12,2019-05-06,good,available,Inventario oficial 2026-06-09; asignación: codigo_patrimonial_existente
EQ-0148,27877877,98986,SINSERIE98986,S/C,S/M,1993-10-12,2019-05-06,good,available,Inventario oficial 2026-06-09; asignación: codigo_patrimonial_existente
EQ-0119,27879782,99007,SINSERIE99007,S/C,S/M,1994-01-27,2019-05-06,good,available,Inventario oficial 2026-06-09; asignación: codigo_patrimonial_existente
EQ-0120,27879783,99004,SINSERIE99004,S/C,S/M,1994-01-27,2019-05-06,good,available,Inventario oficial 2026-06-09; asignación: codigo_patrimonial_existente
EQ-0121,27879785,99012,SINSERIE99012,S/C,S/M,1994-01-27,2019-05-06,good,available,Inventario oficial 2026-06-09; asignación: codigo_patrimonial_existente
EQ-0122,27879786,98996,SINSERIE98996,S/C,S/M,1994-01-27,2019-05-06,good,available,Inventario oficial 2026-06-09; asignación: codigo_patrimonial_existente
EQ-0123,27879787,98997,SINSERIE98997,S/C,S/M,1994-01-27,2019-05-06,good,available,Inventario oficial 2026-06-09; asignación: codigo_patrimonial_existente
EQ-0124,27879788,99010,SINSERIE99010,S/C,S/M,1994-01-27,2019-05-06,good,available,Inventario oficial 2026-06-09; asignación: codigo_patrimonial_existente
EQ-0125,27879789,99003,SINSERIE99003,S/C,S/M,1994-01-27,2019-05-06,good,available,Inventario oficial 2026-06-09; asignación: codigo_patrimonial_existente
EQ-0126,27879791,99005,SINSERIE99005,S/C,S/M,1994-01-27,2019-05-06,good,available,Inventario oficial 2026-06-09; asignación: codigo_patrimonial_existente
EQ-0127,27879792,98998,SINSERIE98998,S/C,S/M,1994-01-27,2019-05-06,good,available,Inventario oficial 2026-06-09; asignación: codigo_patrimonial_existente
EQ-0128,27879793,98999,SINSERIE98999,S/C,S/M,1994-01-27,2019-05-06,good,available,Inventario oficial 2026-06-09; asignación: codigo_patrimonial_existente
EQ-0129,27879794,99000,SINSERIE99000,S/C,S/M,1994-01-27,2019-05-06,good,available,Inventario oficial 2026-06-09; asignación: codigo_patrimonial_existente
EQ-0130,27879795,99006,SINSERIE99006,S/C,S/M,1994-01-27,2019-05-06,good,available,Inventario oficial 2026-06-09; asignación: codigo_patrimonial_existente
EQ-0131,27879796,99011,SINSERIE99011,S/C,S/M,1994-01-27,2019-05-06,good,available,Inventario oficial 2026-06-09; asignación: codigo_patrimonial_existente
EQ-0132,27879797,99009,SINSERIE99009,S/C,S/M,1994-01-27,2019-05-06,good,available,Inventario oficial 2026-06-09; asignación: codigo_patrimonial_existente
EQ-0133,27879798,99008,SINSERIE99008,S/C,S/M,1994-01-27,2019-05-06,good,available,Inventario oficial 2026-06-09; asignación: codigo_patrimonial_existente
EQ-0134,27879799,99001,SINSERIE99001,S/C,S/M,1994-01-27,2019-05-06,good,available,Inventario oficial 2026-06-09; asignación: codigo_patrimonial_existente
EQ-0135,27879800,99002,SINSERIE99002,S/C,S/M,1994-01-27,2019-05-06,good,available,Inventario oficial 2026-06-09; asignación: codigo_patrimonial_existente
EQ-0149,27893693,102153,SINSERIE102153,S/C,S/M,1991-05-20,2019-05-06,good,available,Inventario oficial 2026-06-09; asignación: codigo_patrimonial_existente
EQ-0136,27898484,98994,S/S98994,S/C,S/M,1993-10-12,2019-05-06,good,available,Inventario oficial 2026-06-09; asignación: codigo_patrimonial_existente
EQ-0152,27942891,98993,SINSERIE98993,S/C,S/M,1993-10-12,2019-05-06,good,available,Inventario oficial 2026-06-09; asignación: codigo_patrimonial_existente
EQ-0153,27944040,98980,SINSERIE98980,S/C,S/M,1993-10-12,2019-05-06,good,available,Inventario oficial 2026-06-09; asignación: codigo_patrimonial_existente
EQ-0150,27962631,98995,SINSERIE98995,S/C,S/M,1993-10-12,2019-05-06,good,available,Inventario oficial 2026-06-09; asignación: codigo_patrimonial_existente
EQ-0151,27962648,98978,SINSERIE98978,S/C,S/M,1992-06-19,2019-05-06,good,available,Inventario oficial 2026-06-09; asignación: codigo_patrimonial_existente
EQ-0151,27962649,444063,SINSERIE444063,S/C,S/M,1992-06-19,2019-05-06,good,available,Inventario oficial 2026-06-09; asignación: codigo_patrimonial_existente
EQ-0685,27969229,,27969229,293727,,,,good,available,Inventario oficial 2026-06-09; asignación: grupo_nuevo_firma_exacta
EQ-0686,27969232,,27969232,293732,,,,good,available,Inventario oficial 2026-06-09; asignación: grupo_nuevo_firma_exacta
EQ-0188,27969406,296146,296146,296146,296146,2010-09-20,2019-05-06,good,available,Inventario oficial 2026-06-09; asignación: codigo_patrimonial_existente
EQ-0188,27969407,296147,296147,296147,296147,2010-09-20,2019-05-06,good,available,Inventario oficial 2026-06-09; asignación: codigo_patrimonial_existente
EQ-0188,27969408,296148,296148,296148,296148,2010-09-20,2019-05-06,good,available,Inventario oficial 2026-06-09; asignación: codigo_patrimonial_existente
EQ-0188,27969409,296149,296149,296149,296149,2010-09-20,2019-05-06,good,available,Inventario oficial 2026-06-09; asignación: codigo_patrimonial_existente
EQ-0687,27970418,,27970418,303718,,,,good,available,Inventario oficial 2026-06-09; asignación: grupo_nuevo_firma_exacta
EQ-0688,27970426,,27970426,303726,,,,good,available,Inventario oficial 2026-06-09; asignación: grupo_nuevo_firma_exacta
EQ-0689,27970435,,27970435,303735,,,,good,available,Inventario oficial 2026-06-09; asignación: grupo_nuevo_firma_exacta
EQ-0690,27970470,,27970470,303770,,,,good,available,Inventario oficial 2026-06-09; asignación: grupo_nuevo_firma_exacta
EQ-0691,27970473,,27970473,303773,,,,good,available,Inventario oficial 2026-06-09; asignación: grupo_nuevo_firma_exacta
EQ-0692,27970474,,27970474,303774,,,,good,available,Inventario oficial 2026-06-09; asignación: grupo_nuevo_firma_exacta
EQ-0693,27970475,,27970475,303775,,,,good,available,Inventario oficial 2026-06-09; asignación: grupo_nuevo_firma_exacta
EQ-0694,27970476,,27970476,303776,,,,good,available,Inventario oficial 2026-06-09; asignación: grupo_nuevo_firma_exacta
EQ-0695,27970480,,27970480,303780,,,,good,available,Inventario oficial 2026-06-09; asignación: grupo_nuevo_firma_exacta
EQ-0696,27970499,,27970499,303799,,,,good,available,Inventario oficial 2026-06-09; asignación: grupo_nuevo_firma_exacta
EQ-0697,27970502,,27970502,303802,,,,good,available,Inventario oficial 2026-06-09; asignación: grupo_nuevo_firma_exacta
EQ-0698,27970514,,27970514,303814,,,,good,available,Inventario oficial 2026-06-09; asignación: grupo_nuevo_firma_exacta
EQ-0699,27970537,,27970537,303837,,,,good,available,Inventario oficial 2026-06-09; asignación: grupo_nuevo_firma_exacta
EQ-0700,27970557,,27970557,303857,,,,good,available,Inventario oficial 2026-06-09; asignación: grupo_nuevo_firma_exacta
EQ-0701,27970562,,27970562,303862,,,,good,available,Inventario oficial 2026-06-09; asignación: grupo_nuevo_firma_exacta
EQ-0702,27970587,,27970587,303887,,,,good,available,Inventario oficial 2026-06-09; asignación: grupo_nuevo_firma_exacta
EQ-0703,27970594,,27970594,303894,,,,good,available,Inventario oficial 2026-06-09; asignación: grupo_nuevo_firma_exacta
EQ-0704,27970597,,27970597,303897,,,,good,available,Inventario oficial 2026-06-09; asignación: grupo_nuevo_firma_exacta
EQ-0190,27970754,306429,306429,306429,306429,2011-02-15,2019-05-06,good,available,Inventario oficial 2026-06-09; asignación: codigo_patrimonial_existente
EQ-0190,27970755,306430,306430,306430,306430,2011-02-15,2019-05-06,good,available,Inventario oficial 2026-06-09; asignación: codigo_patrimonial_existente
EQ-0705,27970875,,27970875,306611,,,,good,available,Inventario oficial 2026-06-09; asignación: grupo_nuevo_firma_exacta
EQ-0706,27970900,,27970900,306636,,,,good,available,Inventario oficial 2026-06-09; asignación: grupo_nuevo_firma_exacta
EQ-0707,27970901,,27970901,306637,,,,good,available,Inventario oficial 2026-06-09; asignación: grupo_nuevo_firma_exacta
EQ-0202,27970910,306646,306646,306646,306646,2011-02-17,2019-05-06,good,available,Inventario oficial 2026-06-09; asignación: codigo_patrimonial_existente
EQ-0202,27970913,306649,306649,306649,306649,2011-02-17,2019-05-06,good,available,Inventario oficial 2026-06-09; asignación: codigo_patrimonial_existente
EQ-0202,27970916,306652,306652,306652,306652,2011-02-17,2019-05-06,good,available,Inventario oficial 2026-06-09; asignación: codigo_patrimonial_existente
EQ-0202,27970919,306655,306655,306655,306655,2011-02-17,2019-05-06,good,available,Inventario oficial 2026-06-09; asignación: codigo_patrimonial_existente
EQ-0202,27970921,306657,306657,306657,306657,2011-02-17,2019-05-06,good,available,Inventario oficial 2026-06-09; asignación: codigo_patrimonial_existente
EQ-0202,27970922,306658,306658,306658,306658,2011-02-17,2019-05-06,good,available,Inventario oficial 2026-06-09; asignación: codigo_patrimonial_existente
EQ-0202,27970923,306659,306659,306659,306659,2011-02-17,2019-05-06,good,available,Inventario oficial 2026-06-09; asignación: codigo_patrimonial_existente
EQ-0202,27970925,306661,336661,336661,336661,2011-02-17,2019-05-06,good,available,Inventario oficial 2026-06-09; asignación: codigo_patrimonial_existente
EQ-0202,27970934,306670,306670,306670,306670,2011-02-17,2019-05-06,good,available,Inventario oficial 2026-06-09; asignación: codigo_patrimonial_existente
EQ-0202,27970935,306671,306671,306671,306671,2011-02-17,2019-05-06,good,available,Inventario oficial 2026-06-09; asignación: codigo_patrimonial_existente
EQ-0202,27970940,306676,306676,306676,306676,2011-02-17,2019-05-06,good,available,Inventario oficial 2026-06-09; asignación: codigo_patrimonial_existente
EQ-0202,27970945,306681,306681,306681,306681,2011-02-17,2019-05-06,good,available,Inventario oficial 2026-06-09; asignación: codigo_patrimonial_existente
EQ-0708,27971023,,27971023,306774,,,,good,available,Inventario oficial 2026-06-09; asignación: grupo_nuevo_firma_exacta
EQ-0709,27971028,,27971028,306779,,,,good,available,Inventario oficial 2026-06-09; asignación: grupo_nuevo_firma_exacta
EQ-0710,27971031,,27971031,306782,,,,good,available,Inventario oficial 2026-06-09; asignación: grupo_nuevo_firma_exacta
EQ-0711,27971032,,27971032,306783,,,,good,available,Inventario oficial 2026-06-09; asignación: grupo_nuevo_firma_exacta
EQ-0092,27978041,445877,445877,445877,S/M,1982-02-15,2019-05-07,good,available,Inventario oficial 2026-06-09; asignación: codigo_patrimonial_existente
EQ-0096,27978165,451732,451732,451732,PROSKIT,1991-03-25,2019-05-07,good,available,Inventario oficial 2026-06-09; asignación: codigo_patrimonial_existente
EQ-0097,27978439,453462,453462,453462,WELLER,2012-06-18,2019-05-07,good,available,Inventario oficial 2026-06-09; asignación: codigo_patrimonial_existente
EQ-0200,27978561,463249,463249,463249,GREAT EAGLE,2013-10-10,2019-05-07,good,available,Inventario oficial 2026-06-09; asignación: codigo_patrimonial_existente
EQ-0093,27978584,102127,102127,S/M,S/M,1989-06-28,2019-05-07,good,available,Inventario oficial 2026-06-09; asignación: codigo_patrimonial_existente
EQ-0118,28162059,92215,SIN SERIE92215,92215,MILLERS,1982-02-15,2019-06-03,good,available,Inventario oficial 2026-06-09; asignación: codigo_patrimonial_existente
EQ-0578,28256855,446285,446285,HC5010-C,HUNG CHANG,1989-12-19,2019-06-13,good,available,Inventario oficial 2026-06-09; asignación: codigo_patrimonial_existente
EQ-0579,28256870,463240,463240,463240,463240,2013-10-10,2019-06-13,good,available,Inventario oficial 2026-06-09; asignación: codigo_patrimonial_existente
EQ-0569,28256871,463250,463250,463250,MANHATTAN,2013-10-10,2019-06-13,good,available,Inventario oficial 2026-06-09; asignación: codigo_patrimonial_existente
EQ-0567,28256887,443778,443778,S/M,S/M,1989-06-28,2019-06-13,good,available,Inventario oficial 2026-06-09; asignación: codigo_patrimonial_existente
EQ-0567,28256888,443779,443779,S/M,S/M,1989-06-28,2019-06-13,good,available,Inventario oficial 2026-06-09; asignación: codigo_patrimonial_existente
EQ-0567,28256889,443780,443780,S/M,S/M,1989-06-28,2019-06-13,good,available,Inventario oficial 2026-06-09; asignación: codigo_patrimonial_existente
EQ-0570,28256890,443836,443836,S/M,S/M,1989-06-28,2019-06-13,good,available,Inventario oficial 2026-06-09; asignación: codigo_patrimonial_existente
EQ-0570,28256891,443837,443837,S/M,S/M,1989-06-28,2019-06-13,good,available,Inventario oficial 2026-06-09; asignación: codigo_patrimonial_existente
EQ-0570,28256892,443838,443838,S/M,S/M,1989-06-28,2019-06-13,good,available,Inventario oficial 2026-06-09; asignación: codigo_patrimonial_existente
EQ-0570,28256893,443839,443839,S/M,S/M,1989-06-28,2019-06-13,good,available,Inventario oficial 2026-06-09; asignación: codigo_patrimonial_existente
EQ-0570,28256894,443840,443840,S/M,S/M,1989-06-28,2019-06-13,good,available,Inventario oficial 2026-06-09; asignación: codigo_patrimonial_existente
EQ-0570,28256895,443841,443841,S/M,S/M,1989-06-28,2019-06-13,good,available,Inventario oficial 2026-06-09; asignación: codigo_patrimonial_existente
EQ-0570,28256896,443842,443842,S/M,S/M,1989-06-28,2019-06-13,good,available,Inventario oficial 2026-06-09; asignación: codigo_patrimonial_existente
EQ-0580,28256898,446055,446055,S/M,S/M,1982-02-15,2019-06-13,good,available,Inventario oficial 2026-06-09; asignación: codigo_patrimonial_existente
EQ-0571,28256899,446219,446219,S/M,S/M,1991-12-09,2019-06-13,good,available,Inventario oficial 2026-06-09; asignación: codigo_patrimonial_existente
EQ-0571,28256900,446220,446220,S/M,S/M,1991-12-09,2019-06-13,good,available,Inventario oficial 2026-06-09; asignación: codigo_patrimonial_existente
EQ-0571,28256901,446221,446221,S/M,S/M,1991-12-09,2019-06-13,good,available,Inventario oficial 2026-06-09; asignación: codigo_patrimonial_existente
EQ-0572,28256902,446222,446222,S/M,S/M,1991-12-09,2019-06-13,good,available,Inventario oficial 2026-06-09; asignación: codigo_patrimonial_existente
EQ-0572,28256903,446223,446223,S/M,S/M,1991-12-09,2019-06-13,good,available,Inventario oficial 2026-06-09; asignación: codigo_patrimonial_existente
EQ-0572,28256904,446224,446224,S/M,S/M,1991-12-09,2019-06-13,good,available,Inventario oficial 2026-06-09; asignación: codigo_patrimonial_existente
EQ-0578,28257131,92399,92399,HC5010-C,HUNG CHANG,1989-12-19,2019-06-13,good,available,Inventario oficial 2026-06-09; asignación: codigo_patrimonial_existente
EQ-0577,28257138,92648,92648,2707AG,BKTOOLKIT,1995-01-13,2019-06-13,good,available,Inventario oficial 2026-06-09; asignación: codigo_patrimonial_existente
EQ-0576,28257140,92833,67310883,76,FLUKE,1997-04-21,2019-06-13,good,available,Inventario oficial 2026-06-09; asignación: codigo_patrimonial_existente
EQ-0574,28257152,102145,102145,102145,102145,1989-11-23,2019-06-13,good,available,Inventario oficial 2026-06-09; asignación: codigo_patrimonial_existente
EQ-0649,28265993,92271,PUERTAS,92271,92271,1982-02-15,2019-06-18,good,available,Inventario oficial 2026-06-09; asignación: codigo_patrimonial_existente
EQ-0656,28265994,92272,92272,92272,92272,1982-02-15,2019-06-18,good,available,Inventario oficial 2026-06-09; asignación: codigo_patrimonial_existente
EQ-0619,28265996,92318,92318,92318,92318,1984-11-06,2019-06-18,good,available,Inventario oficial 2026-06-09; asignación: codigo_patrimonial_existente
EQ-0648,28266000,92609,92609,92609,92609,1993-10-06,2019-06-18,good,available,Inventario oficial 2026-06-09; asignación: codigo_patrimonial_existente
EQ-0655,28266003,92840,92840,92840,92840,1997-05-21,2019-06-18,good,available,Inventario oficial 2026-06-09; asignación: codigo_patrimonial_existente
EQ-0659,28266004,92841,92841,92841,92841,1997-06-09,2019-06-18,good,available,Inventario oficial 2026-06-09; asignación: codigo_patrimonial_existente
EQ-0633,28266005,92885,92885,92885,92885,1997-12-08,2019-06-18,good,available,Inventario oficial 2026-06-09; asignación: codigo_patrimonial_existente
EQ-0651,28266006,93003,93003,93003,93003,2003-04-28,2019-06-18,good,available,Inventario oficial 2026-06-09; asignación: codigo_patrimonial_existente
EQ-0630,28266007,93004,93004,93004,93004,2003-08-04,2019-06-18,good,available,Inventario oficial 2026-06-09; asignación: codigo_patrimonial_existente
EQ-0618,28266008,93006,93006,93006,93006,2003-08-04,2019-06-18,good,available,Inventario oficial 2026-06-09; asignación: codigo_patrimonial_existente
EQ-0640,28266144,99035,99035,99035,99035,1998-03-19,2019-06-18,good,available,Inventario oficial 2026-06-09; asignación: codigo_patrimonial_existente
EQ-0658,28266229,102042,102042,102042,102042,1989-06-23,2019-06-18,good,available,Inventario oficial 2026-06-09; asignación: codigo_patrimonial_existente
EQ-0657,28266230,102043,102043,102043,102043,1989-06-23,2019-06-18,good,available,Inventario oficial 2026-06-09; asignación: codigo_patrimonial_existente
EQ-0624,28266231,102141,102141,102141,102141,1989-11-23,2019-06-18,good,available,Inventario oficial 2026-06-09; asignación: codigo_patrimonial_existente
EQ-0632,28266234,102151,102151,102151,102151,1990-03-05,2019-06-18,good,available,Inventario oficial 2026-06-09; asignación: codigo_patrimonial_existente
EQ-0627,28266235,102172,102172,102172,102172,1999-07-19,2019-06-18,good,available,Inventario oficial 2026-06-09; asignación: codigo_patrimonial_existente
EQ-0646,28266236,102176,102176,102176,102176,2004-11-11,2019-06-18,good,available,Inventario oficial 2026-06-09; asignación: codigo_patrimonial_existente
EQ-0623,28266237,102177,102177,102177,102177,2004-11-11,2019-06-18,good,available,Inventario oficial 2026-06-09; asignación: codigo_patrimonial_existente
EQ-0631,28266238,102178,102178,102178,102178,2004-11-11,2019-06-18,good,available,Inventario oficial 2026-06-09; asignación: codigo_patrimonial_existente
EQ-0625,28266239,102179,102179,102179,102179,2004-11-11,2019-06-18,good,available,Inventario oficial 2026-06-09; asignación: codigo_patrimonial_existente
EQ-0650,28266272,103409,103409,103409,103409,1987-07-14,2019-06-18,good,available,Inventario oficial 2026-06-09; asignación: codigo_patrimonial_existente
EQ-0634,28266493,111687,111687,111687,111687,1990-03-22,2019-06-18,good,available,Inventario oficial 2026-06-09; asignación: codigo_patrimonial_existente
EQ-0620,28266709,245157,245157,245157,245157,2006-07-27,2019-06-18,good,available,Inventario oficial 2026-06-09; asignación: codigo_patrimonial_existente
EQ-0712,28272488,,28272488,376152,,,,good,available,Inventario oficial 2026-06-09; asignación: grupo_nuevo_firma_exacta
EQ-0713,28272490,,28272490,376154,,,,good,available,Inventario oficial 2026-06-09; asignación: grupo_nuevo_firma_exacta
EQ-0643,28273219,,28273219,377307,,,,good,available,Inventario oficial 2026-06-09; asignación: nombre_oficial_exacto
EQ-0643,28273224,377312,377312,377312,377312,1988-10-05,2019-06-19,good,available,Inventario oficial 2026-06-09; asignación: codigo_patrimonial_existente
EQ-0644,28273245,377333,377333,377333,377333,1988-10-05,2019-06-19,good,available,Inventario oficial 2026-06-09; asignación: codigo_patrimonial_existente
EQ-0644,28273249,377337,377337,377337,377337,1988-10-05,2019-06-19,good,available,Inventario oficial 2026-06-09; asignación: codigo_patrimonial_existente
EQ-0647,28273275,377371,377371,377371,377371,1997-07-10,2019-06-19,good,available,Inventario oficial 2026-06-09; asignación: codigo_patrimonial_existente
EQ-0638,28276510,259750,259750,259750,259750,2007-06-25,2019-06-19,good,available,Inventario oficial 2026-06-09; asignación: codigo_patrimonial_existente
EQ-0639,28276512,259755,259755,259755,259755,2007-06-25,2019-06-19,good,available,Inventario oficial 2026-06-09; asignación: codigo_patrimonial_existente
EQ-0636,28276513,259756,259756,259756,259756,2007-06-25,2019-06-19,good,available,Inventario oficial 2026-06-09; asignación: codigo_patrimonial_existente
EQ-0635,28276514,259757,259757,259757,259757,2007-06-25,2019-06-19,good,available,Inventario oficial 2026-06-09; asignación: codigo_patrimonial_existente
EQ-0637,28276530,259892,259892,259892,259892,2007-06-25,2019-06-19,good,available,Inventario oficial 2026-06-09; asignación: codigo_patrimonial_existente
EQ-0645,28276726,262102,262102,262102,262102,1989-03-06,2019-06-19,good,available,Inventario oficial 2026-06-09; asignación: codigo_patrimonial_existente
EQ-0645,28276731,262107,262107,262107,262107,1989-03-06,2019-06-19,good,available,Inventario oficial 2026-06-09; asignación: codigo_patrimonial_existente
EQ-0625,28281599,443804,443804,443804,443804,2004-11-11,2019-06-19,good,available,Inventario oficial 2026-06-09; asignación: codigo_patrimonial_existente
EQ-0625,28281600,443805,443805,443805,443805,2004-11-11,2019-06-19,good,available,Inventario oficial 2026-06-09; asignación: codigo_patrimonial_existente
EQ-0658,28281608,443830,443830,443830,443830,1989-06-23,2019-06-19,good,available,Inventario oficial 2026-06-09; asignación: codigo_patrimonial_existente
EQ-0658,28281609,443831,443831,443831,443831,1989-06-23,2019-06-19,good,available,Inventario oficial 2026-06-09; asignación: codigo_patrimonial_existente
EQ-0658,28281610,443832,443832,443832,443832,1989-06-23,2019-06-19,good,available,Inventario oficial 2026-06-09; asignación: codigo_patrimonial_existente
EQ-0658,28281611,443833,443833,443833,443833,1989-06-23,2019-06-19,good,available,Inventario oficial 2026-06-09; asignación: codigo_patrimonial_existente
EQ-0658,28281612,443834,443834,443834,443834,1989-06-23,2019-06-19,good,available,Inventario oficial 2026-06-09; asignación: codigo_patrimonial_existente
EQ-0657,28281613,443835,443835,443835,443835,1989-06-23,2019-06-19,good,available,Inventario oficial 2026-06-09; asignación: codigo_patrimonial_existente
EQ-0626,28281883,446132,446132,446132,446132,1995-02-15,2019-06-19,good,available,Inventario oficial 2026-06-09; asignación: codigo_patrimonial_existente
EQ-0630,28281885,446230,446230,446230,446230,2003-08-04,2019-06-19,good,available,Inventario oficial 2026-06-09; asignación: codigo_patrimonial_existente
EQ-0630,28281886,446231,446231,446231,446231,2003-08-04,2019-06-19,good,available,Inventario oficial 2026-06-09; asignación: codigo_patrimonial_existente
EQ-0630,28281887,446232,446232,446232,446232,2003-08-04,2019-06-19,good,available,Inventario oficial 2026-06-09; asignación: codigo_patrimonial_existente
EQ-0630,28281888,446233,446233,446233,446233,2003-08-04,2019-06-19,good,available,Inventario oficial 2026-06-09; asignación: codigo_patrimonial_existente
EQ-0630,28281889,446234,446234,446234,446234,2003-08-04,2019-06-19,good,available,Inventario oficial 2026-06-09; asignación: codigo_patrimonial_existente
EQ-0630,28281890,446235,446235,446235,446235,2003-08-04,2019-06-19,good,available,Inventario oficial 2026-06-09; asignación: codigo_patrimonial_existente
EQ-0630,28281891,446236,446236,446236,446236,2003-08-04,2019-06-19,good,available,Inventario oficial 2026-06-09; asignación: codigo_patrimonial_existente
EQ-0630,28281892,446237,446237,446237,446237,2003-08-04,2019-06-19,good,available,Inventario oficial 2026-06-09; asignación: codigo_patrimonial_existente
EQ-0642,28281893,446590,446590,446590,446590,1986-04-17,2019-06-19,good,available,Inventario oficial 2026-06-09; asignación: codigo_patrimonial_existente
EQ-0642,28281894,446592,446592,446592,446592,1986-04-17,2019-06-19,good,available,Inventario oficial 2026-06-09; asignación: codigo_patrimonial_existente
EQ-0642,28281895,446593,446593,446593,446593,1986-04-17,2019-06-19,good,available,Inventario oficial 2026-06-09; asignación: codigo_patrimonial_existente
EQ-0642,28281896,446594,446594,446594,446594,1986-04-17,2019-06-19,good,available,Inventario oficial 2026-06-09; asignación: codigo_patrimonial_existente
EQ-0655,28281897,446671,44667,44667,44667,1997-05-21,2019-06-19,good,available,Inventario oficial 2026-06-09; asignación: codigo_patrimonial_existente
EQ-0655,28281898,446672,446672,446672,446672,1997-05-21,2019-06-19,good,available,Inventario oficial 2026-06-09; asignación: codigo_patrimonial_existente
EQ-0655,28281899,446673,446673,446673,446673,1997-05-21,2019-06-19,good,available,Inventario oficial 2026-06-09; asignación: codigo_patrimonial_existente
EQ-0656,28281900,446674,446674,446674,446674,1982-02-15,2019-06-19,good,available,Inventario oficial 2026-06-09; asignación: codigo_patrimonial_existente
EQ-0656,28281901,446675,446675,446675,446675,1982-02-15,2019-06-19,good,available,Inventario oficial 2026-06-09; asignación: codigo_patrimonial_existente
EQ-0656,28281902,446676,446676,446676,446676,1982-02-15,2019-06-19,good,available,Inventario oficial 2026-06-09; asignación: codigo_patrimonial_existente
EQ-0656,28281903,446677,446677,446677,446677,1982-02-15,2019-06-19,good,available,Inventario oficial 2026-06-09; asignación: codigo_patrimonial_existente
EQ-0656,28281904,446678,446678,446678,446678,1982-02-15,2019-06-19,good,available,Inventario oficial 2026-06-09; asignación: codigo_patrimonial_existente
EQ-0656,28281905,446679,446679,446679,446679,1982-02-15,2019-06-19,good,available,Inventario oficial 2026-06-09; asignación: codigo_patrimonial_existente
EQ-0656,28281906,446680,446680,446680,446680,1982-02-15,2019-06-19,good,available,Inventario oficial 2026-06-09; asignación: codigo_patrimonial_existente
EQ-0656,28281907,446681,446681,446681,446681,1982-02-15,2019-06-19,good,available,Inventario oficial 2026-06-09; asignación: codigo_patrimonial_existente
EQ-0656,28281908,446682,446682,446682,446682,1982-02-15,2019-06-19,good,available,Inventario oficial 2026-06-09; asignación: codigo_patrimonial_existente
EQ-0656,28281909,446683,446683,446683,446683,1982-02-15,2019-06-19,good,available,Inventario oficial 2026-06-09; asignación: codigo_patrimonial_existente
EQ-0656,28281910,446684,446684,446684,446684,1982-02-15,2019-06-19,good,available,Inventario oficial 2026-06-09; asignación: codigo_patrimonial_existente
EQ-0656,28281911,446685,446685,446685,446685,1982-02-15,2019-06-19,good,available,Inventario oficial 2026-06-09; asignación: codigo_patrimonial_existente
EQ-0656,28281912,446686,446686,446686,446686,1982-02-15,2019-06-19,good,available,Inventario oficial 2026-06-09; asignación: codigo_patrimonial_existente
EQ-0659,28281913,446687,446687,446687,446687,1997-06-09,2019-06-19,good,available,Inventario oficial 2026-06-09; asignación: codigo_patrimonial_existente
EQ-0659,28281914,446688,446688,446688,446688,1997-06-09,2019-06-19,good,available,Inventario oficial 2026-06-09; asignación: codigo_patrimonial_existente
EQ-0659,28281915,446689,446689,446689,446689,1997-06-09,2019-06-19,good,available,Inventario oficial 2026-06-09; asignación: codigo_patrimonial_existente
EQ-0659,28281916,446690,446690,446690,446690,1997-06-09,2019-06-19,good,available,Inventario oficial 2026-06-09; asignación: codigo_patrimonial_existente
EQ-0659,28281917,446691,446691,446691,446691,1997-06-09,2019-06-19,good,available,Inventario oficial 2026-06-09; asignación: codigo_patrimonial_existente
EQ-0659,28281918,446692,446692,446692,446692,1997-06-09,2019-06-19,good,available,Inventario oficial 2026-06-09; asignación: codigo_patrimonial_existente
EQ-0659,28281919,446693,446693,446693,446693,1997-06-09,2019-06-19,good,available,Inventario oficial 2026-06-09; asignación: codigo_patrimonial_existente
EQ-0659,28281920,446694,446694,446694,446694,1997-06-09,2019-06-19,good,available,Inventario oficial 2026-06-09; asignación: codigo_patrimonial_existente
EQ-0659,28281921,446695,446695,446695,446695,1997-06-09,2019-06-19,good,available,Inventario oficial 2026-06-09; asignación: codigo_patrimonial_existente
EQ-0659,28281922,446696,446696,446696,446696,1997-06-09,2019-06-19,good,available,Inventario oficial 2026-06-09; asignación: codigo_patrimonial_existente
EQ-0659,28281923,446697,446697,446697,446697,1997-06-09,2019-06-19,good,available,Inventario oficial 2026-06-09; asignación: codigo_patrimonial_existente
EQ-0648,28281924,447187,447187,447187,447187,1993-10-06,2019-06-19,good,available,Inventario oficial 2026-06-09; asignación: codigo_patrimonial_existente
EQ-0648,28281925,447188,447188,447188,447188,1993-10-06,2019-06-19,good,available,Inventario oficial 2026-06-09; asignación: codigo_patrimonial_existente
EQ-0622,28283003,462785,462785,462785,462785,2013-09-11,2019-06-19,good,available,Inventario oficial 2026-06-09; asignación: codigo_patrimonial_existente
EQ-0629,28283314,92453,92453,S/M,S/M,1991-12-09,2019-06-19,good,available,Inventario oficial 2026-06-09; asignación: codigo_patrimonial_existente
EQ-0628,28283315,92454,92454,S/M,S/M,1991-12-09,2019-06-19,good,available,Inventario oficial 2026-06-09; asignación: codigo_patrimonial_existente
EQ-0714,28285454,,28285454,283337,,,,good,available,Inventario oficial 2026-06-09; asignación: grupo_nuevo_firma_exacta
EQ-0715,28285455,,28285455,283338,,,,good,available,Inventario oficial 2026-06-09; asignación: grupo_nuevo_firma_exacta
EQ-0716,28285460,,28285460,283343,,,,good,available,Inventario oficial 2026-06-09; asignación: grupo_nuevo_firma_exacta
EQ-0717,28285469,,28285469,283352,,,,good,available,Inventario oficial 2026-06-09; asignación: grupo_nuevo_firma_exacta
EQ-0718,28285475,,28285475,283358,,,,good,available,Inventario oficial 2026-06-09; asignación: grupo_nuevo_firma_exacta
EQ-0719,28285476,,28285476,283359,,,,good,available,Inventario oficial 2026-06-09; asignación: grupo_nuevo_firma_exacta
EQ-0641,28285560,285480,285480,285480,285480,2009-09-24,2019-06-20,good,available,Inventario oficial 2026-06-09; asignación: codigo_patrimonial_existente
EQ-0608,28286565,356034,356034,356034,356034,2011-11-15,2019-06-20,good,available,Inventario oficial 2026-06-09; asignación: codigo_patrimonial_existente
EQ-0610,28286566,356035,356035,356035,356035,2011-11-15,2019-06-20,good,available,Inventario oficial 2026-06-09; asignación: codigo_patrimonial_existente
EQ-0611,28286567,356036,356036,356036,356036,2011-11-15,2019-06-20,good,available,Inventario oficial 2026-06-09; asignación: codigo_patrimonial_existente
EQ-0612,28286568,356037,356037,356037,356037,2011-11-15,2019-06-20,good,available,Inventario oficial 2026-06-09; asignación: codigo_patrimonial_existente
EQ-0613,28286569,356038,356038,356038,356038,2011-11-15,2019-06-20,good,available,Inventario oficial 2026-06-09; asignación: codigo_patrimonial_existente
EQ-0614,28286570,356039,356039,356039,356039,2011-11-15,2019-06-20,good,available,Inventario oficial 2026-06-09; asignación: codigo_patrimonial_existente
EQ-0615,28286571,356040,356040,356040,356040,2011-11-15,2019-06-20,good,available,Inventario oficial 2026-06-09; asignación: codigo_patrimonial_existente
EQ-0616,28286572,356041,356041,356041,356041,2011-11-15,2019-06-20,good,available,Inventario oficial 2026-06-09; asignación: codigo_patrimonial_existente
EQ-0617,28286573,356042,356042,356042,356042,2011-11-15,2019-06-20,good,available,Inventario oficial 2026-06-09; asignación: codigo_patrimonial_existente
EQ-0609,28286574,356043,356043,356043,356043,2011-11-15,2019-06-20,good,available,Inventario oficial 2026-06-09; asignación: codigo_patrimonial_existente
EQ-0642,28290676,446591,SINSERIE446591,446591,446591,1986-04-17,2019-06-20,good,available,Inventario oficial 2026-06-09; asignación: codigo_patrimonial_existente
EQ-0720,28297298,,28297298,76753,,,,good,available,Inventario oficial 2026-06-09; asignación: grupo_nuevo_firma_exacta
EQ-0539,28470716,16904,SIN.S/N AMMC43501482,X2,INFOCUS,2004-12-28,2019-07-11,good,available,Inventario oficial 2026-06-09; asignación: codigo_patrimonial_existente
EQ-0468,28471346,92219,SIN.S/N 92219,92219,92219,1982-02-15,2019-07-11,good,available,Inventario oficial 2026-06-09; asignación: codigo_patrimonial_existente
EQ-0422,28471347,92220,SIN.S/N 92220,28-605,92220,1982-02-15,2019-07-11,good,available,Inventario oficial 2026-06-09; asignación: codigo_patrimonial_existente
EQ-0467,28471348,92221,SIN.S/N 92221,92221,92221,1982-02-15,2019-07-11,good,available,Inventario oficial 2026-06-09; asignación: codigo_patrimonial_existente
EQ-0469,28471349,92222,SIN.S/N 92222,92222,92222,1982-02-15,2019-07-11,good,available,Inventario oficial 2026-06-09; asignación: codigo_patrimonial_existente
EQ-0482,28471350,92223,SIN.S/N 92223,92223,92223,1982-02-15,2019-07-11,good,available,Inventario oficial 2026-06-09; asignación: codigo_patrimonial_existente
EQ-0475,28471351,92224,SIN.S/N 92224,92224,92224,1982-02-15,2019-07-11,good,available,Inventario oficial 2026-06-09; asignación: codigo_patrimonial_existente
EQ-0458,28471352,92225,SIN.S/N 92225,92225,92225,1982-02-15,2019-07-11,good,available,Inventario oficial 2026-06-09; asignación: codigo_patrimonial_existente
EQ-0474,28471353,92226,SIN.S/N 92226,92226,92226,1982-02-15,2019-07-11,good,available,Inventario oficial 2026-06-09; asignación: codigo_patrimonial_existente
EQ-0466,28471354,92227,SIN.S/N 92227,92227,92227,1982-02-15,2019-07-11,good,available,Inventario oficial 2026-06-09; asignación: codigo_patrimonial_existente
EQ-0459,28471355,92228,SIN.S/N 92228,92228,92228,1982-02-15,2019-07-11,good,available,Inventario oficial 2026-06-09; asignación: codigo_patrimonial_existente
EQ-0473,28471356,92229,SIN.S/N 92229,92229,92229,1982-02-15,2019-07-11,good,available,Inventario oficial 2026-06-09; asignación: codigo_patrimonial_existente
EQ-0477,28471357,92230,SIN.S/N 92230,92230,92230,1982-02-15,2019-07-11,good,available,Inventario oficial 2026-06-09; asignación: codigo_patrimonial_existente
EQ-0460,28471358,92231,SIN.S/N 92231,92231,92231,1982-02-15,2019-07-11,good,available,Inventario oficial 2026-06-09; asignación: codigo_patrimonial_existente
EQ-0472,28471359,92233,SIN.S/N 28-100,92233,92233,1982-02-15,2019-07-11,good,available,Inventario oficial 2026-06-09; asignación: codigo_patrimonial_existente
EQ-0464,28471360,92234,SIN.S/N 28-105,92234,92234,1982-02-15,2019-07-11,good,available,Inventario oficial 2026-06-09; asignación: codigo_patrimonial_existente
EQ-0462,28471361,92235,SIN.S/N 28-125,92235,92235,1982-02-15,2019-07-11,good,available,Inventario oficial 2026-06-09; asignación: codigo_patrimonial_existente
EQ-0461,28471362,92236,SIN.S/N 28-130,92236,92236,1982-02-15,2019-07-11,good,available,Inventario oficial 2026-06-09; asignación: codigo_patrimonial_existente
EQ-0463,28471363,92237,SIN.S/N 28-135,92237,92237,1982-02-15,2019-07-11,good,available,Inventario oficial 2026-06-09; asignación: codigo_patrimonial_existente
EQ-0465,28471364,92238,SIN.S/N 28-140,92238,92238,1982-02-15,2019-07-11,good,available,Inventario oficial 2026-06-09; asignación: codigo_patrimonial_existente
EQ-0479,28471365,92239,SIN.S/N 92239,92239,T.E.I.,1982-02-15,2019-07-11,good,available,Inventario oficial 2026-06-09; asignación: codigo_patrimonial_existente
EQ-0441,28471366,92240,SIN.S/N 28-200,92240,92240,1982-02-15,2019-07-11,good,available,Inventario oficial 2026-06-09; asignación: codigo_patrimonial_existente
EQ-0442,28471367,92241,SIN.S/N 28-201,92241,92241,1982-02-15,2019-07-11,good,available,Inventario oficial 2026-06-09; asignación: codigo_patrimonial_existente
EQ-0470,28471368,92242,SIN.S/N 27-205,92242,92242,1982-02-15,2019-07-11,good,available,Inventario oficial 2026-06-09; asignación: codigo_patrimonial_existente
EQ-0391,28471369,92257,SIN.S/N 76,92257,EQUITECH TRAINING SYSTEMES LTD.,1982-02-15,2019-07-11,good,available,Inventario oficial 2026-06-09; asignación: codigo_patrimonial_existente
EQ-0457,28471372,92274,SIN.S/N 28-101,92274,92274,1982-02-15,2019-07-11,good,available,Inventario oficial 2026-06-09; asignación: codigo_patrimonial_existente
EQ-0478,28471373,92275,SIN.S/N 18-102,92275,92275,1982-02-15,2019-07-11,good,available,Inventario oficial 2026-06-09; asignación: codigo_patrimonial_existente
EQ-0471,28471374,92276,SIN.S/N 92276,92276,92276,1982-02-15,2019-07-11,good,available,Inventario oficial 2026-06-09; asignación: codigo_patrimonial_existente
EQ-0476,28471375,92279,SIN.S/N 92279,92279,92279,1982-02-15,2019-07-11,good,available,Inventario oficial 2026-06-09; asignación: codigo_patrimonial_existente
EQ-0318,28471376,92282,SIN.S/N 92282,DL2011,92282,1982-02-15,2019-07-11,good,available,Inventario oficial 2026-06-09; asignación: codigo_patrimonial_existente
EQ-0316,28471377,92283,SIN.S/N 92283,92283,92283,1982-02-15,2019-07-11,good,available,Inventario oficial 2026-06-09; asignación: codigo_patrimonial_existente
EQ-0317,28471378,92284,SIN.S/N 92284,92284,92284,1982-02-15,2019-07-11,good,available,Inventario oficial 2026-06-09; asignación: codigo_patrimonial_existente
EQ-0315,28471379,92285,SIN.S/N 92285,DL2080,92285,1982-02-15,2019-07-11,good,available,Inventario oficial 2026-06-09; asignación: codigo_patrimonial_existente
EQ-0525,28471381,92295,SIN.S/N 92295,803123,SAMAR,1982-02-15,2019-07-11,good,available,Inventario oficial 2026-06-09; asignación: codigo_patrimonial_existente
EQ-0218,28471384,92298,SIN.S/N 92298,92298,92298,1982-02-15,2019-07-11,good,available,Inventario oficial 2026-06-09; asignación: codigo_patrimonial_existente
EQ-0446,28471385,92301,SIN.S/N 92301,92301,92301,1982-02-15,2019-07-11,good,available,Inventario oficial 2026-06-09; asignación: codigo_patrimonial_existente
EQ-0721,28471390,,28471390,HC-G205,,,,good,available,Inventario oficial 2026-06-09; asignación: grupo_nuevo_firma_exacta
EQ-0453,28471394,92455,SIN.S/N 92455,92455,92455,1991-12-09,2019-07-11,good,available,Inventario oficial 2026-06-09; asignación: codigo_patrimonial_existente
EQ-0583,28471395,92459,SIN.S/N L092914,DT-2234A,TECHO,1991-12-17,2019-07-11,good,available,Inventario oficial 2026-06-09; asignación: codigo_patrimonial_existente
EQ-0456,28471396,92615,SIN.S/N 92615,92615,92615,1993-12-28,2019-07-11,good,available,Inventario oficial 2026-06-09; asignación: codigo_patrimonial_existente
EQ-0444,28471398,92649,SIN.S/N 302681,92649,EXTECH,1995-01-13,2019-07-11,good,available,Inventario oficial 2026-06-09; asignación: codigo_patrimonial_existente
EQ-0443,28471399,92650,SIN.S/N 302672,92650,EXTECH,1995-01-13,2019-07-11,good,available,Inventario oficial 2026-06-09; asignación: codigo_patrimonial_existente
EQ-0545,28471401,92712,SIN.S/N 159TUE6284,M336MC20D2AA,MOTOROLA,1995-06-23,2019-07-11,good,available,Inventario oficial 2026-06-09; asignación: codigo_patrimonial_existente
EQ-0494,28471403,92807,SIN.S/N 147-29483,3011B,BK PRECISION,1997-02-20,2019-07-11,good,available,Inventario oficial 2026-06-09; asignación: codigo_patrimonial_existente
EQ-0321,28471404,92829,SIN.S/N B022626,TDS-210,TEKTRONIX,1997-04-21,2019-07-11,good,available,Inventario oficial 2026-06-09; asignación: codigo_patrimonial_existente
EQ-0330,28471406,92888,SIN.S/N B042777,TDS-210,TEKTRONIX,1998-04-22,2019-07-11,good,available,Inventario oficial 2026-06-09; asignación: codigo_patrimonial_existente
EQ-0554,28471408,92935,SIN.S/N D07102,G200,DALITE,1999-12-07,2019-07-11,good,available,Inventario oficial 2026-06-09; asignación: codigo_patrimonial_existente
EQ-0373,28471409,92999,SIN.S/N TMC-5297,TOPMAX,EETOOLS,2003-01-06,2019-07-11,good,available,Inventario oficial 2026-06-09; asignación: codigo_patrimonial_existente
EQ-0544,28471410,93007,SIN.S/N KYWI-0307127,TCO-1500ES,TEW,2003-12-04,2019-07-11,good,available,Inventario oficial 2026-06-09; asignación: codigo_patrimonial_existente
EQ-0413,28471411,93009,SIN.S/N 93009,93009,SIEMENS,2003-12-17,2019-07-11,good,available,Inventario oficial 2026-06-09; asignación: codigo_patrimonial_existente
EQ-0481,28471412,93010,SIN.S/N 93010,ICM450C,ICM,2003-12-17,2019-07-11,good,available,Inventario oficial 2026-06-09; asignación: codigo_patrimonial_existente
EQ-0538,28471414,93061,SIN.S/N AHHC40802572,X1,INFOCUS,2004-05-05,2019-07-11,good,available,Inventario oficial 2026-06-09; asignación: codigo_patrimonial_existente
EQ-0542,28471415,93062,SIN.S/N 44706,VPL-CS6,SONY,2004-05-05,2019-07-11,good,available,Inventario oficial 2026-06-09; asignación: codigo_patrimonial_existente
EQ-0537,28471417,93103,SIN.S/N ALSN43900595,LP540,INFOCUS,2004-12-28,2019-07-11,good,available,Inventario oficial 2026-06-09; asignación: codigo_patrimonial_existente
EQ-0722,28471418,,28471418,3UF5001-3AJ00-1,SIEMENS S07,,,good,available,Inventario oficial 2026-06-09; asignación: grupo_nuevo_firma_exacta
EQ-0319,28471419,93124,SIN.S/N C-T2C16471,S7-300,SIEMENS,2005-05-06,2019-07-11,good,available,Inventario oficial 2026-06-09; asignación: codigo_patrimonial_existente
EQ-0339,28471778,98868,SIN.S/N 98868,AMPERCLAMP,ICE,1992-02-03,2019-07-11,good,available,Inventario oficial 2026-06-09; asignación: codigo_patrimonial_existente
EQ-0352,28471779,98912,SIN.S/N 98912,98912,98912,1983-05-24,2019-07-11,good,available,Inventario oficial 2026-06-09; asignación: codigo_patrimonial_existente
EQ-0426,28471780,98918,SIN.S/N 742293,98918,PHYWE,1983-05-24,2019-07-11,good,available,Inventario oficial 2026-06-09; asignación: codigo_patrimonial_existente
EQ-0340,28471781,98919,SIN.S/N 98919,98919,GOSSEN,1983-05-24,2019-07-11,good,available,Inventario oficial 2026-06-09; asignación: codigo_patrimonial_existente
EQ-0343,28471782,98920,SIN.S/N 98920,P140,GOSSEN,1983-05-24,2019-07-11,good,available,Inventario oficial 2026-06-09; asignación: codigo_patrimonial_existente
EQ-0341,28471783,98921,SIN.S/N 98921,P144,GOSSEN,1983-05-24,2019-07-11,good,available,Inventario oficial 2026-06-09; asignación: codigo_patrimonial_existente
EQ-0342,28471784,98922,SIN.S/N 98922,P145,GOSSEN,1983-05-24,2019-07-11,good,available,Inventario oficial 2026-06-09; asignación: codigo_patrimonial_existente
EQ-0344,28471785,98923,SIN.S/N 98923,P243,GOSSEN,1983-05-24,2019-07-11,good,available,Inventario oficial 2026-06-09; asignación: codigo_patrimonial_existente
EQ-0511,28471786,98924,SIN.S/N 98924,98924,NORMA,1983-05-24,2019-07-11,good,available,Inventario oficial 2026-06-09; asignación: codigo_patrimonial_existente
EQ-0492,28471787,98926,SIN.S/N 98926,P-391,GOSSEN,1983-05-24,2019-07-11,good,available,Inventario oficial 2026-06-09; asignación: codigo_patrimonial_existente
EQ-0510,28471788,98927,SIN.S/N 98927,141,GOSSEN,1983-05-24,2019-07-11,good,available,Inventario oficial 2026-06-09; asignación: codigo_patrimonial_existente
EQ-0505,28471789,98928,SIN.S/N 98928,142,GOSSEN,1983-05-24,2019-07-11,good,available,Inventario oficial 2026-06-09; asignación: codigo_patrimonial_existente
EQ-0506,28471790,98929,SIN.S/N 98929,143,GOSSEN,1983-05-24,2019-07-11,good,available,Inventario oficial 2026-06-09; asignación: codigo_patrimonial_existente
EQ-0507,28471791,98930,SIN.S/N 98930,A-240,GOSSEN,1983-05-24,2019-07-11,good,available,Inventario oficial 2026-06-09; asignación: codigo_patrimonial_existente
EQ-0508,28471792,98931,SIN.S/N 98931,A-242,GOSSEN,1983-05-24,2019-07-11,good,available,Inventario oficial 2026-06-09; asignación: codigo_patrimonial_existente
EQ-0509,28471793,98932,SIN.S/N 98932,A-243,GOSSEN,1983-05-24,2019-07-11,good,available,Inventario oficial 2026-06-09; asignación: codigo_patrimonial_existente
EQ-0532,28471794,98933,SIN.S/N 98933,D-141,GOSSEN,1983-05-24,2019-07-11,good,available,Inventario oficial 2026-06-09; asignación: codigo_patrimonial_existente
EQ-0533,28471795,98935,SIN.S/N 98935,D-145,GOSSEN,1983-05-24,2019-07-11,good,available,Inventario oficial 2026-06-09; asignación: codigo_patrimonial_existente
EQ-0503,28471796,98936,SIN.S/N 98936,D-KP-182,GOSSEN,1983-05-24,2019-07-11,good,available,Inventario oficial 2026-06-09; asignación: codigo_patrimonial_existente
EQ-0504,28471797,98937,SIN.S/N 98937,98937,GOSSEN,1983-05-24,2019-07-11,good,available,Inventario oficial 2026-06-09; asignación: codigo_patrimonial_existente
EQ-0367,28471799,98949,SIN.S/N 09-52168,ET-3400-A,HEATHKIT,1989-09-01,2019-07-11,good,available,Inventario oficial 2026-06-09; asignación: codigo_patrimonial_existente
EQ-0564,28471801,98955,SIN.S/N 205374,HC-5502,HUNG CHUNG,1989-12-19,2019-07-11,good,available,Inventario oficial 2026-06-09; asignación: codigo_patrimonial_existente
EQ-0565,28471802,98956,SIN.S/N 205542,HC-5502,HUNG CHUNG,1989-12-19,2019-07-11,good,available,Inventario oficial 2026-06-09; asignación: codigo_patrimonial_existente
EQ-0495,28471803,98958,SIN.S/N G01598,HC-G205,HUNG CHUNG,1989-12-19,2019-07-11,good,available,Inventario oficial 2026-06-09; asignación: codigo_patrimonial_existente
EQ-0329,28471805,99036,SIN.S/N B042767,TDS-210,TEKTRONIX,1998-04-22,2019-07-11,good,available,Inventario oficial 2026-06-09; asignación: codigo_patrimonial_existente
EQ-0433,28472088,102044,SIN.S/N 102044,102044,102044,1989-06-28,2019-07-11,good,available,Inventario oficial 2026-06-09; asignación: codigo_patrimonial_existente
EQ-0214,28472089,102045,SIN.S/N 88/49598 Y 88/49599,TEO,MWB,1989-06-28,2019-07-11,good,available,Inventario oficial 2026-06-09; asignación: codigo_patrimonial_existente
EQ-0215,28472090,102046,SIN.S/N 88/49600,TEO,PHYWE,1989-06-28,2019-07-11,good,available,Inventario oficial 2026-06-09; asignación: codigo_patrimonial_existente
EQ-0452,28472091,102081,SIN.S/N 87140,Z85994/1,ERDUNGSSCHALTER,1989-06-28,2019-07-11,good,available,Inventario oficial 2026-06-09; asignación: codigo_patrimonial_existente
EQ-0448,28472092,102082,SIN.S/N 102082,KF,MBW,1989-06-28,2019-07-11,good,available,Inventario oficial 2026-06-09; asignación: codigo_patrimonial_existente
EQ-0450,28472093,102083,SIN.S/N 102083,KF,S/M,1989-06-28,2019-07-11,good,available,Inventario oficial 2026-06-09; asignación: codigo_patrimonial_existente
EQ-0449,28472094,102084,SIN.S/N 102084,KF,S/M,1989-06-28,2019-07-11,good,available,Inventario oficial 2026-06-09; asignación: codigo_patrimonial_existente
EQ-0432,28472095,102085,SIN.S/N 102085,AKF,102085,1989-06-28,2019-07-11,good,available,Inventario oficial 2026-06-09; asignación: codigo_patrimonial_existente
EQ-0363,28472096,102086,SIN.S/N 102086,IS,102086,1989-06-28,2019-07-11,good,available,Inventario oficial 2026-06-09; asignación: codigo_patrimonial_existente
EQ-0364,28472097,102087,SIN.S/N 102087,IS,102087,1989-06-28,2019-07-11,good,available,Inventario oficial 2026-06-09; asignación: codigo_patrimonial_existente
EQ-0363,28472098,102088,SIN.S/N 102088,IS,102088,1989-06-28,2019-07-11,good,available,Inventario oficial 2026-06-09; asignación: codigo_patrimonial_existente
EQ-0363,28472099,102089,SIN.S/N 102089,IS,102089,1989-06-28,2019-07-11,good,available,Inventario oficial 2026-06-09; asignación: codigo_patrimonial_existente
EQ-0363,28472100,102090,SIN.S/N 102090,IS,102090,1989-06-28,2019-07-11,good,available,Inventario oficial 2026-06-09; asignación: codigo_patrimonial_existente
EQ-0365,28472101,102091,SIN.S/N 102091,IS,102091,1989-06-28,2019-07-11,good,available,Inventario oficial 2026-06-09; asignación: codigo_patrimonial_existente
EQ-0365,28472102,102092,SIN.S/N 102092,IS,102092,1989-06-28,2019-07-11,good,available,Inventario oficial 2026-06-09; asignación: codigo_patrimonial_existente
EQ-0365,28472103,102093,SIN.S/N 102093,IS,102093,1989-06-28,2019-07-11,good,available,Inventario oficial 2026-06-09; asignación: codigo_patrimonial_existente
EQ-0365,28472104,102094,SIN.S/N 102094,IS,102094,1989-06-28,2019-07-11,good,available,Inventario oficial 2026-06-09; asignación: codigo_patrimonial_existente
EQ-0365,28472105,102095,SIN.S/N 102095,IS,102095,1989-06-28,2019-07-11,good,available,Inventario oficial 2026-06-09; asignación: codigo_patrimonial_existente
EQ-0365,28472106,102096,SIN.S/N 102096,IS,102096,1989-06-28,2019-07-11,good,available,Inventario oficial 2026-06-09; asignación: codigo_patrimonial_existente
EQ-0365,28472107,102097,SIN.S/N 102097,IS,102097,1989-06-28,2019-07-11,good,available,Inventario oficial 2026-06-09; asignación: codigo_patrimonial_existente
EQ-0455,28472108,102100,SIN.S/N 102100,K,102100,1989-06-28,2019-07-11,good,available,Inventario oficial 2026-06-09; asignación: codigo_patrimonial_existente
EQ-0512,28472109,102102,SIN.S/N 872 361,SM,MWB MESSWANDLED-BAU AG BAMBERG,1989-06-28,2019-07-11,good,available,Inventario oficial 2026-06-09; asignación: codigo_patrimonial_existente
EQ-0502,28472110,102103,SIN.S/N 872 986,STM,MWB MESSWANDLED-BAU AG BAMBERG,1989-06-28,2019-07-11,good,available,Inventario oficial 2026-06-09; asignación: codigo_patrimonial_existente
EQ-0501,28472111,102104,SIN.S/N 860736,GM,MWB MESSWANDLED-BAU AG BAMBERG,1989-06-28,2019-07-11,good,available,Inventario oficial 2026-06-09; asignación: codigo_patrimonial_existente
EQ-0531,28472112,102110,SIN.S/N 909748,ZAG,MWB MESSWANDLED-BAU AG BAMBERG,1989-06-28,2019-07-11,good,available,Inventario oficial 2026-06-09; asignación: codigo_patrimonial_existente
EQ-0529,28472113,102111,SIN.S/N 909 745,EZK,102111,1989-06-28,2019-07-11,good,available,Inventario oficial 2026-06-09; asignación: codigo_patrimonial_existente
EQ-0530,28472114,102112,SIN.S/N 911 644,EZK,102112,1989-06-28,2019-07-11,good,available,Inventario oficial 2026-06-09; asignación: codigo_patrimonial_existente
EQ-0451,28472115,102113,SIN.S/N 102113,MF,102113,1989-06-28,2019-07-11,good,available,Inventario oficial 2026-06-09; asignación: codigo_patrimonial_existente
EQ-0392,28472116,102116,SIN.S/N 865289,102116,102116,1989-06-28,2019-07-11,good,available,Inventario oficial 2026-06-09; asignación: codigo_patrimonial_existente
EQ-0353,28472117,102117,SIN.S/N 102117,EST,102117,1989-06-28,2019-07-11,good,available,Inventario oficial 2026-06-09; asignación: codigo_patrimonial_existente
EQ-0454,28472118,102118,SIN.S/N 829 493,HSV,102118,1989-06-28,2019-07-11,good,available,Inventario oficial 2026-06-09; asignación: codigo_patrimonial_existente
EQ-0362,28472119,102119,SIN.S/N 102119,102119,102119,1989-06-28,2019-07-11,good,available,Inventario oficial 2026-06-09; asignación: codigo_patrimonial_existente
EQ-0362,28472120,102120,SIN.S/N 102120,102120,102120,1989-06-28,2019-07-11,good,available,Inventario oficial 2026-06-09; asignación: codigo_patrimonial_existente
EQ-0362,28472121,102121,SIN.S/N 102121,102121,102121,1989-06-28,2019-07-11,good,available,Inventario oficial 2026-06-09; asignación: codigo_patrimonial_existente
EQ-0361,28472122,102122,SIN.S/N 102122,EL-25,102122,1989-06-28,2019-07-11,good,available,Inventario oficial 2026-06-09; asignación: codigo_patrimonial_existente
EQ-0427,28472123,102123,SIN.S/N 256,DKU,MES SWANDLER-BAU,1989-06-28,2019-07-11,good,available,Inventario oficial 2026-06-09; asignación: codigo_patrimonial_existente
EQ-0445,28472124,102124,SIN.S/N 102124,KR,102124,1989-06-28,2019-07-11,good,available,Inventario oficial 2026-06-09; asignación: codigo_patrimonial_existente
EQ-0374,28472125,102125,SIN.S/N 102125,OP,102125,1989-06-28,2019-07-11,good,available,Inventario oficial 2026-06-09; asignación: codigo_patrimonial_existente
EQ-0366,28472126,102126,SIN.S/N 102126,102126,102126,1989-06-28,2019-07-11,good,available,Inventario oficial 2026-06-09; asignación: codigo_patrimonial_existente
EQ-0428,28472127,102129,SIN.S/N RUH8210,2--89,UNIWELD,1989-07-14,2019-07-11,good,available,Inventario oficial 2026-06-09; asignación: codigo_patrimonial_existente
EQ-0555,28472128,102130,SIN.S/N 102130,102130,SFEME,1989-07-14,2019-07-11,good,available,Inventario oficial 2026-06-09; asignación: codigo_patrimonial_existente
EQ-0520,28472129,102136,SIN.S/N 102136,ST-360,102136,1989-07-14,2019-07-11,good,available,Inventario oficial 2026-06-09; asignación: codigo_patrimonial_existente
EQ-0360,28472130,102137,SIN.S/N 102137,102137,102137,1989-11-09,2019-07-11,good,available,Inventario oficial 2026-06-09; asignación: codigo_patrimonial_existente
EQ-0593,28472131,102144,SIN.S/N 102144,102144,102144,1989-11-23,2019-07-11,good,available,Inventario oficial 2026-06-09; asignación: codigo_patrimonial_existente
EQ-0390,28472132,102146,SIN.S/N 45734,102146,ERDUNGMESSER,1989-11-23,2019-07-11,good,available,Inventario oficial 2026-06-09; asignación: codigo_patrimonial_existente
EQ-0423,28472133,102147,SIN.S/N 102147,102147,102147,1989-11-23,2019-07-11,good,available,Inventario oficial 2026-06-09; asignación: codigo_patrimonial_existente
EQ-0219,28472134,102159,SIN.S/N 75040 451,102159,WAGNER,1993-06-22,2019-07-11,good,available,Inventario oficial 2026-06-09; asignación: codigo_patrimonial_existente
EQ-0553,28472135,102163,SIN.S/N D214310,G-100-LT,DA-LITE,1994-03-23,2019-07-11,good,available,Inventario oficial 2026-06-09; asignación: codigo_patrimonial_existente
EQ-0356,28472136,102164,SIN.S/N 102164,102164,102164,1994-04-04,2019-07-11,good,available,Inventario oficial 2026-06-09; asignación: codigo_patrimonial_existente
EQ-0543,28472137,102173,SIN.S/N KYMI--0209215,TCO-1500ES,TEW,2004-03-23,2019-07-11,good,available,Inventario oficial 2026-06-09; asignación: codigo_patrimonial_existente
EQ-0595,28472138,102185,SIN.S/N 4470872,38GD75,EXTECH,2005-04-08,2019-07-11,good,available,Inventario oficial 2026-06-09; asignación: codigo_patrimonial_existente
EQ-0346,28472412,240233,SIN.S/N C-R7K52368,240233,SIEMENS,2006-03-22,2019-07-11,good,available,Inventario oficial 2026-06-09; asignación: codigo_patrimonial_existente
EQ-0368,28472454,241471,SIN.S/N 11B194E,NI ELVIS NATIONAL INSTRUMENTS,NATIONAL INSTRUMENTS,2006-05-02,2019-07-11,good,available,Inventario oficial 2026-06-09; asignación: codigo_patrimonial_existente
EQ-0359,28472455,241472,SIN.S/N B3EFE71,SCXI-1001,NATIONAL INSTRUMENTS,2006-05-02,2019-07-11,good,available,Inventario oficial 2026-06-09; asignación: codigo_patrimonial_existente
EQ-0480,28472492,243120,SIN.S/N XAU222-002851,243120,SIEMENS,2006-06-21,2019-07-11,good,available,Inventario oficial 2026-06-09; asignación: codigo_patrimonial_existente
EQ-0216,28472665,256068,SIN.S/N 5089402,256068,HAEFELY,2007-02-01,2019-07-11,good,available,Inventario oficial 2026-06-09; asignación: codigo_patrimonial_existente
EQ-0540,28472852,263275,SIN.S/N 708DTQZ00404,DS125,LG,2007-10-17,2019-07-11,good,available,Inventario oficial 2026-06-09; asignación: codigo_patrimonial_existente
EQ-0487,28472887,264775,SIN.S/N 12F2535,NI ELVIS,NATIONAL INSTRUMENTS,2007-11-22,2019-07-11,good,available,Inventario oficial 2026-06-09; asignación: codigo_patrimonial_existente
EQ-0483,28472889,264801,SIN.S/N 128DD30,NI ELVIS,NATIONAL INSTRUMENTS,2007-11-07,2019-07-11,good,available,Inventario oficial 2026-06-09; asignación: codigo_patrimonial_existente
EQ-0486,28472890,264802,SIN.S/N 12F2530,NI ELVIS,NATIONAL INSTRUMENTS,2007-11-07,2019-07-11,good,available,Inventario oficial 2026-06-09; asignación: codigo_patrimonial_existente
EQ-0485,28472891,264803,SIN.S/N 12AC8E9,NI ELVIS,NATIONAL INSTRUMENTS,2007-11-07,2019-07-11,good,available,Inventario oficial 2026-06-09; asignación: codigo_patrimonial_existente
EQ-0484,28472892,264804,SIN.S/N 12A5AE2,NI ELVIS,NATIONAL INSTRUMENTS,2007-11-07,2019-07-11,good,available,Inventario oficial 2026-06-09; asignación: codigo_patrimonial_existente
EQ-0524,28473027,268444,SIN.S/N 156563-03192008,NM-31OR5RM0,KOBOLD,2008-04-23,2019-07-11,good,available,Inventario oficial 2026-06-09; asignación: codigo_patrimonial_existente
EQ-0527,28473028,268445,SIN.S/N 13821651,268445,KOBOLD,2008-04-23,2019-07-11,good,available,Inventario oficial 2026-06-09; asignación: codigo_patrimonial_existente
EQ-0528,28473029,268446,SIN.S/N 203240,MP2000,KOBOLD,2008-04-23,2019-07-11,good,available,Inventario oficial 2026-06-09; asignación: codigo_patrimonial_existente
EQ-0389,28473030,268447,SIN.S/N 209375,268447,KOBOLD,2008-04-23,2019-07-11,good,available,Inventario oficial 2026-06-09; asignación: codigo_patrimonial_existente
EQ-0597,28473032,268449,SIN.S/N V242153,268449,KOBOLD,2008-04-23,2019-07-11,good,available,Inventario oficial 2026-06-09; asignación: codigo_patrimonial_existente
EQ-0322,28473395,279916,SIN.S/N C021530,DPO4104,TEKTRONIX,2009-03-10,2019-07-11,good,available,Inventario oficial 2026-06-09; asignación: codigo_patrimonial_existente
EQ-0493,28473396,279917,SIN.S/N C022325,AFG3102,TEKTRONICS,2009-03-10,2019-07-11,good,available,Inventario oficial 2026-06-09; asignación: codigo_patrimonial_existente
EQ-0488,28473613,285291,SIN.S/N 285291,285291,285291,2009-09-23,2019-07-11,good,available,Inventario oficial 2026-06-09; asignación: codigo_patrimonial_existente
EQ-0541,28473869,289859,SIN.S/N M4SF9Y8485L,H309A,EPSON,2010-02-22,2019-07-11,good,available,Inventario oficial 2026-06-09; asignación: codigo_patrimonial_existente
EQ-0325,28474124,296392,SIN.S/N C105561,TDS 1002B,TEKTRONIX,2010-10-05,2019-07-11,good,available,Inventario oficial 2026-06-09; asignación: codigo_patrimonial_existente
EQ-0326,28474145,303158,SIN.S/N C105563,TDS 1002B,TEKTRONIX,2010-10-05,2019-07-11,good,available,Inventario oficial 2026-06-09; asignación: codigo_patrimonial_existente
EQ-0327,28474146,303159,SIN.S/N C105564,TDS 1002B,TEKTRONIX,2010-10-05,2019-07-11,good,available,Inventario oficial 2026-06-09; asignación: codigo_patrimonial_existente
EQ-0328,28474147,303160,SIN.S/N C105565,TDS 1002B,TEKTRONIX,2010-10-05,2019-07-11,good,available,Inventario oficial 2026-06-09; asignación: codigo_patrimonial_existente
EQ-0496,28474148,303161,SIN.S/N C035453,AFG 3021B,TEKTRONIX,2010-10-05,2019-07-11,good,available,Inventario oficial 2026-06-09; asignación: codigo_patrimonial_existente
EQ-0497,28474149,303162,SIN.S/N C035454,AFG 3021B,TEKTRONIX,2010-10-05,2019-07-11,good,available,Inventario oficial 2026-06-09; asignación: codigo_patrimonial_existente
EQ-0384,28474159,304029,SIN.S/N 304029,304029,304029,2010-11-09,2019-07-11,good,available,Inventario oficial 2026-06-09; asignación: codigo_patrimonial_existente
EQ-0383,28474160,304030,SIN.S/N 304030,304030,304030,2010-11-09,2019-07-11,good,available,Inventario oficial 2026-06-09; asignación: codigo_patrimonial_existente
EQ-0429,28474161,304032,SIN.S/N S C-A7U66788,OP177B,SIEMENS,2010-11-09,2019-07-11,good,available,Inventario oficial 2026-06-09; asignación: codigo_patrimonial_existente
EQ-0385,28474162,304033,SIN.S/N 304033,304033,304033,2010-11-09,2019-07-11,good,available,Inventario oficial 2026-06-09; asignación: codigo_patrimonial_existente
EQ-0385,28474163,304034,SIN.S/N 304034,304034,304034,2010-11-09,2019-07-11,good,available,Inventario oficial 2026-06-09; asignación: codigo_patrimonial_existente
EQ-0490,28474286,306370,SIN.S/N 306370,NI ELVIS,NATIONAL INSTRUMENTS,2011-02-14,2019-07-11,good,available,Inventario oficial 2026-06-09; asignación: codigo_patrimonial_existente
EQ-0323,28474413,352768,SIN.S/N 352768,352768,TEKTRONIX,2011-06-06,2019-07-11,good,available,Inventario oficial 2026-06-09; asignación: codigo_patrimonial_existente
EQ-0324,28474414,352769,SIN.S/N TDS2012CC013539,352769,TEKTRONIX,2011-06-06,2019-07-11,good,available,Inventario oficial 2026-06-09; asignación: codigo_patrimonial_existente
EQ-0361,28475328,443781,SIN.S/N 443781,EL-25,443781,1989-06-28,2019-07-11,good,available,Inventario oficial 2026-06-09; asignación: codigo_patrimonial_existente
EQ-0361,28475329,443782,SIN.S/N 443782,EL-25,443782,1989-06-28,2019-07-11,good,available,Inventario oficial 2026-06-09; asignación: codigo_patrimonial_existente
EQ-0361,28475330,443783,SIN.S/N 443783,EL-25,443783,1989-06-28,2019-07-11,good,available,Inventario oficial 2026-06-09; asignación: codigo_patrimonial_existente
EQ-0361,28475331,443784,SIN.S/N 443784,EL-25,443784,1989-06-28,2019-07-11,good,available,Inventario oficial 2026-06-09; asignación: codigo_patrimonial_existente
EQ-0455,28475332,443785,SIN.S/N 443785,K,443785,1989-06-28,2019-07-11,good,available,Inventario oficial 2026-06-09; asignación: codigo_patrimonial_existente
EQ-0455,28475333,443786,SIN.S/N 443786,K,443786,1989-06-28,2019-07-11,good,available,Inventario oficial 2026-06-09; asignación: codigo_patrimonial_existente
EQ-0455,28475334,443787,SIN.S/N 443787,K,443787,1989-06-28,2019-07-11,good,available,Inventario oficial 2026-06-09; asignación: codigo_patrimonial_existente
EQ-0455,28475335,443788,SIN.S/N 443788,K,443788,1989-06-28,2019-07-11,good,available,Inventario oficial 2026-06-09; asignación: codigo_patrimonial_existente
EQ-0455,28475336,443789,SIN.S/N 443789,K,443789,1989-06-28,2019-07-11,good,available,Inventario oficial 2026-06-09; asignación: codigo_patrimonial_existente
EQ-0455,28475337,443790,SIN.S/N 443790,K,443790,1989-06-28,2019-07-11,good,available,Inventario oficial 2026-06-09; asignación: codigo_patrimonial_existente
EQ-0455,28475338,443791,SIN.S/N 443791,K,443791,1989-06-28,2019-07-11,good,available,Inventario oficial 2026-06-09; asignación: codigo_patrimonial_existente
EQ-0455,28475339,443792,SIN.S/N 443792,K,443792,1989-06-28,2019-07-11,good,available,Inventario oficial 2026-06-09; asignación: codigo_patrimonial_existente
EQ-0455,28475340,443793,SIN.S/N 443793,K,443793,1989-06-28,2019-07-11,good,available,Inventario oficial 2026-06-09; asignación: codigo_patrimonial_existente
EQ-0455,28475341,443794,SIN.S/N 443794,K,443794,1989-06-28,2019-07-11,good,available,Inventario oficial 2026-06-09; asignación: codigo_patrimonial_existente
EQ-0455,28475342,443795,SIN.S/N 443795,K,443795,1989-06-28,2019-07-11,good,available,Inventario oficial 2026-06-09; asignación: codigo_patrimonial_existente
EQ-0455,28475343,443796,SIN.S/N 443796,K,443796,1989-06-28,2019-07-11,good,available,Inventario oficial 2026-06-09; asignación: codigo_patrimonial_existente
EQ-0455,28475344,443797,SIN.S/N 443797,K,443797,1989-06-28,2019-07-11,good,available,Inventario oficial 2026-06-09; asignación: codigo_patrimonial_existente
EQ-0455,28475345,443798,SIN.S/N 443798,K,443798,1989-06-28,2019-07-11,good,available,Inventario oficial 2026-06-09; asignación: codigo_patrimonial_existente
EQ-0455,28475346,443799,SIN.S/N 443799,K,443799,1989-06-28,2019-07-11,good,available,Inventario oficial 2026-06-09; asignación: codigo_patrimonial_existente
EQ-0455,28475347,443800,SIN.S/N 443800,K,443800,1989-06-28,2019-07-11,good,available,Inventario oficial 2026-06-09; asignación: codigo_patrimonial_existente
EQ-0455,28475348,443801,SIN.S/N 443801,K,443801,1989-06-28,2019-07-11,good,available,Inventario oficial 2026-06-09; asignación: codigo_patrimonial_existente
EQ-0455,28475349,443802,SIN.S/N 443802,K,443802,1989-06-28,2019-07-11,good,available,Inventario oficial 2026-06-09; asignación: codigo_patrimonial_existente
EQ-0455,28475350,443803,SIN.S/N 443803,K,443803,1989-06-28,2019-07-11,good,available,Inventario oficial 2026-06-09; asignación: codigo_patrimonial_existente
EQ-0593,28475351,443806,SIN.S/N 443806,443806,SAMAR,1989-11-23,2019-07-11,good,available,Inventario oficial 2026-06-09; asignación: codigo_patrimonial_existente
EQ-0428,28475352,443825,SIN.S/N 443825,443825,443825,1989-07-14,2019-07-11,good,available,Inventario oficial 2026-06-09; asignación: codigo_patrimonial_existente
EQ-0339,28475356,444037,SIN.S/N 444037,AMPERCLAMP,ICE,1992-02-03,2019-07-11,good,available,Inventario oficial 2026-06-09; asignación: codigo_patrimonial_existente
EQ-0352,28475357,444038,SIN.S/N 444038,444038,444038,1983-05-24,2019-07-11,good,available,Inventario oficial 2026-06-09; asignación: codigo_patrimonial_existente
EQ-0491,28475361,444043,SIN.S/N 444043,P-390,GOSSEN,1983-05-24,2019-07-11,good,available,Inventario oficial 2026-06-09; asignación: codigo_patrimonial_existente
EQ-0491,28475362,444044,SIN.S/N 444044,P-390,GOSSEN,1983-05-24,2019-07-11,good,available,Inventario oficial 2026-06-09; asignación: codigo_patrimonial_existente
EQ-0492,28475363,444045,SIN.S/N 444045,P-391,GOSSEN,1983-05-24,2019-07-11,good,available,Inventario oficial 2026-06-09; asignación: codigo_patrimonial_existente
EQ-0492,28475364,444046,SIN.S/N 444046,P-391,GOSSEN,1983-05-24,2019-07-11,good,available,Inventario oficial 2026-06-09; asignación: codigo_patrimonial_existente
EQ-0340,28475365,444047,SIN.S/N 444047,P244,GOSSEN,1983-05-24,2019-07-11,good,available,Inventario oficial 2026-06-09; asignación: codigo_patrimonial_existente
EQ-0340,28475366,444048,SIN.S/N 444048,P244,GOSSEN,1983-05-24,2019-07-11,good,available,Inventario oficial 2026-06-09; asignación: codigo_patrimonial_existente
EQ-0340,28475367,444049,SIN.S/N 444049,P244,GOSSEN,1983-05-24,2019-07-11,good,available,Inventario oficial 2026-06-09; asignación: codigo_patrimonial_existente
EQ-0340,28475368,444050,SIN.S/N 444050,P244,GOSSEN,1983-05-24,2019-07-11,good,available,Inventario oficial 2026-06-09; asignación: codigo_patrimonial_existente
EQ-0340,28475369,444051,SIN.S/N 444051,P244,GOSSEN,1983-05-24,2019-07-11,good,available,Inventario oficial 2026-06-09; asignación: codigo_patrimonial_existente
EQ-0342,28475370,444052,SIN.S/N 444052,P145,GOSSEN,1983-05-24,2019-07-11,good,available,Inventario oficial 2026-06-09; asignación: codigo_patrimonial_existente
EQ-0505,28475371,444053,SIN.S/N 444053,142,GOSSEN,1983-05-24,2019-07-11,good,available,Inventario oficial 2026-06-09; asignación: codigo_patrimonial_existente
EQ-0506,28475372,444054,SIN.S/N 444054,143,GOSSEN,1983-05-24,2019-07-11,good,available,Inventario oficial 2026-06-09; asignación: codigo_patrimonial_existente
EQ-0507,28475373,444055,SIN.S/N 444055,A-240,GOSSEN,1983-05-24,2019-07-11,good,available,Inventario oficial 2026-06-09; asignación: codigo_patrimonial_existente
EQ-0509,28475374,444056,SIN.S/N 444056,A-243,GOSSEN,1983-05-24,2019-07-11,good,available,Inventario oficial 2026-06-09; asignación: codigo_patrimonial_existente
EQ-0344,28475375,444057,SIN.S/N 444057,P243,GOSSEN,1983-05-24,2019-07-11,good,available,Inventario oficial 2026-06-09; asignación: codigo_patrimonial_existente
EQ-0510,28475376,444058,SIN.S/N 444058,141,GOSSEN,1983-05-24,2019-07-11,good,available,Inventario oficial 2026-06-09; asignación: codigo_patrimonial_existente
EQ-0511,28475377,444059,SIN.S/N 444059,444059,NORMA,1983-05-24,2019-07-11,good,available,Inventario oficial 2026-06-09; asignación: codigo_patrimonial_existente
EQ-0426,28475378,444072,SIN.S/N 444072,444072,PHYWE,1983-05-24,2019-07-11,good,available,Inventario oficial 2026-06-09; asignación: codigo_patrimonial_existente
EQ-0426,28475379,444073,SIN.S/N 444073,444073,PHYWE,1983-05-24,2019-07-11,good,available,Inventario oficial 2026-06-09; asignación: codigo_patrimonial_existente
EQ-0318,28475397,445854,SIN.S/N 445854,DL2013,445854,1982-02-15,2019-07-11,good,available,Inventario oficial 2026-06-09; asignación: codigo_patrimonial_existente
EQ-0453,28475398,446056,SIN.S/N 446056,446056,446056,1991-12-09,2019-07-11,good,available,Inventario oficial 2026-06-09; asignación: codigo_patrimonial_existente
EQ-0453,28475399,446057,SIN.S/N 446057,446057,446057,1991-12-09,2019-07-11,good,available,Inventario oficial 2026-06-09; asignación: codigo_patrimonial_existente
EQ-0453,28475400,446058,SIN.S/N 446058,446058,446058,1991-12-09,2019-07-11,good,available,Inventario oficial 2026-06-09; asignación: codigo_patrimonial_existente
EQ-0525,28475401,446171,SIN.S/N 446171,803123,SAMAR,1982-02-15,2019-07-11,good,available,Inventario oficial 2026-06-09; asignación: codigo_patrimonial_existente
EQ-0526,28475402,446172,SIN.S/N 446172,803123,SAMAR,1982-02-15,2019-07-11,good,available,Inventario oficial 2026-06-09; asignación: codigo_patrimonial_existente
EQ-0391,28475404,446228,SIN.S/N 77,446228,EQUITECH TRAINING SYSTEMES LTD.,1982-02-15,2019-07-11,good,available,Inventario oficial 2026-06-09; asignación: codigo_patrimonial_existente
EQ-0391,28475405,446229,SIN.S/N 78,446229,EQUITECH TRAINING SYSTEMES LTD.,1982-02-15,2019-07-11,good,available,Inventario oficial 2026-06-09; asignación: codigo_patrimonial_existente
EQ-0458,28475406,446238,SIN.S/N 446238,446238,446238,1982-02-15,2019-07-11,good,available,Inventario oficial 2026-06-09; asignación: codigo_patrimonial_existente
EQ-0459,28475407,446239,SIN.S/N 446239,446239,446239,1982-02-15,2019-07-11,good,available,Inventario oficial 2026-06-09; asignación: codigo_patrimonial_existente
EQ-0460,28475408,446240,SIN.S/N 446240,446240,446240,1982-02-15,2019-07-11,good,available,Inventario oficial 2026-06-09; asignación: codigo_patrimonial_existente
EQ-0461,28475409,446247,SIN.S/N 446247,446247,446247,1982-02-15,2019-07-11,good,available,Inventario oficial 2026-06-09; asignación: codigo_patrimonial_existente
EQ-0463,28475410,446248,SIN.S/N 446248,446248,446248,1982-02-15,2019-07-11,good,available,Inventario oficial 2026-06-09; asignación: codigo_patrimonial_existente
EQ-0464,28475411,446249,SIN.S/N 446249,446249,446249,1982-02-15,2019-07-11,good,available,Inventario oficial 2026-06-09; asignación: codigo_patrimonial_existente
EQ-0465,28475412,446250,SIN.S/N 446250,446250,446250,1982-02-15,2019-07-11,good,available,Inventario oficial 2026-06-09; asignación: codigo_patrimonial_existente
EQ-0466,28475413,446251,SIN.S/N 446251,446251,446251,1982-02-15,2019-07-11,good,available,Inventario oficial 2026-06-09; asignación: codigo_patrimonial_existente
EQ-0467,28475414,446252,SIN.S/N 446252,446252,446252,1982-02-15,2019-07-11,good,available,Inventario oficial 2026-06-09; asignación: codigo_patrimonial_existente
EQ-0468,28475415,446253,SIN.S/N 446253,446253,446253,1982-02-15,2019-07-11,good,available,Inventario oficial 2026-06-09; asignación: codigo_patrimonial_existente
EQ-0469,28475416,446254,SIN.S/N 446254,446254,446254,1982-02-15,2019-07-11,good,available,Inventario oficial 2026-06-09; asignación: codigo_patrimonial_existente
EQ-0470,28475417,446255,SIN.S/N 28-205,446255,446255,1982-02-15,2019-07-11,good,available,Inventario oficial 2026-06-09; asignación: codigo_patrimonial_existente
EQ-0471,28475418,446263,SIN.S/N 28-110,446263,446263,1982-02-15,2019-07-11,good,available,Inventario oficial 2026-06-09; asignación: codigo_patrimonial_existente
EQ-0473,28475419,446264,SIN.S/N 446264,446264,446264,1982-02-15,2019-07-11,good,available,Inventario oficial 2026-06-09; asignación: codigo_patrimonial_existente
EQ-0474,28475420,446265,SIN.S/N 446265,446265,446265,1982-02-15,2019-07-11,good,available,Inventario oficial 2026-06-09; asignación: codigo_patrimonial_existente
EQ-0475,28475421,446266,SIN.S/N 446266,446266,446266,1982-02-15,2019-07-11,good,available,Inventario oficial 2026-06-09; asignación: codigo_patrimonial_existente
EQ-0477,28475422,446267,SIN.S/N 446267,446267,446267,1982-02-15,2019-07-11,good,available,Inventario oficial 2026-06-09; asignación: codigo_patrimonial_existente
EQ-0478,28475423,446281,SIN.S/N 28-102,446281,446281,1982-02-15,2019-07-11,good,available,Inventario oficial 2026-06-09; asignación: codigo_patrimonial_existente
EQ-0479,28475424,446282,SIN.S/N 446282,446282,446282,1982-02-15,2019-07-11,good,available,Inventario oficial 2026-06-09; asignación: codigo_patrimonial_existente
EQ-0321,28475425,446288,SIN.S/N B022627,TDS-210,TEKTRONIX,1997-04-21,2019-07-11,good,available,Inventario oficial 2026-06-09; asignación: codigo_patrimonial_existente
EQ-0422,28475427,446292,SIN.S/N 446292,28-605,446292,1982-02-15,2019-07-11,good,available,Inventario oficial 2026-06-09; asignación: codigo_patrimonial_existente
EQ-0425,28475434,446373,SIN.S/N 446373,446373,446373,1997-04-21,2019-07-11,good,available,Inventario oficial 2026-06-09; asignación: codigo_patrimonial_existente
EQ-0425,28475435,446374,SIN.S/N 446374,446374,446374,1997-04-21,2019-07-11,good,available,Inventario oficial 2026-06-09; asignación: codigo_patrimonial_existente
EQ-0425,28475436,446375,SIN.S/N 446375,446375,446375,1997-04-21,2019-07-11,good,available,Inventario oficial 2026-06-09; asignación: codigo_patrimonial_existente
EQ-0425,28475437,446376,SIN.S/N 446376,446376,446376,1997-04-21,2019-07-11,good,available,Inventario oficial 2026-06-09; asignación: codigo_patrimonial_existente
EQ-0425,28475438,446377,SIN.S/N 446377,446377,446377,1997-04-21,2019-07-11,good,available,Inventario oficial 2026-06-09; asignación: codigo_patrimonial_existente
EQ-0482,28475439,446699,SIN.S/N 446699,446699,446699,1982-02-15,2019-07-11,good,available,Inventario oficial 2026-06-09; asignación: codigo_patrimonial_existente
EQ-0331,28476246,470739,SIN.S/N 470739,6020R,PROTEK,2014-02-12,2019-07-11,good,available,Inventario oficial 2026-06-09; asignación: codigo_patrimonial_existente
EQ-0332,28476247,470740,SIN.S/N 920H0828059,6020R,PROTEK,2014-02-12,2019-07-11,good,available,Inventario oficial 2026-06-09; asignación: codigo_patrimonial_existente
EQ-0333,28476248,470741,SIN.S/N 920H0828075,6020R,PROTEK,2014-02-12,2019-07-11,good,available,Inventario oficial 2026-06-09; asignación: codigo_patrimonial_existente
EQ-0334,28476249,470742,SIN.S/N 920H0828087,6020R,PROTEK,2014-02-12,2019-07-11,good,available,Inventario oficial 2026-06-09; asignación: codigo_patrimonial_existente
EQ-0335,28476250,470743,SIN.S/N 920H0828090,6020R,PROTEK,2014-02-12,2019-07-11,good,available,Inventario oficial 2026-06-09; asignación: codigo_patrimonial_existente
EQ-0336,28476251,470744,SIN.S/N 920H0828094,6020R,PROTEK,2014-02-12,2019-07-11,good,available,Inventario oficial 2026-06-09; asignación: codigo_patrimonial_existente
EQ-0523,28476746,446173,SIN.S/N 446173,S/M,S/M,1982-02-15,2019-07-11,good,available,Inventario oficial 2026-06-09; asignación: codigo_patrimonial_existente
EQ-0662,28531992,92456,92456,S/M,S/M,1991-12-09,2019-07-15,good,available,Inventario oficial 2026-06-09; asignación: codigo_patrimonial_existente
EQ-0661,28532023,446715,446715,S/M,S/M,1991-12-09,2019-07-15,good,available,Inventario oficial 2026-06-09; asignación: codigo_patrimonial_existente
EQ-0263,28569618,92249,SIN SERIE 92249,S/M,EQUITECH TRAINING SYSTEMS LTD/,1982-02-15,2019-07-19,good,available,Inventario oficial 2026-06-09; asignación: codigo_patrimonial_existente
EQ-0261,28569619,92250,SIN SERIE 92250,S/M,EQUITECH TRAINING SYSTEMS LTD/,1982-02-15,2019-07-19,good,available,Inventario oficial 2026-06-09; asignación: codigo_patrimonial_existente
EQ-0262,28569620,92251,SIN SERIE 92251,S/M,EQUITECH TRAINING SYSTEMS LTD/,1982-02-15,2019-07-19,good,available,Inventario oficial 2026-06-09; asignación: codigo_patrimonial_existente
EQ-0277,28569621,92252,SIN SERIE 92252,S/M,EQUITECH TRAINING SYSTEMS LTD/,1982-02-15,2019-07-19,good,available,Inventario oficial 2026-06-09; asignación: codigo_patrimonial_existente
EQ-0278,28569622,92253,SIN SERIE 92253,S/M,EQUITECH TRAINING SYSTEMS LTD/,1982-02-15,2019-07-19,good,available,Inventario oficial 2026-06-09; asignación: codigo_patrimonial_existente
EQ-0272,28569623,92254,SIN SERIE 92254,S/M,EQUITECH TRAINING SYSTEMS LTD/,1982-02-15,2019-07-19,good,available,Inventario oficial 2026-06-09; asignación: codigo_patrimonial_existente
EQ-0270,28569624,92255,SIN SERIE 92255,S/M,EQUITECH TRAINING SYSTEMS LTD/,1982-02-15,2019-07-19,good,available,Inventario oficial 2026-06-09; asignación: codigo_patrimonial_existente
EQ-0273,28569625,92256,SIN SERIE 92256,S/M,T/E/I/,1982-02-15,2019-07-19,good,available,Inventario oficial 2026-06-09; asignación: codigo_patrimonial_existente
EQ-0274,28569626,92258,SIN SERIE 92258,S/M,T/E/I/,1982-02-15,2019-07-19,good,available,Inventario oficial 2026-06-09; asignación: codigo_patrimonial_existente
EQ-0271,28569627,92259,SIN SERIE 92259,S/M,EQUITECH TRAINING SYSTEMS LTD/,1982-02-15,2019-07-19,good,available,Inventario oficial 2026-06-09; asignación: codigo_patrimonial_existente
EQ-0269,28569628,92264,SIN SERIE 92264,S/M,T/E/I/,1982-02-15,2019-07-19,good,available,Inventario oficial 2026-06-09; asignación: codigo_patrimonial_existente
EQ-0275,28569629,92265,SIN SERIE 92265,S/M,T/E/I/,1982-02-15,2019-07-19,good,available,Inventario oficial 2026-06-09; asignación: codigo_patrimonial_existente
EQ-0276,28569630,92277,SIN SERIE 92277,S/M,T/E/I/,1982-02-15,2019-07-19,good,available,Inventario oficial 2026-06-09; asignación: codigo_patrimonial_existente
EQ-0278,28569631,92280,SIN SERIE 92280,S/M,EQUITECH TRAINING SYSTEMS LTD/,1982-02-15,2019-07-19,good,available,Inventario oficial 2026-06-09; asignación: codigo_patrimonial_existente
EQ-0272,28569632,92281,SIN SERIE 92281,S/M,EQUITECH TRAINING SYSTEMS LTD/,1982-02-15,2019-07-19,good,available,Inventario oficial 2026-06-09; asignación: codigo_patrimonial_existente
EQ-0259,28569633,92323,SIN SERIE 92323,S/M,S/M,1985-11-19,2019-07-19,good,available,Inventario oficial 2026-06-09; asignación: codigo_patrimonial_existente
EQ-0300,28569638,92969,SIN SERIE 92969,S/M,NET MEDIA,2001-11-14,2019-07-19,good,available,Inventario oficial 2026-06-09; asignación: codigo_patrimonial_existente
EQ-0301,28569639,92970,SIN SERIE 92970,S/M,NET MEDIA,2001-11-14,2019-07-19,good,available,Inventario oficial 2026-06-09; asignación: codigo_patrimonial_existente
EQ-0260,28569643,93120,SIN SERIE 93120,S/M,S/M,2004-12-28,2019-07-19,good,available,Inventario oficial 2026-06-09; asignación: codigo_patrimonial_existente
EQ-0264,28569645,93126,SIN SERIE 93126,S/M,SIEMENS,2005-05-06,2019-07-19,good,available,Inventario oficial 2026-06-09; asignación: codigo_patrimonial_existente
EQ-0279,28569684,96927,SIN SERIE 96927,S/M,AIR PLUS EXRTEME G,2006-04-07,2019-07-19,good,available,Inventario oficial 2026-06-09; asignación: codigo_patrimonial_existente
EQ-0723,28569897,,28569897,S/M,SIEMENS SERIE SZVT7ML000339,,,good,available,Inventario oficial 2026-06-09; asignación: grupo_nuevo_firma_exacta
EQ-0724,28569898,,28569898,S/M,SIEMENS SERIE C,,,good,available,Inventario oficial 2026-06-09; asignación: grupo_nuevo_firma_exacta
EQ-0725,28569899,,28569899,S/M,SIEMENS SERIE C,,,good,available,Inventario oficial 2026-06-09; asignación: grupo_nuevo_firma_exacta
EQ-0223,28571144,274295,SIN SERIE 274295,S/M,HP,2008-11-11,2019-07-19,good,available,Inventario oficial 2026-06-09; asignación: codigo_patrimonial_existente
EQ-0291,28571288,278641,SIN SERIE 278641,PROCURVE 4000M,HP,2009-01-13,2019-07-19,good,available,Inventario oficial 2026-06-09; asignación: codigo_patrimonial_existente
EQ-0292,28571455,281415,SIN SERIE 281415,S/M,ALTERA DES,2009-04-01,2019-07-19,good,available,Inventario oficial 2026-06-09; asignación: codigo_patrimonial_existente
EQ-0297,28571456,281416,SIN SERIE 281416,S/M,ALTERA,2009-04-01,2019-07-19,good,available,Inventario oficial 2026-06-09; asignación: codigo_patrimonial_existente
EQ-0293,28571457,281417,SIN SERIE 281417,S/M,ALTERA,2009-04-01,2019-07-19,good,available,Inventario oficial 2026-06-09; asignación: codigo_patrimonial_existente
EQ-0295,28571458,281418,SIN SERIE 281418,S/M,ALTERA,2009-04-01,2019-07-19,good,available,Inventario oficial 2026-06-09; asignación: codigo_patrimonial_existente
EQ-0296,28571459,281419,SIN SERIE 281419,S/M,ALTERA,2009-04-01,2019-07-19,good,available,Inventario oficial 2026-06-09; asignación: codigo_patrimonial_existente
EQ-0294,28571460,281420,SIN SERIE 281420,S/M,ALTERA,2009-04-01,2019-07-19,good,available,Inventario oficial 2026-06-09; asignación: codigo_patrimonial_existente
EQ-0726,28571960,,28571960,CATALYST 2960,CISCO CATALYST 2960 DE 24 PUERTOS 10,,,good,available,Inventario oficial 2026-06-09; asignación: grupo_nuevo_firma_exacta
EQ-0222,28572020,350587,SIN SERIE 350587,PROBOOK,HP,2011-04-01,2019-07-19,good,available,Inventario oficial 2026-06-09; asignación: codigo_patrimonial_existente
EQ-0252,28572105,352555,SIN SERIE 352555,DC POWER SUPPLY HY3003,TE,2011-05-24,2019-07-19,good,available,Inventario oficial 2026-06-09; asignación: codigo_patrimonial_existente
EQ-0253,28572106,352556,SIN SERIE 352556,DC POWER SUPPLY HY3003,TE,2011-05-24,2019-07-19,good,available,Inventario oficial 2026-06-09; asignación: codigo_patrimonial_existente
EQ-0254,28572107,352557,SIN SERIE 352557,DC POWER SUPPLY HY3003,TE,2011-05-24,2019-07-19,good,available,Inventario oficial 2026-06-09; asignación: codigo_patrimonial_existente
EQ-0255,28572108,352558,SIN SERIE 352558,DC POWER SUPPLY HY3003,TE,2011-05-24,2019-07-19,good,available,Inventario oficial 2026-06-09; asignación: codigo_patrimonial_existente
EQ-0256,28572109,352559,SIN SERIE 352559,DC POWER SUPPLY HY3003,TE,2011-05-24,2019-07-19,good,available,Inventario oficial 2026-06-09; asignación: codigo_patrimonial_existente
EQ-0257,28572110,352560,SIN SERIE 352560,DC POWER SUPPLY HY3003,TE,2011-05-24,2019-07-19,good,available,Inventario oficial 2026-06-09; asignación: codigo_patrimonial_existente
EQ-0244,28572111,352561,SIN SERIE 352561,S/M,TE,2011-05-24,2019-07-19,good,available,Inventario oficial 2026-06-09; asignación: codigo_patrimonial_existente
EQ-0245,28572112,352562,SIN SERIE 352562,S/M,TE,2011-05-24,2019-07-19,good,available,Inventario oficial 2026-06-09; asignación: codigo_patrimonial_existente
EQ-0246,28572113,352563,SIN SERIE 352563,S/M,TE,2011-05-24,2019-07-19,good,available,Inventario oficial 2026-06-09; asignación: codigo_patrimonial_existente
EQ-0247,28572114,352564,SIN SERIE 352564,S/M,TE,2011-05-24,2019-07-19,good,available,Inventario oficial 2026-06-09; asignación: codigo_patrimonial_existente
EQ-0248,28572115,352565,SIN SERIE 352565,S/M,TE,2011-05-24,2019-07-19,good,available,Inventario oficial 2026-06-09; asignación: codigo_patrimonial_existente
EQ-0249,28572116,352566,SIN SERIE 352566,S/M,TE,2011-05-24,2019-07-19,good,available,Inventario oficial 2026-06-09; asignación: codigo_patrimonial_existente
EQ-0250,28572117,352567,SIN SERIE 352567,XP-581,S/M,2011-05-24,2019-07-19,good,available,Inventario oficial 2026-06-09; asignación: codigo_patrimonial_existente
EQ-0251,28572118,352568,SIN SERIE 352568,XP-581,S/M,2011-05-24,2019-07-19,good,available,Inventario oficial 2026-06-09; asignación: codigo_patrimonial_existente
EQ-0228,28572533,357138,SIN SERIE 357138,S/M,HP,2011-12-13,2019-07-19,good,available,Inventario oficial 2026-06-09; asignación: codigo_patrimonial_existente
EQ-0290,28572534,357139,SIN SERIE 357139,S1933,HP,2011-12-13,2019-07-19,good,available,Inventario oficial 2026-06-09; asignación: codigo_patrimonial_existente
EQ-0310,28572631,358452,SIN SERIE 358452,IP PHONE 7911,CISCO,2012-03-22,2019-07-19,good,available,Inventario oficial 2026-06-09; asignación: codigo_patrimonial_existente
EQ-0285,28572866,360099,SIN SERIE 360099,LE1901W,HP,2012-06-15,2019-07-19,good,available,Inventario oficial 2026-06-09; asignación: codigo_patrimonial_existente
EQ-0286,28572867,360100,SIN SERIE 360100,LE1901W,HP,2012-06-15,2019-07-19,good,available,Inventario oficial 2026-06-09; asignación: codigo_patrimonial_existente
EQ-0287,28572868,360101,SIN SERIE 360101,LE1901W,HP,2012-06-15,2019-07-19,good,available,Inventario oficial 2026-06-09; asignación: codigo_patrimonial_existente
EQ-0229,28572870,360103,SIN SERIE 360103,S/M,HP,2012-06-15,2019-07-19,good,available,Inventario oficial 2026-06-09; asignación: codigo_patrimonial_existente
EQ-0231,28572872,360105,SIN SERIE 360105,S/M,HP,2012-06-15,2019-07-19,good,available,Inventario oficial 2026-06-09; asignación: codigo_patrimonial_existente
EQ-0232,28572873,360106,SIN SERIE 360106,S/M,HP,2012-06-15,2019-07-19,good,available,Inventario oficial 2026-06-09; asignación: codigo_patrimonial_existente
EQ-0260,28573048,446210,SIN SERIE 446210,S/M,S/M,2004-12-28,2019-07-19,good,available,Inventario oficial 2026-06-09; asignación: codigo_patrimonial_existente
EQ-0260,28573049,446211,SIN SERIE 446211,S/M,S/M,2004-12-28,2019-07-19,good,available,Inventario oficial 2026-06-09; asignación: codigo_patrimonial_existente
EQ-0260,28573050,446212,SIN SERIE 446212,S/M,S/M,2004-12-28,2019-07-19,good,available,Inventario oficial 2026-06-09; asignación: codigo_patrimonial_existente
EQ-0260,28573051,446213,SIN SERIE 446213,S/M,S/M,2004-12-28,2019-07-19,good,available,Inventario oficial 2026-06-09; asignación: codigo_patrimonial_existente
EQ-0260,28573052,446214,SIN SERIE 446214,S/M,S/M,2004-12-28,2019-07-19,good,available,Inventario oficial 2026-06-09; asignación: codigo_patrimonial_existente
EQ-0260,28573053,446215,SIN SERIE 446215,S/M,S/M,2004-12-28,2019-07-19,good,available,Inventario oficial 2026-06-09; asignación: codigo_patrimonial_existente
EQ-0260,28573054,446216,SIN SERIE 446216,S/M,S/M,2004-12-28,2019-07-19,good,available,Inventario oficial 2026-06-09; asignación: codigo_patrimonial_existente
EQ-0260,28573055,446217,SIN SERIE 446217,S/M,S/M,2004-12-28,2019-07-19,good,available,Inventario oficial 2026-06-09; asignación: codigo_patrimonial_existente
EQ-0260,28573056,446218,SIN SERIE 446218,S/M,S/M,2004-12-28,2019-07-19,good,available,Inventario oficial 2026-06-09; asignación: codigo_patrimonial_existente
EQ-0261,28573057,446241,SIN SERIE 446241,S/M,EQUITECH TRAINING SYSTEMS LTD/,1982-02-15,2019-07-19,good,available,Inventario oficial 2026-06-09; asignación: codigo_patrimonial_existente
EQ-0261,28573058,446242,SIN SERIE 446242,S/M,EQUITECH TRAINING SYSTEMS LTD/,1982-02-15,2019-07-19,good,available,Inventario oficial 2026-06-09; asignación: codigo_patrimonial_existente
EQ-0261,28573059,446243,SIN SERIE 446243,S/M,EQUITECH TRAINING SYSTEMS LTD/,1982-02-15,2019-07-19,good,available,Inventario oficial 2026-06-09; asignación: codigo_patrimonial_existente
EQ-0263,28573060,446244,SIN SERIE 446244,S/M,EQUITECH TRAINING SYSTEMS LTD/,1982-02-15,2019-07-19,good,available,Inventario oficial 2026-06-09; asignación: codigo_patrimonial_existente
EQ-0263,28573061,446245,SIN SERIE 446245,S/M,EQUITECH TRAINING SYSTEMS LTD/,1982-02-15,2019-07-19,good,available,Inventario oficial 2026-06-09; asignación: codigo_patrimonial_existente
EQ-0263,28573062,446246,SIN SERIE 446246,S/M,EQUITECH TRAINING SYSTEMS LTD/,1982-02-15,2019-07-19,good,available,Inventario oficial 2026-06-09; asignación: codigo_patrimonial_existente
EQ-0270,28573063,446256,SIN SERIE 446256,S/M,EQUITECH TRAINING SYSTEMS LTD/,1982-02-15,2019-07-19,good,available,Inventario oficial 2026-06-09; asignación: codigo_patrimonial_existente
EQ-0270,28573064,446257,SIN SERIE 446257,S/M,EQUITECH TRAINING SYSTEMS LTD/,1982-02-15,2019-07-19,good,available,Inventario oficial 2026-06-09; asignación: codigo_patrimonial_existente
EQ-0272,28573065,446258,SIN SERIE 446258,S/M,EQUITECH TRAINING SYSTEMS LTD/,1982-02-15,2019-07-19,good,available,Inventario oficial 2026-06-09; asignación: codigo_patrimonial_existente
EQ-0273,28573066,446259,SIN SERIE 446259,S/M,T/E/I/,1982-02-15,2019-07-19,good,available,Inventario oficial 2026-06-09; asignación: codigo_patrimonial_existente
EQ-0273,28573067,446260,SIN SERIE 446260,S/M,EQUITECH TRAINING SYSTEMS LTD/,1982-02-15,2019-07-19,good,available,Inventario oficial 2026-06-09; asignación: codigo_patrimonial_existente
EQ-0274,28573068,446261,SIN SERIE 446261,S/M,EQUITECH TRAINING SYSTEMS LTD/,1982-02-15,2019-07-19,good,available,Inventario oficial 2026-06-09; asignación: codigo_patrimonial_existente
EQ-0274,28573069,446262,SIN SERIE 446262,S/M,EQUITECH TRAINING SYSTEMS LTD/,1982-02-15,2019-07-19,good,available,Inventario oficial 2026-06-09; asignación: codigo_patrimonial_existente
EQ-0277,28573070,446268,SIN SERIE 446268,28-276,T/E/I/,1982-02-15,2019-07-19,good,available,Inventario oficial 2026-06-09; asignación: codigo_patrimonial_existente
EQ-0277,28573071,446269,SIN SERIE 446269,28-276,T/E/I/,1982-02-15,2019-07-19,good,available,Inventario oficial 2026-06-09; asignación: codigo_patrimonial_existente
EQ-0278,28573072,446270,SIN SERIE 446270,28-276,T/E/I/,1982-02-15,2019-07-19,good,available,Inventario oficial 2026-06-09; asignación: codigo_patrimonial_existente
EQ-0278,28573073,446271,SIN SERIE 446271,28-276,T/E/I/,1982-02-15,2019-07-19,good,available,Inventario oficial 2026-06-09; asignación: codigo_patrimonial_existente
EQ-0727,28573417,,28573417,THINKPAD L430,KLIP,,,good,available,Inventario oficial 2026-06-09; asignación: grupo_nuevo_firma_exacta
EQ-0728,28577147,,28577147,XP-581,QUAD POWER MODELO XP,,,good,available,Inventario oficial 2026-06-09; asignación: grupo_nuevo_firma_exacta
EQ-0242,28577148,471079,SIN SERIE 471079,XP-581,QUAD POWER,2014-02-12,2019-07-22,good,available,Inventario oficial 2026-06-09; asignación: codigo_patrimonial_existente
EQ-0243,28577149,471080,SIN SERIE 471080,S/M,S/M,2014-02-12,2019-07-22,good,available,Inventario oficial 2026-06-09; asignación: codigo_patrimonial_existente
EQ-0226,28577892,289613,SIN SERIE 289613,S/M,SUPER POWER,2010-02-22,2019-07-22,good,available,Inventario oficial 2026-06-09; asignación: codigo_patrimonial_existente
EQ-0221,28577904,289625,SIN SERIE 289625,GC-1358,MOTHERBOARD BIOSTAR,2010-02-22,2019-07-22,good,available,Inventario oficial 2026-06-09; asignación: codigo_patrimonial_existente
EQ-0226,28577921,289645,SIN SERIE 289645,S/M,SUPER POWER,2010-02-22,2019-07-22,good,available,Inventario oficial 2026-06-09; asignación: codigo_patrimonial_existente
EQ-0226,28577935,289659,SIN SERIE 289659,S/M,SUPER POWER,2010-02-22,2019-07-22,good,available,Inventario oficial 2026-06-09; asignación: codigo_patrimonial_existente
EQ-0282,28578091,291878,SIN SERIE 291878,W1943SV,LG,2010-04-23,2019-07-22,good,available,Inventario oficial 2026-06-09; asignación: codigo_patrimonial_existente
EQ-0284,28578095,291882,SIN SERIE 291882,W1943SV,LG,2010-04-23,2019-07-22,good,available,Inventario oficial 2026-06-09; asignación: codigo_patrimonial_existente
EQ-0283,28578101,291888,SIN SERIE 291888,W1943SV,LG,2010-04-23,2019-07-22,good,available,Inventario oficial 2026-06-09; asignación: codigo_patrimonial_existente
EQ-0280,28578104,291891,SIN SERIE 291891,W1943CV,LG,2010-04-23,2019-07-22,good,available,Inventario oficial 2026-06-09; asignación: codigo_patrimonial_existente
EQ-0281,28578106,291893,SIN SERIE 291893,W1943CV,LG,2010-04-23,2019-07-22,good,available,Inventario oficial 2026-06-09; asignación: codigo_patrimonial_existente
EQ-0306,28578328,295763,SIN SERIE 295763,S/M,NATIONAL INSTRUMENTS,2010-09-13,2019-07-22,good,available,Inventario oficial 2026-06-09; asignación: codigo_patrimonial_existente
EQ-0305,28578329,295764,SIN SERIE 295764,S/M,NATIONAL INSTRUMENTS,2010-09-13,2019-07-22,good,available,Inventario oficial 2026-06-09; asignación: codigo_patrimonial_existente
EQ-0307,28578330,295765,SIN SERIE 295765,S/M,NATIONAL INSTRUMENTS,2010-09-13,2019-07-22,good,available,Inventario oficial 2026-06-09; asignación: codigo_patrimonial_existente
EQ-0308,28578332,295767,SIN SERIE 295767,S/M,NATIONAL INSTRUMENTS,2010-09-13,2019-07-22,good,available,Inventario oficial 2026-06-09; asignación: codigo_patrimonial_existente
EQ-0241,28578338,295773,SIN SERIE 295773,781093-01,NATIONAL INSTRUMENTS,2010-09-13,2019-07-22,good,available,Inventario oficial 2026-06-09; asignación: codigo_patrimonial_existente
EQ-0240,28578339,295774,SIN SERIE 295774,781093-01,NATIONAL INSTRUMENTS,2010-09-13,2019-07-22,good,available,Inventario oficial 2026-06-09; asignación: codigo_patrimonial_existente
EQ-0311,28578344,295836,SIN SERIE 295836,S/M,NATIONAL INSTRUMENTS,2010-09-15,2019-07-22,good,available,Inventario oficial 2026-06-09; asignación: codigo_patrimonial_existente
EQ-0312,28578345,295837,SIN SERIE 295837,S/M,NATIONAL INSTRUMENTS,2010-09-15,2019-07-22,good,available,Inventario oficial 2026-06-09; asignación: codigo_patrimonial_existente
EQ-0663,28578396,304028,SIN SERIE 304028,S/M,S/M,2010-11-09,2019-07-22,good,available,Inventario oficial 2026-06-09; asignación: codigo_patrimonial_existente
EQ-0664,28578397,304031,SIN SERIE 304031,S/M,S/M,2010-11-09,2019-07-22,good,available,Inventario oficial 2026-06-09; asignación: codigo_patrimonial_existente
EQ-0309,28578430,304359,SIN SERIE 304359,CT-7911GV08,CISCO,2010-11-19,2019-07-22,good,available,Inventario oficial 2026-06-09; asignación: codigo_patrimonial_existente
EQ-0729,29948313,,29948313,3266TD,AARON,,,good,available,Inventario oficial 2026-06-09; asignación: grupo_nuevo_firma_exacta
EQ-0729,29948314,,29948314,3266TD,AARON,,,good,available,Inventario oficial 2026-06-09; asignación: grupo_nuevo_firma_exacta
EQ-0729,29948315,,29948315,3266TD,AARON,,,good,available,Inventario oficial 2026-06-09; asignación: grupo_nuevo_firma_exacta
EQ-0729,29948316,,29948316,3266TD,AARON,,,good,available,Inventario oficial 2026-06-09; asignación: grupo_nuevo_firma_exacta
EQ-0729,29948317,,29948317,3266TD,AARON,,,good,available,Inventario oficial 2026-06-09; asignación: grupo_nuevo_firma_exacta
EQ-0729,29948318,,29948318,3266TD,AARON,,,good,available,Inventario oficial 2026-06-09; asignación: grupo_nuevo_firma_exacta
EQ-0729,29948319,,29948319,3266TD,AARON,,,good,available,Inventario oficial 2026-06-09; asignación: grupo_nuevo_firma_exacta
EQ-0729,29948320,,29948320,3266TD,AARON,,,good,available,Inventario oficial 2026-06-09; asignación: grupo_nuevo_firma_exacta
EQ-0729,29948321,,29948321,3266TD,AARON,,,good,available,Inventario oficial 2026-06-09; asignación: grupo_nuevo_firma_exacta
EQ-0729,29948322,,29948322,3266TD,AARON,,,good,available,Inventario oficial 2026-06-09; asignación: grupo_nuevo_firma_exacta
EQ-0729,29948323,,29948323,3266TD,AARON,,,good,available,Inventario oficial 2026-06-09; asignación: grupo_nuevo_firma_exacta
EQ-0729,29948324,,29948324,3266TD,AARON,,,good,available,Inventario oficial 2026-06-09; asignación: grupo_nuevo_firma_exacta
EQ-0237,31058021,,6ED1052-1MD08-LOG-03-2020-0004,DEMO LOGO,SIEMENS,2020-07-17,2020-07-29,good,available,Inventario oficial 2026-06-09; asignación: codigo_patrimonial_existente
EQ-0236,31058022,,6ED1052-1MD08-LOG-03-2020-0003,DEMO LOGO,SIEMENS,2020-07-17,2020-07-29,good,available,Inventario oficial 2026-06-09; asignación: codigo_patrimonial_existente
EQ-0235,31058023,,6ED1052-1MD08-LOG-03-2020-0002,DEMO LOGO,SIEMENS,2020-07-17,2020-07-29,good,available,Inventario oficial 2026-06-09; asignación: codigo_patrimonial_existente
EQ-0234,31058024,,6ED1052-1MD08-LOG-03-2020-0001,DEMO LOGO,SIEMENS,2020-07-17,2020-07-29,good,available,Inventario oficial 2026-06-09; asignación: codigo_patrimonial_existente
EQ-0239,31058025,,6ES7512-1CK01-0AB0-S71500-03,DEMO PLC S7-1500,SIEMENS,2020-07-17,2020-07-29,good,available,Inventario oficial 2026-06-09; asignación: codigo_patrimonial_existente
EQ-0238,31058026,,6ES7512-1CK01-0AB0-S71500-03-,DEMO PLC S7-1500,SIEMENS,2020-07-17,2020-07-29,good,available,Inventario oficial 2026-06-09; asignación: codigo_patrimonial_existente
EQ-0582,31058206,,SIN/SERIE.-.,SIN/MODELO,SIEMENS,2020-07-29,2020-07-29,good,available,Inventario oficial 2026-06-09; asignación: codigo_patrimonial_existente
EQ-0582,31058207,,SIN/SERIE..,SIN/MODELO,SIEMENS,2020-07-29,2020-07-29,good,available,Inventario oficial 2026-06-09; asignación: codigo_patrimonial_existente
EQ-0581,31058208,,SIN/SERIE.-,SIN/MODELO,SIEMENS,2020-07-29,2020-07-29,good,available,Inventario oficial 2026-06-09; asignación: codigo_patrimonial_existente
EQ-0581,31058209,,SIN/SERIE.,SIN/MODELO,SIEMENS,2020-07-29,2020-07-29,good,available,Inventario oficial 2026-06-09; asignación: codigo_patrimonial_existente
EQ-0581,31058210,,SIN/SERIE,SIN/MODELO,SIEMENS,2020-07-29,2020-07-29,good,available,Inventario oficial 2026-06-09; asignación: codigo_patrimonial_existente
EQ-0581,31058211,,SIN SERIE,SIN MODELO,SIEMENS,2020-07-29,2020-07-29,good,available,Inventario oficial 2026-06-09; asignación: codigo_patrimonial_existente
EQ-0143,31443315,27877872,SINSERIE98990,S/C,S/M,1989-12-30,2020-10-07,good,available,Inventario oficial 2026-06-09; asignación: codigo_patrimonial_existente
EQ-0730,33065757,,33065757,6EP3332-6SB00-0AY0,,,,good,available,Inventario oficial 2026-06-09; asignación: grupo_nuevo_firma_exacta
EQ-0730,33065758,,33065758,6EP3332-6SB00-0AY0,,,,good,available,Inventario oficial 2026-06-09; asignación: grupo_nuevo_firma_exacta
EQ-0730,33065759,,33065759,6EP3332-6SB00-0AY0,,,,good,available,Inventario oficial 2026-06-09; asignación: grupo_nuevo_firma_exacta
EQ-0730,33065760,,33065760,6EP3332-6SB00-0AY0,,,,good,available,Inventario oficial 2026-06-09; asignación: grupo_nuevo_firma_exacta
EQ-0731,33210133,,33210133,W330UST,OPTOMA MODELO W330UST SERIEQ7C6948WAAAAB0001,,,good,available,Inventario oficial 2026-06-09; asignación: grupo_nuevo_firma_exacta
EQ-0732,33210136,,33210136,W330UST,OPTOMA MODELO W330UST SERIEQ7C6948WAAAAB0121,,,good,available,Inventario oficial 2026-06-09; asignación: grupo_nuevo_firma_exacta
EQ-0733,33210138,,33210138,W330UST,OPTOMA MODELO W330UST SERIEQ7C6948WAAAAB0302,,,good,available,Inventario oficial 2026-06-09; asignación: grupo_nuevo_firma_exacta
EQ-0734,33210139,,33210139,W330UST,OPTOMA MODELO W330UST SERIEQ7C6948WAAAAB0123,,,good,available,Inventario oficial 2026-06-09; asignación: grupo_nuevo_firma_exacta
EQ-0735,33210140,,33210140,W330UST,OPTOMA MODELO W330UST SERIEQ7C6948WAAAAB0022,,,good,available,Inventario oficial 2026-06-09; asignación: grupo_nuevo_firma_exacta
EQ-0736,33210144,,33210144,W330UST,OPTOMA MODELO W330UST SERIEQ7C6948WAAAAB0134,,,good,available,Inventario oficial 2026-06-09; asignación: grupo_nuevo_firma_exacta
EQ-0737,33210145,,33210145,W330UST,OPTOMA MODELO W330UST SERIEQ7C6948WAAAAB0042,,,good,available,Inventario oficial 2026-06-09; asignación: grupo_nuevo_firma_exacta
EQ-0738,33526714,,33526714,HV9137,TERCO,,,good,available,Inventario oficial 2026-06-09; asignación: grupo_nuevo_firma_exacta
EQ-0739,33526715,,33526715,HV9111,TERCO,,,good,available,Inventario oficial 2026-06-09; asignación: grupo_nuevo_firma_exacta
EQ-0740,33676277,,33676277,PROBOOK 440 G6,,,,good,available,Inventario oficial 2026-06-09; asignación: grupo_nuevo_firma_exacta
EQ-0741,34034506,,34034506,X002810JH9,,,,good,available,Inventario oficial 2026-06-09; asignación: grupo_nuevo_firma_exacta
EQ-0742,34076212,,34076212,2021,,,,good,available,Inventario oficial 2026-06-09; asignación: grupo_nuevo_firma_exacta
EQ-0743,34220466,,34220466,948-II,,,,good,available,Inventario oficial 2026-06-09; asignación: grupo_nuevo_firma_exacta
EQ-0744,34226766,,34226766,CR-10 MAX,,,,good,available,Inventario oficial 2026-06-09; asignación: grupo_nuevo_firma_exacta
EQ-0745,34226819,,34226819,REV2,DORES DE PIZARRA,,,good,available,Inventario oficial 2026-06-09; asignación: grupo_nuevo_firma_exacta
EQ-0745,34226820,,34226820,REV2,DORES DE PIZARRA,,,good,available,Inventario oficial 2026-06-09; asignación: grupo_nuevo_firma_exacta
EQ-0746,35482210,,35482210,CHAUVIN ARNOUX DTR 8510,,,,good,available,Inventario oficial 2026-06-09; asignación: grupo_nuevo_firma_exacta
EQ-0747,38042733,,38042733,C-2287-13,CUPRUM,,,good,available,Inventario oficial 2026-06-09; asignación: grupo_nuevo_firma_exacta
EQ-0748,38042744,,38042744,C-2287-17,CUPRUM,,,good,available,Inventario oficial 2026-06-09; asignación: grupo_nuevo_firma_exacta
EQ-0749,38042754,,38042754,534-24N,,,,good,available,Inventario oficial 2026-06-09; asignación: grupo_nuevo_firma_exacta
EQ-0750,38042787,,38042787,POL-3,,,,good,available,Inventario oficial 2026-06-09; asignación: grupo_nuevo_firma_exacta
EQ-0751,38042788,,38042788,POL-3,TRUPER,,,good,available,Inventario oficial 2026-06-09; asignación: grupo_nuevo_firma_exacta
EQ-0752,38330350,,38330350,S/M,COMANDO,,,good,available,Inventario oficial 2026-06-09; asignación: grupo_nuevo_firma_exacta
EQ-0753,38330405,,38330405,S/M,BP,,,good,available,Inventario oficial 2026-06-09; asignación: grupo_nuevo_firma_exacta
EQ-0754,38330458,,38330458,S/M,CUMBRE,,,good,available,Inventario oficial 2026-06-09; asignación: grupo_nuevo_firma_exacta
EQ-0755,38330473,,38330473,S/M,HERRAGRO,,,good,available,Inventario oficial 2026-06-09; asignación: grupo_nuevo_firma_exacta
EQ-0756,38330486,,38330486,S/M,HERRAGRO,,,good,available,Inventario oficial 2026-06-09; asignación: grupo_nuevo_firma_exacta
EQ-0757,38330509,,38330509,S/M,GIANT,,,good,available,Inventario oficial 2026-06-09; asignación: grupo_nuevo_firma_exacta
EQ-0758,38330524,,38330524,S/M,TRUPER,,,good,available,Inventario oficial 2026-06-09; asignación: grupo_nuevo_firma_exacta
EQ-0759,38330589,,38330589,S/M,BESTVALUE,,,good,available,Inventario oficial 2026-06-09; asignación: grupo_nuevo_firma_exacta
EQ-0760,38330599,,38330599,S/M,COMANDO,,,good,available,Inventario oficial 2026-06-09; asignación: grupo_nuevo_firma_exacta
EQ-0761,38330626,,38330626,S/M,BP,,,good,available,Inventario oficial 2026-06-09; asignación: grupo_nuevo_firma_exacta
EQ-0762,38330689,,38330689,S/M,STANLEY,,,good,available,Inventario oficial 2026-06-09; asignación: grupo_nuevo_firma_exacta
EQ-0762,38330690,,38330690,S/M,STANLEY,,,good,available,Inventario oficial 2026-06-09; asignación: grupo_nuevo_firma_exacta
EQ-0763,38330825,,38330825,S/M,TRUPER,,,good,available,Inventario oficial 2026-06-09; asignación: grupo_nuevo_firma_exacta
EQ-0764,38330839,,38330839,S/M,COMANDO,,,good,available,Inventario oficial 2026-06-09; asignación: grupo_nuevo_firma_exacta
EQ-0764,38330841,,38330841,S/M,COMANDO,,,good,available,Inventario oficial 2026-06-09; asignación: grupo_nuevo_firma_exacta
EQ-0764,38330844,,38330844,S/M,COMANDO,,,good,available,Inventario oficial 2026-06-09; asignación: grupo_nuevo_firma_exacta
EQ-0765,38330854,,38330854,S/M,COMANDO,,,good,available,Inventario oficial 2026-06-09; asignación: grupo_nuevo_firma_exacta
EQ-0765,38330859,,38330859,S/M,COMANDO,,,good,available,Inventario oficial 2026-06-09; asignación: grupo_nuevo_firma_exacta
EQ-0765,38330861,,38330861,S/M,COMANDO,,,good,available,Inventario oficial 2026-06-09; asignación: grupo_nuevo_firma_exacta
EQ-0766,38330868,,38330868,S/M,STANLEY,,,good,available,Inventario oficial 2026-06-09; asignación: grupo_nuevo_firma_exacta
EQ-0767,40640212,,40640212,S/M,,,,good,available,Inventario oficial 2026-06-09; asignación: grupo_nuevo_firma_exacta
EQ-0767,40640213,,40640213,S/M,,,,good,available,Inventario oficial 2026-06-09; asignación: grupo_nuevo_firma_exacta
EQ-0767,40640214,,40640214,S/M,,,,good,available,Inventario oficial 2026-06-09; asignación: grupo_nuevo_firma_exacta
EQ-0767,40640215,,40640215,S/M,,,,good,available,Inventario oficial 2026-06-09; asignación: grupo_nuevo_firma_exacta
EQ-0767,40640216,,40640216,S/M,,,,good,available,Inventario oficial 2026-06-09; asignación: grupo_nuevo_firma_exacta
EQ-0767,40640217,,40640217,S/M,,,,good,available,Inventario oficial 2026-06-09; asignación: grupo_nuevo_firma_exacta
EQ-0767,40640218,,40640218,S/M,,,,good,available,Inventario oficial 2026-06-09; asignación: grupo_nuevo_firma_exacta
EQ-0767,40640219,,40640219,S/M,,,,good,available,Inventario oficial 2026-06-09; asignación: grupo_nuevo_firma_exacta
EQ-0767,40640220,,40640220,S/M,,,,good,available,Inventario oficial 2026-06-09; asignación: grupo_nuevo_firma_exacta
EQ-0767,40640221,,40640221,S/M,,,,good,available,Inventario oficial 2026-06-09; asignación: grupo_nuevo_firma_exacta
EQ-0767,40640222,,40640222,S/M,,,,good,available,Inventario oficial 2026-06-09; asignación: grupo_nuevo_firma_exacta
EQ-0767,40640223,,40640223,S/M,,,,good,available,Inventario oficial 2026-06-09; asignación: grupo_nuevo_firma_exacta
EQ-0767,40640224,,40640224,S/M,,,,good,available,Inventario oficial 2026-06-09; asignación: grupo_nuevo_firma_exacta
EQ-0767,40640225,,40640225,S/M,,,,good,available,Inventario oficial 2026-06-09; asignación: grupo_nuevo_firma_exacta
EQ-0767,40640226,,40640226,S/M,,,,good,available,Inventario oficial 2026-06-09; asignación: grupo_nuevo_firma_exacta
EQ-0767,40640227,,40640227,S/M,,,,good,available,Inventario oficial 2026-06-09; asignación: grupo_nuevo_firma_exacta
EQ-0767,40640228,,40640228,S/M,,,,good,available,Inventario oficial 2026-06-09; asignación: grupo_nuevo_firma_exacta
EQ-0767,40640229,,40640229,S/M,,,,good,available,Inventario oficial 2026-06-09; asignación: grupo_nuevo_firma_exacta
EQ-0767,40640230,,40640230,S/M,,,,good,available,Inventario oficial 2026-06-09; asignación: grupo_nuevo_firma_exacta
EQ-0767,40640231,,40640231,S/M,,,,good,available,Inventario oficial 2026-06-09; asignación: grupo_nuevo_firma_exacta
EQ-0767,40640232,,40640232,S/M,,,,good,available,Inventario oficial 2026-06-09; asignación: grupo_nuevo_firma_exacta
EQ-0767,40640233,,40640233,S/M,,,,good,available,Inventario oficial 2026-06-09; asignación: grupo_nuevo_firma_exacta
EQ-0767,40640234,,40640234,S/M,,,,good,available,Inventario oficial 2026-06-09; asignación: grupo_nuevo_firma_exacta
EQ-0767,40640235,,40640235,S/M,,,,good,available,Inventario oficial 2026-06-09; asignación: grupo_nuevo_firma_exacta
EQ-0767,40640236,,40640236,S/M,,,,good,available,Inventario oficial 2026-06-09; asignación: grupo_nuevo_firma_exacta
EQ-0767,40640237,,40640237,S/M,,,,good,available,Inventario oficial 2026-06-09; asignación: grupo_nuevo_firma_exacta
EQ-0767,40640238,,40640238,S/M,,,,good,available,Inventario oficial 2026-06-09; asignación: grupo_nuevo_firma_exacta
EQ-0767,40640239,,40640239,S/M,,,,good,available,Inventario oficial 2026-06-09; asignación: grupo_nuevo_firma_exacta
EQ-0767,40640240,,40640240,S/M,,,,good,available,Inventario oficial 2026-06-09; asignación: grupo_nuevo_firma_exacta
EQ-0767,40640241,,40640241,S/M,,,,good,available,Inventario oficial 2026-06-09; asignación: grupo_nuevo_firma_exacta
EQ-0767,40640242,,40640242,S/M,,,,good,available,Inventario oficial 2026-06-09; asignación: grupo_nuevo_firma_exacta
EQ-0767,40640243,,40640243,S/M,,,,good,available,Inventario oficial 2026-06-09; asignación: grupo_nuevo_firma_exacta
EQ-0767,40640244,,40640244,S/M,,,,good,available,Inventario oficial 2026-06-09; asignación: grupo_nuevo_firma_exacta
EQ-0767,40640245,,40640245,S/M,,,,good,available,Inventario oficial 2026-06-09; asignación: grupo_nuevo_firma_exacta
EQ-0767,40640246,,40640246,S/M,,,,good,available,Inventario oficial 2026-06-09; asignación: grupo_nuevo_firma_exacta
EQ-0767,40640247,,40640247,S/M,,,,good,available,Inventario oficial 2026-06-09; asignación: grupo_nuevo_firma_exacta
EQ-0767,40640248,,40640248,S/M,,,,good,available,Inventario oficial 2026-06-09; asignación: grupo_nuevo_firma_exacta
EQ-0767,40640249,,40640249,S/M,,,,good,available,Inventario oficial 2026-06-09; asignación: grupo_nuevo_firma_exacta
EQ-0767,40640250,,40640250,S/M,,,,good,available,Inventario oficial 2026-06-09; asignación: grupo_nuevo_firma_exacta
EQ-0767,40640251,,40640251,S/M,,,,good,available,Inventario oficial 2026-06-09; asignación: grupo_nuevo_firma_exacta
EQ-0767,40640252,,40640252,S/M,,,,good,available,Inventario oficial 2026-06-09; asignación: grupo_nuevo_firma_exacta
EQ-0767,40640253,,40640253,S/M,,,,good,available,Inventario oficial 2026-06-09; asignación: grupo_nuevo_firma_exacta
EQ-0767,40640254,,40640254,S/M,,,,good,available,Inventario oficial 2026-06-09; asignación: grupo_nuevo_firma_exacta
EQ-0767,40640255,,40640255,S/M,,,,good,available,Inventario oficial 2026-06-09; asignación: grupo_nuevo_firma_exacta
EQ-0767,40640256,,40640256,S/M,,,,good,available,Inventario oficial 2026-06-09; asignación: grupo_nuevo_firma_exacta
EQ-0767,40640257,,40640257,S/M,,,,good,available,Inventario oficial 2026-06-09; asignación: grupo_nuevo_firma_exacta
EQ-0767,40640258,,40640258,S/M,,,,good,available,Inventario oficial 2026-06-09; asignación: grupo_nuevo_firma_exacta
EQ-0767,40640259,,40640259,S/M,,,,good,available,Inventario oficial 2026-06-09; asignación: grupo_nuevo_firma_exacta
EQ-0767,40640260,,40640260,S/M,,,,good,available,Inventario oficial 2026-06-09; asignación: grupo_nuevo_firma_exacta
EQ-0767,40640261,,40640261,S/M,,,,good,available,Inventario oficial 2026-06-09; asignación: grupo_nuevo_firma_exacta
EQ-0767,40640262,,40640262,S/M,,,,good,available,Inventario oficial 2026-06-09; asignación: grupo_nuevo_firma_exacta
EQ-0767,40640263,,40640263,S/M,,,,good,available,Inventario oficial 2026-06-09; asignación: grupo_nuevo_firma_exacta
EQ-0767,40640264,,40640264,S/M,,,,good,available,Inventario oficial 2026-06-09; asignación: grupo_nuevo_firma_exacta
EQ-0767,40640265,,40640265,S/M,,,,good,available,Inventario oficial 2026-06-09; asignación: grupo_nuevo_firma_exacta
EQ-0767,40640266,,40640266,S/M,,,,good,available,Inventario oficial 2026-06-09; asignación: grupo_nuevo_firma_exacta
EQ-0767,40640267,,40640267,S/M,,,,good,available,Inventario oficial 2026-06-09; asignación: grupo_nuevo_firma_exacta
EQ-0767,40640268,,40640268,S/M,,,,good,available,Inventario oficial 2026-06-09; asignación: grupo_nuevo_firma_exacta
EQ-0767,40640269,,40640269,S/M,,,,good,available,Inventario oficial 2026-06-09; asignación: grupo_nuevo_firma_exacta
EQ-0767,40640270,,40640270,S/M,,,,good,available,Inventario oficial 2026-06-09; asignación: grupo_nuevo_firma_exacta
EQ-0767,40640271,,40640271,S/M,,,,good,available,Inventario oficial 2026-06-09; asignación: grupo_nuevo_firma_exacta
EQ-0767,40640272,,40640272,S/M,,,,good,available,Inventario oficial 2026-06-09; asignación: grupo_nuevo_firma_exacta
EQ-0767,40640273,,40640273,S/M,,,,good,available,Inventario oficial 2026-06-09; asignación: grupo_nuevo_firma_exacta
EQ-0767,40640274,,40640274,S/M,,,,good,available,Inventario oficial 2026-06-09; asignación: grupo_nuevo_firma_exacta
EQ-0768,40641604,,40641604,S/M,,,,good,available,Inventario oficial 2026-06-09; asignación: grupo_nuevo_firma_exacta
EQ-0768,40641605,,40641605,S/M,,,,good,available,Inventario oficial 2026-06-09; asignación: grupo_nuevo_firma_exacta
EQ-0768,40641606,,40641606,S/M,,,,good,available,Inventario oficial 2026-06-09; asignación: grupo_nuevo_firma_exacta
EQ-0768,40641607,,40641607,S/M,,,,good,available,Inventario oficial 2026-06-09; asignación: grupo_nuevo_firma_exacta
EQ-0768,40641608,,40641608,S/M,,,,good,available,Inventario oficial 2026-06-09; asignación: grupo_nuevo_firma_exacta
EQ-0768,40641609,,40641609,S/M,,,,good,available,Inventario oficial 2026-06-09; asignación: grupo_nuevo_firma_exacta
EQ-0768,40641610,,40641610,S/M,,,,good,available,Inventario oficial 2026-06-09; asignación: grupo_nuevo_firma_exacta
EQ-0768,40641611,,40641611,S/M,,,,good,available,Inventario oficial 2026-06-09; asignación: grupo_nuevo_firma_exacta
EQ-0768,40641612,,40641612,S/M,,,,good,available,Inventario oficial 2026-06-09; asignación: grupo_nuevo_firma_exacta
EQ-0768,40641613,,40641613,S/M,,,,good,available,Inventario oficial 2026-06-09; asignación: grupo_nuevo_firma_exacta
EQ-0768,40641614,,40641614,S/M,,,,good,available,Inventario oficial 2026-06-09; asignación: grupo_nuevo_firma_exacta
EQ-0768,40641615,,40641615,S/M,,,,good,available,Inventario oficial 2026-06-09; asignación: grupo_nuevo_firma_exacta
EQ-0768,40641616,,40641616,S/M,,,,good,available,Inventario oficial 2026-06-09; asignación: grupo_nuevo_firma_exacta
EQ-0768,40641617,,40641617,S/M,,,,good,available,Inventario oficial 2026-06-09; asignación: grupo_nuevo_firma_exacta
EQ-0768,40641618,,40641618,S/M,,,,good,available,Inventario oficial 2026-06-09; asignación: grupo_nuevo_firma_exacta
EQ-0768,40641619,,40641619,S/M,,,,good,available,Inventario oficial 2026-06-09; asignación: grupo_nuevo_firma_exacta
EQ-0768,40641620,,40641620,S/M,,,,good,available,Inventario oficial 2026-06-09; asignación: grupo_nuevo_firma_exacta
EQ-0768,40641621,,40641621,S/M,,,,good,available,Inventario oficial 2026-06-09; asignación: grupo_nuevo_firma_exacta
EQ-0768,40641622,,40641622,S/M,,,,good,available,Inventario oficial 2026-06-09; asignación: grupo_nuevo_firma_exacta
EQ-0768,40641623,,40641623,S/M,,,,good,available,Inventario oficial 2026-06-09; asignación: grupo_nuevo_firma_exacta
EQ-0768,40641624,,40641624,S/M,,,,good,available,Inventario oficial 2026-06-09; asignación: grupo_nuevo_firma_exacta
EQ-0768,40641625,,40641625,S/M,,,,good,available,Inventario oficial 2026-06-09; asignación: grupo_nuevo_firma_exacta
EQ-0768,40641626,,40641626,S/M,,,,good,available,Inventario oficial 2026-06-09; asignación: grupo_nuevo_firma_exacta
EQ-0768,40641627,,40641627,S/M,,,,good,available,Inventario oficial 2026-06-09; asignación: grupo_nuevo_firma_exacta
EQ-0768,40641628,,40641628,S/M,,,,good,available,Inventario oficial 2026-06-09; asignación: grupo_nuevo_firma_exacta
EQ-0768,40641629,,40641629,S/M,,,,good,available,Inventario oficial 2026-06-09; asignación: grupo_nuevo_firma_exacta
EQ-0768,40641630,,40641630,S/M,,,,good,available,Inventario oficial 2026-06-09; asignación: grupo_nuevo_firma_exacta
EQ-0768,40641631,,40641631,S/M,,,,good,available,Inventario oficial 2026-06-09; asignación: grupo_nuevo_firma_exacta
EQ-0768,40641632,,40641632,S/M,,,,good,available,Inventario oficial 2026-06-09; asignación: grupo_nuevo_firma_exacta
EQ-0768,40641633,,40641633,S/M,,,,good,available,Inventario oficial 2026-06-09; asignación: grupo_nuevo_firma_exacta
EQ-0768,40641634,,40641634,S/M,,,,good,available,Inventario oficial 2026-06-09; asignación: grupo_nuevo_firma_exacta
EQ-0768,40641635,,40641635,S/M,,,,good,available,Inventario oficial 2026-06-09; asignación: grupo_nuevo_firma_exacta
EQ-0768,40641636,,40641636,S/M,,,,good,available,Inventario oficial 2026-06-09; asignación: grupo_nuevo_firma_exacta
EQ-0768,40641637,,40641637,S/M,,,,good,available,Inventario oficial 2026-06-09; asignación: grupo_nuevo_firma_exacta
EQ-0768,40641638,,40641638,S/M,,,,good,available,Inventario oficial 2026-06-09; asignación: grupo_nuevo_firma_exacta
EQ-0768,40641639,,40641639,S/M,,,,good,available,Inventario oficial 2026-06-09; asignación: grupo_nuevo_firma_exacta
EQ-0768,40641640,,40641640,S/M,,,,good,available,Inventario oficial 2026-06-09; asignación: grupo_nuevo_firma_exacta
EQ-0768,40641641,,40641641,S/M,,,,good,available,Inventario oficial 2026-06-09; asignación: grupo_nuevo_firma_exacta
EQ-0768,40641642,,40641642,S/M,,,,good,available,Inventario oficial 2026-06-09; asignación: grupo_nuevo_firma_exacta
EQ-0768,40641643,,40641643,S/M,,,,good,available,Inventario oficial 2026-06-09; asignación: grupo_nuevo_firma_exacta
EQ-0768,40641644,,40641644,S/M,,,,good,available,Inventario oficial 2026-06-09; asignación: grupo_nuevo_firma_exacta
EQ-0768,40641645,,40641645,S/M,,,,good,available,Inventario oficial 2026-06-09; asignación: grupo_nuevo_firma_exacta
EQ-0768,40641646,,40641646,S/M,,,,good,available,Inventario oficial 2026-06-09; asignación: grupo_nuevo_firma_exacta
EQ-0768,40641647,,40641647,S/M,,,,good,available,Inventario oficial 2026-06-09; asignación: grupo_nuevo_firma_exacta
EQ-0768,40641648,,40641648,S/M,,,,good,available,Inventario oficial 2026-06-09; asignación: grupo_nuevo_firma_exacta
EQ-0768,40641649,,40641649,S/M,,,,good,available,Inventario oficial 2026-06-09; asignación: grupo_nuevo_firma_exacta
EQ-0768,40641650,,40641650,S/M,,,,good,available,Inventario oficial 2026-06-09; asignación: grupo_nuevo_firma_exacta
EQ-0768,40641651,,40641651,S/M,,,,good,available,Inventario oficial 2026-06-09; asignación: grupo_nuevo_firma_exacta
EQ-0768,40641652,,40641652,S/M,,,,good,available,Inventario oficial 2026-06-09; asignación: grupo_nuevo_firma_exacta
EQ-0768,40641653,,40641653,S/M,,,,good,available,Inventario oficial 2026-06-09; asignación: grupo_nuevo_firma_exacta
EQ-0768,40641654,,40641654,S/M,,,,good,available,Inventario oficial 2026-06-09; asignación: grupo_nuevo_firma_exacta
EQ-0768,40641655,,40641655,S/M,,,,good,available,Inventario oficial 2026-06-09; asignación: grupo_nuevo_firma_exacta
EQ-0768,40641656,,40641656,S/M,,,,good,available,Inventario oficial 2026-06-09; asignación: grupo_nuevo_firma_exacta
EQ-0768,40641657,,40641657,S/M,,,,good,available,Inventario oficial 2026-06-09; asignación: grupo_nuevo_firma_exacta
EQ-0768,40641658,,40641658,S/M,,,,good,available,Inventario oficial 2026-06-09; asignación: grupo_nuevo_firma_exacta
EQ-0768,40641659,,40641659,S/M,,,,good,available,Inventario oficial 2026-06-09; asignación: grupo_nuevo_firma_exacta
EQ-0768,40641660,,40641660,S/M,,,,good,available,Inventario oficial 2026-06-09; asignación: grupo_nuevo_firma_exacta
EQ-0768,40641661,,40641661,S/M,,,,good,available,Inventario oficial 2026-06-09; asignación: grupo_nuevo_firma_exacta
EQ-0768,40641662,,40641662,S/M,,,,good,available,Inventario oficial 2026-06-09; asignación: grupo_nuevo_firma_exacta
EQ-0768,40641663,,40641663,S/M,,,,good,available,Inventario oficial 2026-06-09; asignación: grupo_nuevo_firma_exacta
EQ-0768,40641664,,40641664,S/M,,,,good,available,Inventario oficial 2026-06-09; asignación: grupo_nuevo_firma_exacta
EQ-0768,40641665,,40641665,S/M,,,,good,available,Inventario oficial 2026-06-09; asignación: grupo_nuevo_firma_exacta
EQ-0768,40641666,,40641666,S/M,,,,good,available,Inventario oficial 2026-06-09; asignación: grupo_nuevo_firma_exacta
EQ-0769,40785251,,40785251,SDG810,SIGLENT,,,good,available,Inventario oficial 2026-06-09; asignación: grupo_nuevo_firma_exacta
EQ-0769,40785252,,40785252,SDG810,SIGLENT,,,good,available,Inventario oficial 2026-06-09; asignación: grupo_nuevo_firma_exacta
EQ-0769,40785253,,40785253,SDG810,SIGLENT,,,good,available,Inventario oficial 2026-06-09; asignación: grupo_nuevo_firma_exacta
EQ-0769,40785254,,40785254,SDG810,SIGLENT,,,good,available,Inventario oficial 2026-06-09; asignación: grupo_nuevo_firma_exacta
EQ-0770,40785255,,40785255,PV3300,MUST,,,good,available,Inventario oficial 2026-06-09; asignación: grupo_nuevo_firma_exacta
EQ-0771,40785256,,40785256,PV3300,MUST,,,good,available,Inventario oficial 2026-06-09; asignación: grupo_nuevo_firma_exacta
EQ-0772,40785257,,40785257,DS SERIES,RIGOL,,,good,available,Inventario oficial 2026-06-09; asignación: grupo_nuevo_firma_exacta
EQ-0773,40785258,,40785258,DS SERIES,RIGOL,,,good,available,Inventario oficial 2026-06-09; asignación: grupo_nuevo_firma_exacta
EQ-0774,40785259,,40785259,DS SERIES,RIGOL,,,good,available,Inventario oficial 2026-06-09; asignación: grupo_nuevo_firma_exacta
EQ-0775,40785260,,40785260,DS SERIES,RIGOL,,,good,available,Inventario oficial 2026-06-09; asignación: grupo_nuevo_firma_exacta
EQ-0776,40785261,,40785261,TP-3003D-3,TEKPOWER,,,good,available,Inventario oficial 2026-06-09; asignación: grupo_nuevo_firma_exacta
EQ-0777,40785262,,40785262,TP-3003D-3,TEKPOWER,,,good,available,Inventario oficial 2026-06-09; asignación: grupo_nuevo_firma_exacta
EQ-0778,40785263,,40785263,TP-3003D-3,TEKPOWER,,,good,available,Inventario oficial 2026-06-09; asignación: grupo_nuevo_firma_exacta
EQ-0779,40847702,,40847702,6000,POSI TECTOR,,,good,available,Inventario oficial 2026-06-09; asignación: grupo_nuevo_firma_exacta
EQ-0780,40847703,,40847703,MODEL 1954,AEMC,,,good,available,Inventario oficial 2026-06-09; asignación: grupo_nuevo_firma_exacta
EQ-0781,41125045,,41125045,DS-D5286A4-1V0S,SEELINKIN,,,good,available,Inventario oficial 2026-06-09; asignación: grupo_nuevo_firma_exacta
EQ-0782,41125112,,41125112,DS-D5286A4-1V0S,SEELINKIN,,,good,available,Inventario oficial 2026-06-09; asignación: grupo_nuevo_firma_exacta
EQ-0783,41125113,,41125113,DS-D5286A4-1V0S,SEELINKIN,,,good,available,Inventario oficial 2026-06-09; asignación: grupo_nuevo_firma_exacta
